time_s,numerical_x_m,analytic_x_m,absolute_error_m
0.0,1.0,1.0,0.0
0.02,0.9968093675925059,0.9968093675932586,7.526201883933936e-13
0.04,0.9872883462454785,0.9872883462486132,3.1347147100291295e-12
0.06,0.9715430343956737,0.9715430343988598,3.1861180360692742e-12
0.08,0.9497184405393903,0.949718440541958,2.567723811353062e-12
0.1,0.9219972798617863,0.9219972798663768,4.590550162220097e-12
0.12,0.8885985391745358,0.8885985391817012,7.16537940093076e-12
0.14,0.8497758209562946,0.8497758209632869,6.9922956313916984e-12
0.16,0.8058154786409009,0.8058154786500514,9.150569191263003e-12
0.18,0.7570345565599882,0.7570345565778779,1.7889689729599922e-11
0.2,0.7037785490439549,0.7037785490802713,3.631639433621103e-11
0.22,0.6464189942869337,0.6464189943362183,4.92845764199501e-11
0.24,0.5853509194441943,0.5853509194866843,4.249001150924414e-11
0.26,0.5209901543453929,0.5209901543706097,2.5216828625218568e-11
0.28,0.4537705319307173,0.45377053194416356,1.3446244118142658e-11
0.3,0.3841409940303983,0.3841409940396488,9.250489263479267e-12
0.32,0.31256262158007475,0.3125626215899494,9.87465664792353e-12
0.34,0.2395056087732315,0.2395056087886174,1.538591476446527e-11
0.36,0.16544620086072476,0.16544620087335032,1.2625567258339743e-11
0.38,0.09086361531469433,0.09086361531122196,3.472375165181063e-12
0.4,0.016236966131729577,0.016236966127921526,3.808051096676479e-12
0.42,-0.05795778902883682,-0.05795778903841144,9.574625814412485e-12
0.44,-0.13125085985631238,-0.13125085986348614,7.17376158476668e-12
0.46,-0.20318157333849277,-0.20318157335426126,1.5768497618751098e-11
0.48,-0.2733012445872406,-0.273301244592144,4.903411010559466e-12
0.5,-0.34117595047184757,-0.34117595047370264,1.855071651846174e-12
0.52,-0.4063891894634212,-0.4063891894660406,2.619404693149363e-12
0.54,-0.4685444112381869,-0.4685444112423306,4.143685394808472e-12
0.56,-0.527267400997925,-0.5272674010080786,1.0153544671709369e-11
0.58,-0.5822085043388617,-0.5822085043638132,2.4951485322333156e-11
0.6,-0.6330446796255901,-0.6330446796677941,4.22040180581007e-11
0.62,-0.6794813660068237,-0.6794813660553113,4.84875473105717e-11
0.64,-0.7212541564805777,-0.7212541565310457,5.0468074164200516e-11
0.66,-0.7581302668164173,-0.7581302668692778,5.2860493759965266e-11
0.68,-0.7899097923677709,-0.7899097924246421,5.6871174436423644e-11
0.7000000000000001,-0.8164267463031808,-0.8164267463645625,6.138167751856827e-11
0.72,-0.8375498742094042,-0.837549874274184,6.477984815234095e-11
0.74,-0.8531832414803265,-0.8531832415461621,6.583555922645701e-11
0.76,-0.8632665913750466,-0.8632665914415807,6.653411155355116e-11
0.78,-0.8677754731185395,-0.867775473185102,6.65624222406791e-11
0.8,-0.8667211408624146,-0.8667211409277197,6.530509466529111e-11
0.8200000000000001,-0.8601502258007536,-0.8601502258649206,6.416700504274786e-11
0.84,-0.8481441851609796,-0.8481441852274602,6.648059880376422e-11
0.86,-0.8308185331920738,-0.8308185332574214,6.534761620713425e-11
0.88,-0.8083218605730762,-0.808321860635087,6.201084090662334e-11
0.9,-0.7808346500640797,-0.7808346501241062,6.00265392947108e-11
0.92,-0.7485678973853749,-0.7485678974455335,6.01586558346412e-11
0.9400000000000001,-0.7117615475031838,-0.7117615475680753,6.489153658861824e-11
0.96,-0.6706827576305225,-0.6706827577052593,7.47367723263892e-11
0.98,-0.6256239992548241,-0.625623999333737,7.891287623351673e-11
1.0,-0.5769010124209946,-0.5769010124846197,6.362510518442832e-11
1.02,-0.5248506263652271,-0.5248506264062092,4.0982106597198253e-11
1.04,-0.46982846141226525,-0.46982846144705687,3.479161403419084e-11
1.06,-0.41220652762686055,-0.41220652765881005,3.1949498602301674e-11
1.08,-0.35237073613813386,-0.3523707361653578,2.7223945320287157e-11
1.1,-0.29071833976712824,-0.29071833978569883,1.857058951060253e-11
1.12,-0.22765531972236952,-0.22765531973053804,8.16852141483082e-12
1.1400000000000001,-0.16359373541256167,-0.16359373541569255,3.1308844405941727e-12
1.16,-0.0989490545464071,-0.09894905454817567,1.7685714004400666e-12
1.18,-0.034137480658490135,-0.03413748064347653,1.5013608412051127e-11
1.2,0.030426704953584467,0.030426704974131677,2.0547209766963448e-11
1.22,0.09433376982573821,0.09433376985112712,2.5388913194035467e-11
1.24,0.1571811092130879,0.15718110924734172,3.425382200106242e-11
1.26,0.21857576100480428,0.21857576104828122,4.3476944266984674e-11
1.28,0.27813684113583376,0.27813684117673226,4.089850680344398e-11
1.3,0.3354978845091725,0.3354978845516114,4.243888573896015e-11
1.32,0.39030907730217246,0.3903090773513259,4.915345908074187e-11
1.34,0.4422393670719404,0.4422393671338383,6.189793122501897e-11
1.36,0.4909784381625811,0.490978438240622,7.804090706997613e-11
1.3800000000000001,0.5362385407745376,0.536238540860524,8.598644019031099e-11
1.4000000000000001,0.5777561630570954,0.577756163145634,8.85386208793193e-11
1.42,0.6152935367574298,0.6152935368477225,9.029266223592458e-11
1.44,0.6486399679785535,0.6486399680732361,9.468259509759491e-11
1.46,0.6776129858287995,0.6776129859297554,1.0095591029823936e-10
1.48,0.7020593029421482,0.7020593030493687,1.0722045473698927e-10
1.5,0.7218555831041272,0.7218555832165612,1.1243395103832654e-10
1.52,0.7369090124762722,0.7369090125919291,1.1565692847881337e-10
1.54,0.7471576721836893,0.7471576722999796,1.1629031071436202e-10
1.56,0.7525707113156277,0.7525707114313352,1.1570755464873628e-10
1.58,0.7531483206742613,0.7531483207885437,1.1428236135202496e-10
1.6,0.748921508859367,0.748921508972324,1.1295697710522745e-10
1.62,0.7399516835442331,0.7399516836534253,1.0919221082872355e-10
1.6400000000000001,0.726330041987354,0.7263300420965371,1.0918310699992162e-10
1.6600000000000001,0.7081767760790315,0.7081767761892674,1.1023593149417366e-10
1.68,0.6856400982646328,0.6856400983738002,1.091674528552744e-10
1.7,0.658895095865692,0.6588950959744306,1.0873868472316417e-10
1.72,0.6281424223459688,0.6281424224541736,1.0820477847062193e-10
1.74,0.5936068350109268,0.5936068351117583,1.0083145429717888e-10
1.76,0.5555355895592087,0.5555355896408312,8.162248654741688e-11
1.78,0.5141967027401185,0.5141967028107104,7.059186568625364e-11
1.8,0.4698770952182326,0.4698770952878203,6.958766896048019e-11
1.82,0.42288062722277897,0.422880627294625,7.184602912602145e-11
1.84,0.37352604032652453,0.3735260403948206,6.829609100478251e-11
1.86,0.32214481913843956,0.3221448191965168,5.807720970807395e-11
1.8800000000000001,0.2690789871318328,0.2690789871766005,4.476768955541388e-11
1.9000000000000001,0.21467885111839233,0.21467885114748744,2.9095115205990396e-11
1.92,0.15930070910113842,0.15930070911059013,9.451717186692576e-12
1.94,0.10330453637585531,0.10330453636844356,7.41175176788289e-12
1.96,0.04705166481212066,0.047051664799295616,1.2825046580289268e-11
1.98,-0.009097529837865222,-0.009097529865391384,2.7526161905377933e-11
2.0,-0.06478591804103703,-0.06478591807751614,3.647911139825766e-11
2.02,-0.11966186934381862,-0.11966186938995382,4.613520676599592e-11
2.04,-0.17338145411196437,-0.17338145416225825,5.029388017163683e-11
2.06,-0.2256105803244765,-0.22561058038905155,6.457503975987322e-11
2.08,-0.27602705242068193,-0.2760270524971916,7.650968747441311e-11
2.1,-0.32432253946406686,-0.3243225395495698,8.550293806308673e-11
2.12,-0.37020444086949045,-0.37020444096088484,9.139439205441136e-11
2.14,-0.41339763847525585,-0.41339763856929274,9.403688938647292e-11
2.16,-0.453646124615041,-0.4536461247122232,9.718220672638722e-11
2.18,-0.4907144967129632,-0.49071449681917995,1.062167576115769e-10
2.2,-0.5243893098331182,-0.5243893099532053,1.200871624362776e-10
2.22,-0.5544802795669959,-0.5544802796995112,1.3251533204083898e-10
2.24,-0.5808213286676804,-0.5808213288081774,1.4049694740947416e-10
2.2600000000000002,-0.6032714718957608,-0.6032714720409388,1.451779807482012e-10
2.2800000000000002,-0.6217155345952463,-0.6217155347431323,1.478860367498669e-10
2.3000000000000003,-0.636064701603941,-0.6360647017537953,1.4985424012792237e-10
2.32,-0.6462568942210449,-0.6462568943725403,1.5149537180292327e-10
2.34,-0.6522569740626195,-0.6522569742141137,1.5149415055759619e-10
2.36,-0.6540567737436052,-0.6540567738932809,1.4967571626556264e-10
2.38,-0.651674955439529,-0.6516749555868082,1.4727918884460678e-10
2.4,-0.6451566994643285,-0.6451566996088453,1.4451673191473446e-10
2.42,-0.6345732260628963,-0.6345732262041182,1.4122181202225192e-10
2.44,-0.6200211546687172,-0.6200211548033587,1.3464152015529862e-10
2.46,-0.6016217058622031,-0.6016217059908943,1.2869116883251763e-10
2.48,-0.5795197522766325,-0.5795197523991618,1.225292090012431e-10
2.5,-0.5538827255469545,-0.5538827256631921,1.1623757512069233e-10
2.52,-0.5248993873220983,-0.5248993874343623,1.1226397589325643e-10
2.54,-0.49277847314809353,-0.4927784732617658,1.1367229379999344e-10
2.56,-0.4577472187819688,-0.45774721889663506,1.1466627647394034e-10
2.58,-0.4200497791535688,-0.4200497792561054,1.0253664584070066e-10
2.6,-0.3799455508147546,-0.3799455508933048,7.855016637137169e-11
2.62,-0.33770740929883164,-0.3377074093579746,5.914296830056287e-11
2.64,-0.29361987324531647,-0.293619873292573,4.7256532020867326e-11
2.66,-0.24797720745591414,-0.24797720749082655,3.491240629927006e-11
2.68,-0.20108147742536037,-0.20108147744700205,2.164168844132064e-11
2.7,-0.1532405681328773,-0.1532405681434497,1.0572404063324825e-11
2.72,-0.10476617995661895,-0.10476617996046995,3.851002849941665e-12
2.74,-0.05597181466224576,-0.055971814645939956,1.630580392930625e-11
2.7600000000000002,-0.007170764282465155,-0.007170764252646492,2.9818663163649894e-11
2.7800000000000002,0.041325884117108594,0.0413258841602096,4.310100887305879e-11
2.8000000000000003,0.08921121540642772,0.08921121545718064,5.075291575895591e-11
2.82,0.1361844125878026,0.13618441265545592,6.765332738467578e-11
2.84,0.18195263038754717,0.18195263046744437,7.989719996714939e-11
2.86,0.22623280450790356,0.22623280459377096,8.586739652649555e-11
2.88,0.2687533856011175,0.26875338569589735,9.477985063455208e-11
2.9,0.3092559874291498,0.3092559875370567,1.07906905633115e-10
2.92,0.347496939279202,0.34749693940264453,1.2344253397245097e-10
2.94,0.383248733458548,0.38324873359226086,1.337128741063509e-10
2.96,0.41630135937097423,0.4163013595104017,1.3942746956985275e-10
2.98,0.4464635165230138,0.44646351666639567,1.4338186193896263e-10
3.0,0.4735636995718976,0.4735636997211031,1.492055368146339e-10
3.02,0.49745114942591745,0.4974511495826588,1.5674134212773083e-10
3.04,0.5179966652863953,0.5179966654503346,1.6393930657443434e-10
3.06,0.5350932734586642,0.5350932736284393,1.6977508288107401e-10
3.08,0.5486567497009718,0.5486567498750409,1.7406909247341673e-10
3.1,0.5586259928308069,0.5586259930070341,1.762271439886831e-10
3.12,0.5649632482713965,0.5649632484474384,1.7604184776587317e-10
3.14,0.5676541811924463,0.5676541813666599,1.7421364351122293e-10
3.16,0.56670779985915,0.566707800030579,1.714289821208581e-10
3.18,0.5621562307500897,0.5621562309186493,1.685596107137144e-10
3.2,0.5540543479461341,0.5540543481087421,1.6260803814560632e-10
3.22,0.5424792601781893,0.5424792603364048,1.5821555177097935e-10
3.24,0.5275296598629586,0.5275296600188865,1.5592782620643675e-10
3.2600000000000002,0.5093250392314782,0.5093250393832798,1.518015713131149e-10
3.2800000000000002,0.4880047795032006,0.48800477964829964,1.4509904389115036e-10
3.3000000000000003,0.4637271198427071,0.4637271199756237,1.3291662215308975e-10
3.3200000000000003,0.4366680135078217,0.4366680136248589,1.170372132541786e-10
3.34,0.4070198793035179,0.40701987941177975,1.0826184393408766e-10
3.36,0.3749902570733159,0.3749902571786629,1.0534700889408555e-10
3.38,0.3408003764324325,0.34080037653487905,1.0244655124225233e-10
3.4,0.3046836485209593,0.304683648612229,9.126971400874595e-11
3.42,0.2668840909266902,0.26688409100032023,7.363004650429161e-11
3.44,0.22765469632444837,0.22765469638019642,5.574804506913722e-11
3.46,0.187255755617523,0.1872557556578444,4.032141287524382e-11
3.48,0.1459531465861709,0.14595314661171327,2.554237377161428e-11
3.5,0.10401659920310978,0.10401659920913622,6.026443233331236e-12
3.52,0.0617179488308332,0.061717948815257204,1.5575998824068904e-11
3.54,0.019329388541926833,0.019329388514683573,2.7243259731468683e-11
3.56,-0.022878268264731768,-0.022878268308724525,4.3992757353672474e-11
3.58,-0.06463730407900305,-0.06463730413389285,5.488980103773855e-11
3.6,-0.10568478134823572,-0.10568478142074426,7.25085408381787e-11
3.62,-0.1457641841017818,-0.14576418418054055,7.875874952212314e-11
3.64,-0.18462700675390004,-0.18462700684087824,8.697820241820864e-11
3.66,-0.2220342805591796,-0.22203428065663328,9.745368401148369e-11
3.68,-0.2577580282783668,-0.257758028386144,1.0777717607268755e-10
3.7,-0.29158263835612763,-0.29158263847573945,1.1961182044828433e-10
3.72,-0.32330615043588873,-0.3233061505715391,1.356503798177755e-10
3.74,-0.3527414446483019,-0.3527414448013112,1.5300927191930214e-10
3.7600000000000002,-0.3797173277734947,-0.37971732793674945,1.6325474305745047e-10
3.7800000000000002,-0.40407951008356047,-0.4040795102531662,1.6960571835866745e-10
3.8000000000000003,-0.4256914674694916,-0.4256914676446385,1.7514689698572283e-10
3.8200000000000003,-0.4444351841421565,-0.4444351843230004,1.8084389541428436e-10
3.84,-0.4602117720376321,-0.46021177222372284,1.8609075391751162e-10
3.86,-0.4729419638653844,-0.47294196405534544,1.8996104689250615e-10
3.88,-0.4825664775648548,-0.4825664777564439,1.9158907793581648e-10
3.9,-0.4890462507682733,-0.48904625095977955,1.9150625529817944e-10
3.92,-0.49236254471174173,-0.4923625449018239,1.9008217222449275e-10
3.94,-0.4925169178646451,-0.49251691805199926,1.8735418771953505e-10
3.96,-0.4895310703803707,-0.48953107056436074,1.8399004542146713e-10
3.98,-0.4834465612916819,-0.4834465614698655,1.7818357900267756e-10
4.0,-0.4743244011494245,-0.4743244013247098,1.752853417968936e-10
4.0200000000000005,-0.4622445236340642,-0.46224452380453734,1.7047313560780708e-10
4.04,-0.44730514031671487,-0.4473051404808295,1.6411461079002265e-10
4.0600000000000005,-0.42962198357174164,-0.4296219837299499,1.5820827981016805e-10
4.08,-0.40932744325022985,-0.4093274434028144,1.5258455610123178e-10
4.1,-0.38656960337694096,-0.38656960351987224,1.429312779244185e-10
4.12,-0.36151118572453583,-0.36151118584839953,1.2386369707684253e-10
4.14,-0.33432840765709476,-0.33432840776335165,1.062568921739171e-10
4.16,-0.3052097621897327,-0.3052097622862708,9.65380553274997e-11
4.18,-0.2743547285465358,-0.2743547286361413,8.960548969483284e-11
4.2,-0.2419724219294992,-0.24197242200912714,7.962794312810217e-11
4.22,-0.20828019156390404,-0.20828019162898773,6.508368843860524e-11
4.24,-0.173502176326866,-0.17350217637475068,4.788469620820024e-11
4.26,-0.13786782746715867,-0.13786782749587853,2.8719859823667093e-11
4.28,-0.10161040805944292,-0.10161040806666662,7.223693865299197e-12
4.3,-0.06496547892249763,-0.06496547891068818,1.180944231293779e-11
4.32,-0.028169380766306408,-0.028169380742438667,2.386774111684531e-11
4.34,0.008542277730636094,0.008542277772385877,4.174978245063965e-11
4.36,0.044936116389174045,0.04493611644397653,5.480248199685178e-11
4.38,0.0807824549739592,0.08078245504642972,7.24705295773731e-11
4.4,0.11585675058745408,0.1158567506669984,7.954431557877228e-11
4.42,0.1499409919087971,0.1499409920003063,9.150921687073321e-11
4.44,0.18282504190514598,0.18282504200977448,1.0462850030812376e-10
4.46,0.21430792065329277,0.21430792076902305,1.1573028646516548e-10
4.48,0.24419902061097545,0.24419902073611477,1.2513931557656122e-10
4.5,0.27231924706394967,0.2723192471996496,1.3569995127582501e-10
4.5200000000000005,0.29850207701446896,0.29850207716479693,1.5032797229252992e-10
4.54,0.32259453034898894,0.3225945305154431,1.6645418376981524e-10
4.5600000000000005,0.3444580477146138,0.3444580478920023,1.7738849278359226e-10
4.58,0.3639692701746951,0.36396927035884397,1.8414886282513976e-10
4.6000000000000005,0.38102071640692126,0.3810207165966421,1.897208501411285e-10
4.62,0.3955213538440955,0.39552135403862937,1.9453388899748347e-10
4.64,0.4073970608733188,0.40739706107142865,1.9810986184864987e-10
4.66,0.41659097793636407,0.4165909781360867,1.997226273253716e-10
4.68,0.4230637460885963,0.42306374628857113,1.999748144854152e-10
4.7,0.42679363230761297,0.4267936325066243,1.9901130743349427e-10
4.72,0.42777654156038386,0.42777654175680735,1.964234885853955e-10
4.74,0.42602591636419507,0.4260259165572296,1.930345328027272e-10
4.76,0.4215725252956223,0.42157252548322777,1.8760548670115895e-10
4.78,0.41446414257670355,0.4144641427607204,1.8401685730751183e-10
4.8,0.40476512159265277,0.4047651217707403,1.7808754471104749e-10
4.82,0.39255586577418305,0.3925558659445521,1.7036905219924847e-10
4.84,0.3779322009949425,0.37793220115781084,1.6286832993372968e-10
4.86,0.36100465417398636,0.3610046543305265,1.5654011420451752e-10
4.88,0.34189764335327694,0.34189764350366986,1.503929203394705e-10
4.9,0.3207485850507842,0.3207485851896143,1.3883011407145318e-10
4.92,0.29770692516143943,0.29770692527934206,1.179026321018739e-10
4.94,0.2729331001305841,0.27293310023141243,1.0082834567270993e-10
4.96,0.24659743557416203,0.24659743566388254,8.972050880018401e-11
4.98,0.21887898973844389,0.21887898981817389,7.973000037964084e-11
5.0,0.1899643495947856,0.18996434966173625,6.695066723239051e-11
5.0200000000000005,0.16004638759158812,0.16004638764241508,5.08269537569106e-11
5.04,0.12932298726863717,0.12932298730084266,3.220548827620462e-11
5.0600000000000005,0.09799574607490225,0.09799574608665716,1.1754916484640887e-11
5.08,0.06626866381701733,0.06626866380990529,7.112047062385329e-12
5.1000000000000005,0.03434682520923419,0.03434682518993739,1.9296800268797654e-11
5.12,0.002435084980152339,0.002435084941112335,3.904000430224319e-11
5.14,-0.02926323618807258,-0.029263236242171954,5.409937428590972e-11
5.16,-0.06054763649943231,-0.06054763656799993,6.85676168621363e-11
5.18,-0.09122169076194535,-0.09122169084491734,8.297199038942438e-11
5.2,-0.1210942730830097,-0.12109427317435267,9.13429748505834e-11
5.22,-0.149980736992866,-0.1499807370955903,1.0272430128743792e-10
5.24,-0.17770404585239358,-0.17770404596679695,1.144033756617091e-10
5.26,-0.20409584660841676,-0.2040958467344593,1.26042537518245e-10
5.28,-0.22899748051391133,-0.2289974806536179,1.397065796382435e-10
5.3,-0.2522609248131896,-0.2522609249692482,1.5605855496758636e-10
5.32,-0.2737496598825714,-0.273749660052189,1.6961759774503093e-10
5.34,-0.29333945682002827,-0.29333945699761527,1.7758700066039523e-10
5.36,-0.31091908105310184,-0.3109190812368344,1.8373258470205656e-10
5.38,-0.3263909080908121,-0.32639090828036393,1.8955181868562931e-10
5.4,-0.3396714481031126,-0.3396714482981913,1.9507867543566704e-10
5.42,-0.35069177664810935,-0.35069177684773534,1.9962598241107798e-10
5.44,-0.35939786947502006,-0.3593978696775393,2.0251922361325114e-10
5.46,-0.36575083995772534,-0.365750840160952,2.032266577245423e-10
5.48,-0.36972707834251944,-0.36972707854504056,2.02521110992393e-10
5.5,-0.371318292631196,-0.3713182928315968,2.0040080705996388e-10
5.5200000000000005,-0.37053145153862793,-0.3705314517353924,1.967644935874091e-10
5.54,-0.3673886305930329,-0.36738863078575196,1.9271906293027996e-10
5.5600000000000005,-0.3619267630609504,-0.36192676324719536,1.8624496389563205e-10
5.58,-0.35419729794787613,-0.35419729812953377,1.8165763338018337e-10
5.6000000000000005,-0.34426576795746033,-0.3442657681336744,1.7621404335699253e-10
5.62,-0.3322112707636595,-0.3322112709330266,1.6936707591952427e-10
5.64,-0.3181258675569924,-0.3181258677183533,1.6136086911089365e-10
5.66,-0.30211390328310395,-0.30211390343308303,1.4997908470704147e-10
5.68,-0.28429125346040185,-0.28429125359344587,1.3304402024516548e-10
5.7,-0.2647845029014927,-0.2647845030205863,1.1909362385154054e-10
5.72,-0.2437300620978464,-0.24373006220760243,1.0975603759177943e-10
5.74,-0.22127322729854887,-0.22127322740082536,1.0227649283045537e-10
5.76,-0.1975671906991689,-0.1975671907898577,9.068881756668645e-11
5.78,-0.17277200739870632,-0.1727720074729319,7.422557013470055e-11
5.8,-0.14705352603555052,-0.14705352609188568,5.633515876013462e-11
5.82,-0.12058229017389338,-0.12058229021308348,3.919009561315079e-11
5.84,-0.0935324176444125,-0.09353241766635752,2.194501524943604e-11
5.86,-0.06608046514089806,-0.06608046514274565,1.847591524217762e-12
5.88,-0.038404285411713576,-0.03840428539341149,1.830208901099084e-11
5.9,-0.010681884398826674,-0.010681884366580515,3.2246158868098895e-11
5.92,0.01690971438413515,0.016909714432862842,4.872769202024507e-11
5.94,0.04419559111176458,0.04419559117483513,6.307054878362806e-11
5.96,0.07100402940591918,0.07100402948361371,7.769453136408089e-11
5.98,0.0971675878154592,0.09716758790984463,9.438543002726618e-11
6.0,0.12252413636074931,0.12252413646891698,1.0816766926602384e-10
6.0200000000000005,0.1469178517690883,0.14691785188984569,1.2075737632066819e-10
6.04,0.17020016539364063,0.17020016552751682,1.3387618791327327e-10
6.0600000000000005,0.19223065809082301,0.192230658236302,1.454789899657527e-10
6.08,0.21287789672734522,0.2128778968819341,1.545888694831632e-10
6.1000000000000005,0.2320202074175344,0.23202020757877234,1.6123793966649203e-10
6.12,0.24954638100992785,0.24954638117803782,1.681099703887412e-10
6.140000000000001,0.26535630682000466,0.2653563069965963,1.7659163020766755e-10
6.16,0.2793615310768131,0.27936153126191904,1.8510593058351787e-10
6.18,0.2914857370621251,0.29148573725403204,1.9190693478776666e-10
6.2,0.3016651444492702,0.3016651446459542,1.9668400241812378e-10
6.22,0.30984882587716384,0.3098488260770716,1.9990775701472785e-10
6.24,0.3159989393337322,0.3159989395355133,2.017810918353291e-10
6.26,0.320090875470608,0.3200908756724074,2.0179941051523542e-10
6.28,0.32211331951931854,0.3221133197193899,2.0007134837740637e-10
6.3,0.3220682280305306,0.3220682282273689,1.9683832341854668e-10
6.32,0.31997072119341236,0.3199707213858933,1.9248092009149786e-10
6.34,0.31584889202673744,0.31584889221507406,1.8833662407402585e-10
6.36,0.30974353426138485,0.3097435344425632,1.811783501004527e-10
6.38,0.3017077912102379,0.3017077913833668,1.7312890010501292e-10
6.4,0.2918067284625544,0.29180672862712603,1.645716340981096e-10
6.42,0.2801168336477755,0.2801168338030196,1.5524409535672135e-10
6.44,0.2667254469879477,0.2667254471337367,1.4578899198980366e-10
6.46,0.2517301267664487,0.251730126904492,1.3804329901390133e-10
6.48,0.23523795422652266,0.2352379543582543,1.3173162560775609e-10
6.5,0.21736478276125984,0.21736478288209668,1.2083684053365573e-10
6.5200000000000005,0.19823443656821263,0.1982344366697176,1.0150497109506773e-10
6.54,0.17797786424885978,0.1779778643300259,8.116612937314471e-11
6.5600000000000005,0.156732253093379,0.15673225315956926,6.619027548282475e-11
6.58,0.13464010995489223,0.13464011000631876,5.1426529701359414e-11
6.6000000000000005,0.11184831478698455,0.11184831482268259,3.5698041744858244e-11
6.62,0.0885071531168609,0.08850715313599107,1.9130169670589225e-11
6.640000000000001,0.06476933375085628,0.06476933375434746,3.4911795676606516e-12
6.66,0.04078899808367141,0.04078899807454449,9.126921440838487e-12
6.68,0.016720727395119494,0.01672072736656772,2.8551775527185796e-11
6.7,-0.007281445579645129,-0.007281445623592252,4.394712285055169e-11
6.72,-0.031065014426598966,-0.031065014484144646,5.75456800266938e-11
6.74,-0.05447996012993835,-0.05447996020449742,7.455906725351014e-11
6.76,-0.07737968940887947,-0.07737968949367718,8.479771052005702e-11
6.78,-0.09962194443693874,-0.09962194453290803,9.596928807198424e-11
6.8,-0.12106967846076264,-0.12106967856886047,1.0809783623777491e-10
6.82,-0.1415918918924242,-0.14159189201195646,1.1953227296856994e-10
6.84,-0.1610644238630158,-0.16106442399407928,1.3106346563596105e-10
6.86,-0.17937069451563797,-0.1793706946601739,1.4453593877306048e-10
6.88,-0.19640239365694273,-0.19640239381607047,1.59127738763587e-10
6.9,-0.21206011175867404,-0.2120601119282326,1.695585616356965e-10
6.92,-0.22625390969066278,-0.22625390986722255,1.765597668068608e-10
6.94,-0.23890382402069532,-0.238903824203056,1.8236068211052725e-10
6.96,-0.249940305106452,-0.24994030529421543,1.877634436819875e-10
6.98,-0.2593045856677913,-0.2593045858602847,1.924934101005249e-10
7.0,-0.2669489779917554,-0.2669489781877654,1.9601004153102508e-10
7.0200000000000005,-0.2728370983889871,-0.2728370985868115,1.978243679978675e-10
7.04,-0.27694401799237084,-0.2769440181901817,1.9781087878811832e-10
7.0600000000000005,-0.2792563394652156,-0.27925633966171337,1.964977625057429e-10
7.08,-0.279772199663134,-0.27977219985694,1.9380602678253922e-10
7.1000000000000005,-0.2785011987602499,-0.27850119895012726,1.898773360764494e-10
7.12,-0.2754642568216578,-0.27546425700698174,1.8532392287440302e-10
7.140000000000001,-0.2706933992589369,-0.2706933994376997,1.7876283786577574e-10
7.16,-0.26423147303490296,-0.2642314732080181,1.7311513333950757e-10
7.18,-0.2561317959469389,-0.2561317961137796,1.668407079158385e-10
7.2,-0.24645774167571574,-0.24645774183461447,1.5889872750918244e-10
7.22,-0.23528226372380126,-0.235282263872177,1.4837572837045343e-10
7.24,-0.22268736171102424,-0.22268736184561674,1.3459250380876142e-10
7.26,-0.20876349383677845,-0.20876349395945948,1.2268103199986058e-10
7.28,-0.19360893966120749,-0.19360893977475477,1.1354728268742065e-10
7.3,-0.17732911759564982,-0.17732911770148477,1.058349519134083e-10
7.32,-0.16003586179310658,-0.16003586188710328,9.399669931298149e-11
7.34,-0.14184666332436188,-0.14184666340134347,7.698158777103004e-11
7.36,-0.12288388075110426,-0.12288388080982131,5.871704511495324e-11
7.38,-0.10327392534561232,-0.10327392538756407,4.195174763133025e-11
7.4,-0.08314642632059352,-0.08314642634751158,2.691806499921512e-11
7.42,-0.06263338153530264,-0.0626333815478991,1.2596465537306756e-11
7.44,-0.041868299200134296,-0.041868299195748096,4.386199736750029e-12
7.46,-0.020985336104898094,-0.020985336081522362,2.3375731905694863e-11
7.48,-0.00011843789995954947,-0.00011843786237978895,3.757976052467648e-11
7.5,0.020599513089184347,0.020599513141149575,5.19652272601423e-11
7.5200000000000005,0.0410375371894373,0.041037537257374204,6.793690610074066e-11
7.54,0.06106737854966721,0.061067378627540435,7.787322175989431e-11
7.5600000000000005,0.08056430302710536,0.08056430311826808,9.11627162647477e-11
7.58,0.0994078679590858,0.09940786806350459,1.0441879305655988e-10
7.6000000000000005,0.1174826590161511,0.11748265913210425,1.1595314985957117e-10
7.62,0.13467898973456927,0.13467898986032617,1.2575690488958458e-10
7.640000000000001,0.1508935595234372,0.1508935596585802,1.351430078955218e-10
7.66,0.16603006625012184,0.16603006639642437,1.4630252564984403e-10
7.68,0.17999976982826452,0.1799997699873175,1.590529929984541e-10
7.7,0.1927220035629524,0.19272200373257536,1.6962295457112475e-10
7.72,0.2041246303638171,0.2041246305402022,1.7638510096951165e-10
7.74,0.21414444132463112,0.21414444150632772,1.816966022083477e-10
7.76,0.2227274945462615,0.22272749473232037,1.8605886276112926e-10
7.78,0.22982939245754336,0.2298293926468646,1.8932125311899028e-10
7.8,0.23541549631553427,0.23541549650661767,1.9108339910367533e-10
7.82,0.23946107696762356,0.23946107715900172,1.913781633167133e-10
7.84,0.24195140137290577,0.24195140156348516,1.9057938560607113e-10
7.86,0.24288175479234944,0.24288175498077996,1.8843052118633352e-10
7.88,0.24225739896513424,0.24225739915005765,1.849234099182695e-10
7.9,0.24009346699921946,0.24009346717997618,1.8075671515127567e-10
7.92,0.23641479610267974,0.2364147962774668,1.7478707370344182e-10
7.94,0.23125569965652573,0.23125569982636285,1.6983711659257494e-10
7.96,0.22465968053990124,0.22465968070366746,1.6376622280489528e-10
7.98,0.21667908792568974,0.21667908808224035,1.5655060581210023e-10
8.0,0.2073747201645305,0.20737472031275062,1.482201028579766e-10
8.02,0.19681537666566634,0.19681537680280134,1.3713499780187988e-10
8.040000000000001,0.1850773619929229,0.18507736211528475,1.2236184288028085e-10
8.06,0.17224394567917933,0.1722439457894403,1.1026096702337895e-10
8.08,0.1584047815441787,0.15840478164514674,1.0096803948478339e-10
8.1,0.14365529047007763,0.14365529056227166,9.219403018789762e-11
8.120000000000001,0.1280960108512735,0.12809601093102468,7.975117788383557e-11
8.14,0.11183192108136743,0.1118319211452408,6.387337880831012e-11
8.16,0.09497173860987704,0.09497173865729995,4.742291281889521e-11
8.18,0.07762720019848303,0.07762720023043441,3.1951385981443536e-11
8.2,0.05991232809362332,0.059912328110663514,1.704019564341408e-11
8.22,0.04194268689597792,0.041942686896534444,5.565270466689753e-13
8.24,0.023834635927475673,0.023834635909831235,1.7644437994013273e-11
8.26,0.005704581895722146,0.0057045818646062766,3.111586942966538e-11
8.28,-0.01233176335811432,-0.01233176340437345,4.625913020694927e-11
8.3,-0.030160115398090326,-0.030160115459135255,6.10449295279647e-11
8.32,-0.047668335350720334,-0.047668335423138,7.241766908361313e-11
8.34,-0.0647471292352059,-0.0647471293187278,8.352189773130902e-11
8.36,-0.08129072415920552,-0.08129072425514186,9.593634220372849e-11
8.38,-0.09719751721606103,-0.09719751732340107,1.073400396345292e-10
8.4,-0.11237069314064047,-0.11237069325807078,1.1743031547162275e-10
8.42,-0.12671880702590393,-0.12671880715325293,1.2734899246247267e-10
8.44,-0.1401563286306196,-0.14015632876946002,1.3884041139000658e-10
8.46,-0.15260414508650152,-0.15260414523777058,1.5126905283935344e-10
8.48,-0.16399001909502747,-0.163990019255651,1.6062351448908885e-10
8.5,-0.17424900000644222,-0.17424900017341624,1.6697401794552036e-10
8.52,-0.1833237855170008,-0.18332378568916793,1.7216714165435576e-10
8.540000000000001,-0.19116503202458918,-0.19116503220126413,1.7667495244566567e-10
8.56,-0.19773161202827766,-0.19773161220858299,1.803053262250387e-10
8.58,-0.2029908173152357,-0.20299081749790565,1.826699624896122e-10
8.6,-0.20691850702887182,-0.20691850721229949,1.8342766194834326e-10
8.620000000000001,-0.20949920006925352,-0.20949920025221155,1.8295803760892682e-10
8.64,-0.2107261116384493,-0.2107261118197041,1.8125481671127375e-10
8.66,-0.2106011340952652,-0.21060113427364127,1.7837606391957195e-10
8.68,-0.2091347626429697,-0.20913476281736565,1.7439594213186638e-10
8.700000000000001,-0.20634596671864008,-0.20634596688828524,1.6964515903161725e-10
8.72,-0.20226200829549323,-0.2022620084586279,1.6313467243733726e-10
8.74,-0.1969182086300233,-0.19691820878630542,1.5628212612917025e-10
8.76,-0.190357665323461,-0.19035766547235947,1.4889847688159819e-10
8.78,-0.18263092184499083,-0.18263092198486125,1.3987042080110257e-10
8.8,-0.1737955919665829,-0.17379559209660367,1.3002077192680872e-10
8.82,-0.16391594183321773,-0.16391594195373593,1.205182065255883e-10
8.84,-0.1530624326302204,-0.15306243274302367,1.128032667274681e-10
8.86,-0.14131122705042845,-0.14131122715528413,1.0485567969453768e-10
8.88,-0.12874366295844047,-0.12874366305032656,9.188608207644222e-11
8.9,-0.11544569783888231,-0.115445697913368,7.448569538937022e-11
8.92,-0.10150732779505224,-0.10150732785327336,5.822112236764099e-11
8.94,-0.08702198498402382,-0.0870219850283649,4.4341086358201665e-11
8.96,-0.07208591746484766,-0.07208591749511623,3.0268565431867955e-11
8.98,-0.0567975555425439,-0.0567975555584694,1.5925503971114807e-11
9.0,-0.04125686875645307,-0.04125686875920831,2.755240480212251e-12
9.02,-0.02556471767375582,-0.02556471766391869,9.837127640244248e-12
9.040000000000001,-0.009822204652776785,-0.00982220462623476,2.6542025521880674e-11
9.06,0.005869972295200331,0.00586997233523239,4.003205839736568e-11
9.08,0.02141215839382098,0.021412158446533047,5.271206734991374e-11
9.1,0.0367063697889467,0.036706369855134986,6.618828402027432e-11
9.120000000000001,0.0516569060738224,0.05165690615383615,8.001374562915942e-11
9.14,0.0661709438646992,0.06617094395653453,9.183533100642904e-11
9.16,0.08015910777567171,0.08015910787859008,1.029183682721424e-10
9.18,0.09353601533024111,0.09353601544464585,1.1440473568491427e-10
9.200000000000001,0.1062207925130863,0.10622079263794332,1.2485701361697465e-10
9.22,0.11813755688238228,0.11813755701583453,1.3345224925132015e-10
9.24,0.1292158654048879,0.12921586554498288,1.4009499116340862e-10
9.26,0.13939112440866802,0.13939112455503155,1.4636353240504718e-10
9.28,0.1486049593162187,0.14860495946961877,1.534000704239702e-10
9.3,0.1568055420864459,0.1568055422467814,1.6033549488092547e-10
9.32,0.16394787457922758,0.16394787474516181,1.6593423857180767e-10
9.34,0.16999402635627733,0.16999402652615694,1.6987961037884247e-10
9.36,0.1749133257307715,0.17491332590321823,1.72446723567532e-10
9.38,0.1786825031821404,0.17868250335605063,1.7391021955859287e-10
9.4,0.1812857865632655,0.18128578673737927,1.741137789501579e-10
9.42,0.18271494783839337,0.1827149480113239,1.7293053100608802e-10
9.44,0.1829693014027937,0.18296930157320215,1.7040846511662266e-10
9.46,0.18205565434181187,0.1820556545088368,1.6702492167119942e-10
9.48,0.17998820929272985,0.17998820945518657,1.624567147473499e-10
9.5,0.17678842086347604,0.17678842102147266,1.5799661579052326e-10
9.52,0.17248480686750184,0.17248480701908417,1.5158233002132704e-10
9.540000000000001,0.1671127158832814,0.16711271602761502,1.4433362838239816e-10
9.56,0.16071405295487348,0.16071405309173256,1.368590796246849e-10
9.58,0.1533369654679277,0.15333696559754745,1.2961975937031411e-10
9.6,0.14503549149399542,0.14503549161627582,1.222804080214246e-10
9.620000000000001,0.13586917311365823,0.13586917322577322,1.1211498396335173e-10
9.64,0.1259026374286377,0.12590263752573988,9.710218740188736e-11
9.66,0.11520514816490304,0.11520514824880489,8.390184380591137e-11
9.68,0.10385013096294246,0.1038501310363105,7.336803387048008e-11
9.700000000000001,0.09191467553027935,0.09191467559342806,6.314870848456167e-11
9.72,0.0794790180112685,0.07947901806255787,5.1289375524454783e-11
9.74,0.06662600701826069,0.06662600705606748,3.7806799357831267e-11
9.76,0.05344055684553106,0.05344055686891462,2.338355897801847e-11
9.78,0.04000909144002638,0.040009091448140924,8.114543759152326e-12
9.8,0.02641898273693848,0.026418982729455528,7.482951758230882e-12
9.82,0.01275798698153853,0.012757986961168689,2.0369841230438723e-11
9.84,-0.0008863173432679,-0.0008863173774561341,3.418823416641986e-11
9.86,-0.014427086446151094,-0.014427086492353055,4.620196066007498e-11
9.88,-0.02777875945283967,-0.027778759512815644,5.997597557483303e-11
9.9,-0.040857594550079486,-0.040857594619653846,6.957436016197249e-11
9.92,-0.05358218965325113,-0.05358218973316943,7.991830114351117e-11
9.94,-0.06587398446254025,-0.06587398455303166,9.049140603512029e-11
9.96,-0.07765774078366196,-0.07765774088404731,1.0038535280809668e-10
9.98,-0.08886199823207512,-0.08886199834218048,1.1010535538868993e-10
10.0,-0.09941950259216215,-0.09941950271296866,1.2080651756729566e-10
10.02,-0.10926760429634896,-0.1092676044283242,1.3197523629493446e-10
10.040000000000001,-0.11834862469618185,-0.11834862483636063,1.401787852461922e-10
10.06,-0.1266101880147702,-0.12661018816084618,1.4607598464166927e-10
10.08,-0.1340055171296239,-0.13400551728064958,1.5102566419677999e-10
10.1,-0.14049369154796448,-0.14049369170354326,1.555787720874946e-10
10.120000000000001,-0.14603986620186446,-0.14603986636137367,1.595092113948482e-10
10.14,-0.15061544995067733,-0.15061545011314784,1.6247050926843087e-10
10.16,-0.15419824294317544,-0.15419824310739458,1.642191382877911e-10
10.18,-0.15677253225891294,-0.1567725324234467,1.6453374773739426e-10
10.200000000000001,-0.15832914551771307,-0.15832914568138257,1.636694946238748e-10
10.22,-0.15886546241876504,-0.1588654625804738,1.6170875749565994e-10
10.24,-0.15838538443566635,-0.15838538459442666,1.587603104535873e-10
10.26,-0.15689926316204467,-0.1568992633167541,1.5470943970363749e-10
10.28,-0.15442378805912255,-0.15442378820963013,1.5050757862233866e-10
10.3,-0.15098183461847767,-0.15098183476291405,1.4443637952332722e-10
10.32,-0.14660227417752403,-0.14660227431514963,1.3762560535646173e-10
10.34,-0.14131974689337531,-0.14131974702369995,1.3032463996864863e-10
10.36,-0.13517439957256647,-0.13517439969540151,1.228350476889517e-10
10.38,-0.1282115902849897,-0.12821159040079294,1.1580322811788335e-10
10.4,-0.1204815618841779,-0.12048156199289971,1.0872180933318987e-10
10.42,-0.11203908673609862,-0.11203908683451227,9.841365222751364e-11
10.44,-0.10294308512121006,-0.10294308520489708,8.36870156506464e-11
10.46,-0.09325621993568214,-0.09325622000688588,7.120373735070018e-11
10.48,-0.08304447046689795,-0.08304447052755803,6.066008806371315e-11
10.5,-0.0723766880693795,-0.07237668811945948,5.0079981828154985e-11
10.52,-0.061324136725749975,-0.06132413676399725,3.8247273403957394e-11
10.540000000000001,-0.04996002152853562,-0.049960021553726384,2.5190766139715492e-11
10.56,-0.038359008174234016,-0.03835900818547749,1.1243471431665597e-11
10.58,-0.026596736594415468,-0.026596736591380128,3.035339340984322e-12
10.6,-0.014749331865505293,-0.014749331849765597,1.5739696004879455e-11
10.620000000000001,-0.0028929155403502626,-0.002892915512728371,2.7621891753037975e-11
10.64,0.008896879498081076,0.00889687953802682,3.994574289400976e-11
10.66,0.020545387587727795,0.02054538764025847,5.253067425492475e-11
10.68,0.03197937923870892,0.03197937930238791,6.367898569559216e-11
10.700000000000001,0.04312751756405117,0.04312751763678393,7.273275731689566e-11
10.72,0.05392079937341965,0.05392079945579557,8.237592552529094e-11
10.74,0.06429297823715067,0.0642929783292043,9.205362860864597e-11
10.76,0.07418096693408323,0.07418096703608193,1.0199870115190635e-10
10.78,0.08352521688113512,0.08352521699382343,1.1268830313326816e-10
10.8,0.09227007228876324,0.09227007241118307,1.224198242777419e-10
10.82,0.10036409696014867,0.10036409708941388,1.2926520964740007e-10
10.84,0.10776037185022257,0.10776037198483142,1.3460885184279903e-10
10.86,0.1144167617064747,0.11441676184601512,1.3954042088482055e-10
10.88,0.12029614930374202,0.12029614944806762,1.4432559314325744e-10
10.9,0.12536663601501155,0.1253666361634731,1.4846154861025695e-10
10.92,0.1296017076811211,0.1296017078327072,1.5158610477961076e-10
10.94,0.1329803649727167,0.13298036512633765,1.5362094929471937e-10
10.96,0.13548721766802196,0.1354872178224878,1.544658290164591e-10
10.98,0.1371125425036361,0.137112542657648,1.540118865772655e-10
11.0,0.13785230449102456,0.13785230464344916,1.5242460071895891e-10
11.02,0.13770814182577257,0.1377081419756293,1.4985673812972777e-10
11.040000000000001,0.1366873147461897,0.13668731489257624,1.4638654177723254e-10
11.06,0.13480261892545672,0.1348026190680317,1.4257497960024068e-10
11.08,0.13207226420664325,0.1320722643443954,1.3775214302569339e-10
11.1,0.1285197196965063,0.12851971982818694,1.3168063861535018e-10
11.120000000000001,0.12417352645119079,0.12417352657629262,1.251018316716923e-10
11.14,0.1190670791809694,0.11906707929937003,1.1840063651735733e-10
11.16,0.11323837858418827,0.11323837869601962,1.1183134973613562e-10
11.18,0.10672975610254366,0.1067297562069579,1.0441424114215891e-10
11.200000000000001,0.09958757304780963,0.09958757314135766,9.354803043315485e-11
11.22,0.09186189619640857,0.09186189627687288,8.046431576591573e-11
11.24,0.08360615209917653,0.08360615216972017,7.054364037362149e-11
11.26,0.07487676246915786,0.0748767625308603,6.170243482817028e-11
11.28,0.06573276307603222,0.06573276312807676,5.204453534801701e-11
11.3,0.05623540872041414,0.05623540876111389,4.069974912646046e-11
11.32,0.046447766899117546,0.04644776692752826,2.8410711283566314e-11
11.34,0.03643430283440405,0.036434302850193695,1.5789647367370208e-11
11.36,0.02626045857069407,0.026260458573319413,2.6253443863311077e-12
11.38,0.0159922288632342,0.015992228852213554,1.1020646201176376e-11
11.4,0.005695736585521978,0.00569573656290293,2.2619048127558994e-11
11.42,-0.004563189624174067,-0.004563189658772354,3.459828690904887e-11
11.44,-0.014719432828039754,-0.01471943287260536,4.4565606413526915e-11
11.46,-0.0247089977024041,-0.024708997758515587,5.611148698458912e-11
11.48,-0.034469410384042214,-0.03446941045140574,6.736352448077909e-11
11.5,-0.0439401057328597,-0.043940105810387,7.752730402099672e-11
11.52,-0.053062799657105184,-0.05306279974419833,8.709314519572686e-11
11.540000000000001,-0.06178184423097657,-0.06178184432698348,9.600691075473122e-11
11.56,-0.07004456346074446,-0.07004456356450926,1.0376480230611662e-10
11.58,-0.07780156769955746,-0.0778015678096097,1.1005224509474942e-10
11.6,-0.08500704486017262,-0.08500704497605052,1.158779044940772e-10
11.620000000000001,-0.09161902673873265,-0.09161902686119273,1.2246008374017237e-10
11.64,-0.09759962892931562,-0.09759962905858503,1.2926941461710584e-10
11.66,-0.1029152629859312,-0.10291526312084523,1.3491402439669287e-10
11.68,-0.107536819680714,-0.1075368198196664,1.3895239125982783e-10
11.700000000000001,-0.11143982240058296,-0.11143982254227301,1.4169004858288758e-10
11.72,-0.11460454991753131,-0.11460455006088022,1.4334890219291907e-10
11.74,-0.11701612796826923,-0.11701612811239823,1.4412900040117194e-10
11.76,-0.11866458928437144,-0.11866458942844195,1.44070505525562e-10
11.78,-0.11954490191638836,-0.11954490205938374,1.429953794263028e-10
11.8,-0.11965696589852567,-0.11965696603938392,1.408582417372628e-10
11.82,-0.11900557850292987,-0.11900557864078244,1.3785257657605854e-10
11.84,-0.11760036853027592,-0.1176003686646501,1.3437417845096888e-10
11.86,-0.11545570027898328,-0.11545570040844484,1.2946156646709284e-10
11.88,-0.11259054801632472,-0.11259054814038884,1.2406412008836298e-10
11.9,-0.10902834197403218,-0.10902834209220502,1.1817284650827986e-10
11.92,-0.10479678704483189,-0.1047967871561291,1.1129720756120065e-10
11.94,-0.09992765553378076,-0.099927655637575,1.03794237094057e-10
11.96,-0.09445655547423315,-0.09445655557049662,9.626346941793429e-11
11.98,-0.08842267615776746,-0.0884226762474342,8.966674625021653e-11
12.0,-0.08186851266686491,-0.08186851274959667,8.27317520046833e-11
12.02,-0.07483957131116557,-0.07483957138338507,7.221949427371754e-11
12.040000000000001,-0.06738405797877692,-0.06738405803776379,5.898687094330057e-11
12.06,-0.0595525515234008,-0.059552551571304686,4.7903889188738447e-11
12.08,-0.05139766438036733,-0.051397664417997646,3.763031553027929e-11
12.1,-0.042973692639637545,-0.042973692666703756,2.7066210384063538e-11
12.120000000000001,-0.034336257904176985,-0.034336257920016315,1.5839329847722183e-11
12.14,-0.025541943269994323,-0.025541943274168435,4.174112444577105e-12
12.16,-0.016647925789478515,-0.01664792578227105,7.207463792457958e-12
12.18,-0.007711607785605547,-0.00771160776867467,1.693087770676671e-11
12.200000000000001,0.0012097506185621467,0.0012097506474700308,2.890788411598344e-11
12.22,0.010059395447471357,0.010059395485953688,3.848233016967573e-11
12.24,0.018781436952821952,0.018781437002411413,4.958946100974693e-11
12.26,0.027321199647988088,0.027321199707873504,5.988541607049314e-11
12.280000000000001,0.035625562069128036,0.03562556213803472,6.890668591275073e-11
12.3,0.04364328420244574,0.04364328428021129,7.776555094318738e-11
12.32,0.051325320572835814,0.05132532065964983,8.681401431065439e-11
12.34,0.05862511709757181,0.058625117192563705,9.499189629336158e-11
12.36,0.06549888992855997,0.06549889003034073,1.0178076437217243e-10
12.38,0.07190588463966906,0.07190588474687047,1.0720141441211695e-10
12.4,0.07780861424563196,0.0778086143580498,1.1241783892668167e-10
12.42,0.08317307469014712,0.08317307480829339,1.181462705446279e-10
12.44,0.087968936588631,0.08796893671225796,1.2362695589462902e-10
12.46,0.09216971217210636,0.0921697123000597,1.2795334236592737e-10
12.48,0.0957528965488451,0.09575289667982045,1.3097535556116924e-10
12.5,0.09870008256854886,0.09870008270145043,1.3290157863110608e-10
12.52,0.10099704874499738,0.10099704887894989,1.3395251574621625e-10
12.540000000000001,0.10263381986993618,0.10263382000413507,1.3419888811316838e-10
12.56,0.10360470012790075,0.10360470026137218,1.3347142835407055e-10
12.58,0.1039082786977688,0.10390827882954334,1.3177454960544566e-10
12.6,0.10354740800368886,0.10354740813291652,1.2922765635359212e-10
12.620000000000001,0.10252915494953589,0.10252915507576404,1.2622815293017453e-10
12.64,0.1008647256434297,0.10086472576535849,1.21928786511738e-10
12.66,0.09856936427627686,0.0985693643933297,1.170528396432502e-10
12.68,0.09566222699358401,0.09566222710526859,1.1168457825228018e-10
12.700000000000001,0.09216623173635129,0.09216623184191795,1.0556666651950763e-10
12.72,0.08810788518265741,0.08810788528139464,9.873722672804064e-11
12.74,0.08351708805802878,0.08351708814971796,9.168918402302495e-11
12.76,0.07842692021042456,0.07842692029571754,8.52929810113423e-11
12.780000000000001,0.0728734069662545,0.072873407045338,7.90835036346138e-11
12.8,0.06689526838870317,0.06689526845881731,7.011413671875744e-11
12.82,0.060533653153502225,0.06053365321152601,5.802378716390777e-11
12.84,0.053831858857383466,0.05383185890493082,4.7547354942167885e-11
12.86,0.046835040649472755,0.04683504068765721,3.818445559744532e-11
12.88,0.03958991009898261,0.03958991012765568,2.8673063923179143e-11
12.9,0.03214442630619975,0.0321444263246877,1.8487947284206996e-11
12.92,0.024547481279843075,0.024547481287521083,7.678007535316667e-12
12.94,0.016848581625610384,0.01684858162227819,3.3321956305343292e-12
12.96,0.009097528600742135,0.009097528587183157,1.3558978592675963e-11
12.98,0.0013440985875776714,0.0013440985646537649,2.2923906479663247e-11
13.0,-0.006362273981930655,-0.00636227401573305,3.380239491090897e-11
13.02,-0.013972809257995645,-0.013972809300033938,4.203829298554673e-11
13.040000000000001,-0.02143968816608629,-0.021439688217923383,5.183709364531275e-11
13.06,-0.028716350308966517,-0.028716350370229585,6.126306753562183e-11
13.08,-0.03575778168724638,-0.03575778175710434,6.985795969471909e-11
13.1,-0.04252079050824346,-0.04252079058582984,7.758638176369459e-11
13.120000000000001,-0.04896426940163253,-0.04896426948589837,8.426583736342863e-11
13.14,-0.055049442467419024,-0.055049442557616186,9.01971622391251e-11
13.16,-0.060740095691941366,-0.060740095788454095,9.651272836475044e-11
13.18,-0.06600278938419087,-0.06600278948787056,1.036796898334913e-10
13.200000000000001,-0.0708070514054457,-0.0708070515156405,1.101947977311113e-10
13.22,-0.07512555009521109,-0.07512555020991298,1.147018868774552e-10
13.24,-0.07893424594029606,-0.07893424605845899,1.1816292388999727e-10
13.26,-0.08221252117797291,-0.08221252129891443,1.2094152068709008e-10
13.280000000000001,-0.08494328665730955,-0.08494328678033694,1.23027393827968e-10
13.3,-0.08711306544383285,-0.08711306556811135,1.242785041544181e-10
13.32,-0.08871205280160903,-0.08871205292618875,1.2457972153878671e-10
13.34,-0.0897341523397164,-0.08973415246382226,1.2410585059630108e-10
13.36,-0.09017698826461731,-0.09017698838741776,1.2280045036394682e-10
13.38,-0.09004189383014605,-0.0900418939508347,1.206886535154439e-10
13.4,-0.08933387623069584,-0.08933387634850581,1.1780997011268113e-10
13.42,-0.08806155832957374,-0.08806155844413686,1.1456312287716486e-10
13.44,-0.08623709776184212,-0.08623709787256915,1.107270386491166e-10
13.46,-0.08387608408678623,-0.08387608419274697,1.0596074018209833e-10
13.48,-0.08099741480401002,-0.08099741490476306,1.0075304479606473e-10
13.5,-0.07762315117746944,-0.0776231512728296,9.536015033173584e-11
13.52,-0.07377835492842652,-0.07377835501798537,8.955884645001078e-11
13.540000000000001,-0.06949090697658085,-0.06949090705863378,8.205293389185186e-11
13.56,-0.0647913095106395,-0.06479130958298635,7.234685073242986e-11
13.58,-0.05971247277014152,-0.05971247283449838,6.435686011885267e-11
13.6,-0.05428948802129232,-0.05428948807892395,5.763162863603455e-11
13.620000000000001,-0.04855938824876175,-0.04855938829913834,5.03765917869714e-11
13.64,-0.04256089818999619,-0.04256089823101596,4.101977091330866e-11
13.66,-0.03633417537952657,-0.036334175409999434,3.047286034618679e-11
13.68,-0.029920543923202238,-0.02992054394332948,2.012724362177032e-11
13.700000000000001,-0.02336222274655106,-0.023362222756948443,1.0397384342386573e-11
13.72,-0.016702050087613083,-0.016702050088772843,1.1597597882051502e-12
13.74,-0.009983206019490818,-0.009983206011228945,8.261873823967036e-12
13.76,-0.0032489347845260316,-0.0032489347657325444,1.8793487165796874e-11
13.780000000000001,0.003457731291737298,0.0034577313198053804,2.8068082580379183e-11
13.8,0.010094244545435704,0.010094244582165282,3.672957771261309e-11
13.82,0.016618809682048746,0.016618809728186777,4.613803089581481e-11
13.84,0.022990644769604954,0.02299064482425774,5.465278576921584e-11
13.86,0.029170233892031897,0.02917023395466718,6.263528237737681e-11
13.88,0.0351195699279283,0.03511956999824061,7.031231152865303e-11
13.9,0.04080238596941159,0.04080238604678357,7.737198381985166e-11
13.92,0.046184373988464984,0.04618437407185413,8.338914281313947e-11
13.94,0.05123338944927369,0.0512333895376387,8.836500975384354e-11
13.96,0.055919640663275705,0.055919640756640264,9.336455913944164e-11
13.98,0.06021586179174696,0.060215861890750344,9.900338188151281e-11
14.0,0.06409746850802765,0.06409746861239982,1.0437216368952562e-10
14.02,0.06754269544959768,0.06754269555805457,1.084568962417265e-10
14.040000000000001,0.07053271471728434,0.07053271482861304,1.1132869626173658e-10
14.06,0.07305173480400087,0.07305173491739336,1.1339248984221229e-10
14.08,0.07508707946094434,0.07508707957560719,1.1466284866035181e-10
14.1,0.07662924614143402,0.07662924625658281,1.1514879327823024e-10
14.120000000000001,0.07767194379777785,0.0776719439127483,1.1497044982711202e-10
14.14,0.07821210993858484,0.07821211005259447,1.140096350660258e-10
14.16,0.07824990698543088,0.07824990709769675,1.1226586327239829e-10
14.18,0.07778869810165938,0.0777886982115176,1.0985821974340837e-10
14.200000000000001,0.076835002794387,0.07683500290132085,1.0693385066318228e-10
14.22,0.07539843271774076,0.07539843282128464,1.0354388180200402e-10
14.24,0.07349160822879565,0.07349160832801795,9.922229704528718e-11
14.26,0.07113005636398594,0.07113005645840983,9.442389925506944e-11
14.280000000000001,0.0683320910239246,0.06833209111333888,8.941428153441677e-11
14.3,0.0651186762542753,0.06511867633856469,8.42893949082324e-11
14.32,0.06151327361711114,0.06151327369545822,7.834707882459213e-11
14.34,0.05754167473840072,0.057541674808514125,7.011340813489753e-11
14.36,0.053231820201691024,0.053231820263265874,6.157484938595914e-11
14.38,0.04861360605201129,0.04861360610680262,5.47913311943482e-11
14.4,0.04371867922461617,0.043718679273122014,4.85058451737963e-11
14.42,0.03858022327598007,0.03858022331664794,4.066787184786591e-11
14.44,0.03323273585793504,0.033232735889103415,3.116837343775103e-11
14.46,0.027711799415845638,0.027711799437243737,2.1398098570823976e-11
14.48,0.02205384661943622,0.02205384663157368,1.2137461175010245e-11
14.5,0.01629592205549964,0.01629592205890874,3.409099391671333e-12
14.52,0.01047544172948835,0.010475441724473948,5.0144020879994144e-12
14.540000000000001,0.004629951926111828,0.004629951912088357,1.4023470752688727e-11
14.56,-0.0012031110323796317,-0.0012031110560242273,2.3644595613034336e-11
14.58,-0.006986658603926469,-0.006986658635054385,3.112791534948256e-11
14.6,-0.012684183911453812,-0.012684183950702475,3.924866334714672e-11
14.620000000000001,-0.018259990259429416,-0.018259990306948394,4.751897833554786e-11
14.64,-0.023679412835553616,-0.023679412890707387,5.515377043963099e-11
14.66,-0.028909032247050517,-0.02890903230912567,6.207515404477171e-11
14.68,-0.03391687858893333,-0.03391687865709526,6.816192749115046e-11
14.700000000000001,-0.038672624808689944,-0.03867262488228588,7.359593490186e-11
14.72,-0.043147768212768625,-0.04314776829203502,7.926639206123909e-11
14.74,-0.047315799044597665,-0.04731579913032028,8.572261650519053e-11
14.76,-0.0511523551515208,-0.05115235524312165,9.160085190362821e-11
14.780000000000001,-0.05463536185058756,-0.054635361946206995,9.561943598024314e-11
14.8,-0.057745156211229005,-0.05774515631003234,9.880333357026316e-11
14.82,-0.06046459507990495,-0.06046459518141406,1.0150911361472836e-10
14.84,-0.0627791462664144,-0.06277914637014759,1.0373318870549042e-10
14.86,-0.06467696243483914,-0.06467696254017305,1.0533390826239497e-10
14.88,-0.06614893735221282,-0.06614893745840698,1.0619416457302577e-10
14.9,-0.06718874426307228,-0.06718874436930174,1.0622945578742105e-10
14.92,-0.06779285627323046,-0.0677928563787829,1.0555244178700462e-10
14.94,-0.06796054874254667,-0.06796054884670898,1.0416230378229585e-10
14.96,-0.0676938837995753,-0.0676938839016807,1.0210539358457282e-10
14.98,-0.06699767720562147,-0.06699767730515288,9.953141089091844e-11
15.0,-0.06587944790653207,-0.06587944800267209,9.614002649538378e-11
15.02,-0.06434935071551923,-0.0643493508079869,9.246767240789211e-11
15.040000000000001,-0.06242009268168808,-0.06242009277008302,8.839494414214499e-11
15.06,-0.06010683378972241,-0.06010683387324973,8.352731700744798e-11
15.08,-0.057427072737728485,-0.05742707281547139,7.774290239348502e-11
15.1,-0.054400518628342616,-0.05440051870020174,7.185912281881812e-11
15.120000000000001,-0.05104894949399401,-0.05104894956036732,6.637330962622201e-11
15.14,-0.04739605864941484,-0.04739605871077959,6.136475355633664e-11
15.16,-0.04346728994096975,-0.043467289995566046,5.459629276449718e-11
15.18,-0.03928966301516282,-0.03928966306036238,4.519955937309916e-11
15.200000000000001,-0.03489158979748663,-0.03489158983447323,3.6986594342813817e-11
15.22,-0.030302683425979082,-0.0303026834557384,2.975931653881325e-11
15.24,-0.025553560887696895,-0.025553560910154594,2.2457698894973177e-11
15.26,-0.020675640674668358,-0.020675640689251127,1.4582769020110575e-11
15.280000000000001,-0.01570093678439101,-0.015700936790610277,6.219268156026914e-12
15.3,-0.010661850403194206,-0.010661850400733593,2.460613310328874e-12
15.32,-0.005590960615824882,-0.005590960604607523,1.1217359506543456e-11
15.34,-0.0005208154821452138,-0.0005208154628966926,1.9248521179737743e-11
15.36,0.004516275187914034,0.004516275214288224,2.6374189290856442e-11
15.38,0.009488444053945286,0.009488444088430444,3.448515778492478e-11
15.4,0.014364466186327352,0.014364466228395052,4.206770001791149e-11
15.42,0.01911395346825871,0.019113953517394096,4.913538673156914e-11
15.44,0.02370754227588779,0.023707542331712263,5.5824473516041806e-11
15.46,0.028117073281291063,0.028117073343276983,6.198591986916746e-11
15.48,0.03231576228929972,0.03231576235658033,6.72806116375213e-11
15.5,0.036278361083607075,0.03627836115543131,7.182423406026928e-11
15.52,0.03998130732943783,0.039981307406025964,7.658813166999678e-11
15.540000000000001,0.04340286265740219,0.04340286273942888,8.202669099510729e-11
15.56,0.046523238131212716,0.046523238218180045,8.696732917146122e-11
15.58,0.04932470638746931,0.04932470647786382,9.039451132064613e-11
15.6,0.05179169983144291,0.05179169992448283,9.303991604925343e-11
15.620000000000001,0.053910894366653604,0.053910894461806726,9.515312149321886e-11
15.64,0.05567127822213438,0.055671278318858056,9.672367767832313e-11
15.66,0.05706420554809473,0.05706420564574926,9.765453029553228e-11
15.68,0.058083434547685144,0.05808343464554588,9.78607334056747e-11
15.700000000000001,0.058725150012625495,0.05872515011005874,9.743324203004278e-11
15.72,0.05898797023148206,0.05898797032781878,9.633671638198393e-11
15.74,0.05887293833769832,0.05887293843232306,9.462473860022413e-11
15.76,0.05838349826483671,0.058383498357320714,9.248400656414191e-11
15.780000000000001,0.057525455573316855,0.05752545566282379,8.950693658471565e-11
15.8,0.0563069235038933,0.05630692359006157,8.616827390506288e-11
15.82,0.05473825471262983,0.05473825479517223,8.254239652893958e-11
15.84,0.0528319592212188,0.052831959299479675,7.826087694562389e-11
15.860000000000001,0.05060260920502394,0.05060260927819107,7.316712513638635e-11
15.88,0.048066731320960766,0.04806673138878052,6.781975675496099e-11
15.9,0.04524268735200711,0.0452426874147042,6.269709057482586e-11
15.92,0.04215054401091121,0.04215054406901195,5.81007394973021e-11
15.94,0.03881193281319227,0.038811932865438825,5.224655430513536e-11
15.96,0.03524990097757912,0.03524990102136544,4.378631485169038e-11
15.98,0.03148875437104478,0.03148875440727306,3.622828426141922e-11
16.0,0.027553893570936322,0.027553893600728505,2.979218260978911e-11
16.02,0.02347164411598883,0.02347164413930284,2.3314010444419608e-11
16.04,0.019269082079774975,0.019269082095939347,1.616437192430986e-11
16.06,0.014973856113516471,0.014973856122045494,8.52902297399094e-12
16.080000000000002,0.010614007117168098,0.010614007117877746,7.096476184464962e-13
16.1,0.006217786703873691,0.00621778669659735,7.276341855433355e-12
16.12,0.001813475623040132,0.0018134756076802182,1.535991386164559e-11
16.14,-0.002570796700115918,-0.002570796722712899,2.2596980710221093e-11
16.16,-0.0069072303634418976,-0.006907230392250525,2.8808627358656302e-11
16.18,-0.011168529808667864,-0.011168529844250012,3.5582148338875186e-11
16.2,-0.015328074178659995,-0.015328074220795615,4.213561964616641e-11
16.22,-0.019360082145306646,-0.019360082193449,4.8142354686087074e-11
16.240000000000002,-0.023239770206970243,-0.023239770260603938,5.363369470767765e-11
16.26,-0.026943503490357637,-0.026943503549426012,5.906837519109587e-11
16.28,-0.03044893814993441,-0.03044893821500653,6.507212130246742e-11
16.3,-0.033735154518508836,-0.03373515458940623,7.089739212373658e-11
16.32,-0.036782780223339306,-0.03678278029831047,7.497116122356928e-11
16.34,-0.03957410255440278,-0.03957410263258001,7.817722857961229e-11
16.36,-0.04209316945437616,-0.04209316953556267,8.118650890454049e-11
16.38,-0.044325878560108195,-0.04432587864418732,8.40791256062623e-11
16.4,-0.046260053815523845,-0.04626005390203004,8.650619803818316e-11
16.42,-0.04788550925694495,-0.04788550934521071,8.826575581544205e-11
16.44,-0.04919409965722878,-0.049194099746595936,8.936715256702144e-11
16.46,-0.050179757799946496,-0.05017975788980605,8.98595503562305e-11
16.48,-0.050838518241655244,-0.05083851833136978,8.971453441253274e-11
16.5,-0.051168527507574425,-0.05116852759651659,8.894216613208883e-11
16.52,-0.051170040753428264,-0.051170040840947256,8.751899205350355e-11
16.54,-0.05084540501136927,-0.050845405096955294,8.558602437869212e-11
16.56,-0.05019902922368773,-0.05019902930692701,8.323928352149679e-11
16.580000000000002,-0.04923734134942718,-0.04923734143000464,8.057746136991284e-11
16.6,-0.04796873291075467,-0.047968732988038255,7.728358231151589e-11
16.62,-0.046403491420768946,-0.04640349149437841,7.360946574497262e-11
16.64,-0.044553721213432804,-0.04455372128311664,6.968383509109444e-11
16.66,-0.04243325326132178,-0.042433253326591515,6.52697340619568e-11
16.68,-0.040057544635374094,-0.04005754469494989,5.957579568560689e-11
16.7,-0.03744356831956215,-0.03744356837287825,5.3316101533695814e-11
16.72,-0.03460969415675129,-0.03460969420494928,4.8197994206855554e-11
16.740000000000002,-0.03157556174842249,-0.031575561792035696,4.36132033265757e-11
16.76,-0.028361946169310797,-0.028361946206648635,3.733783768278265e-11
16.78,-0.024990617405368214,-0.024990617434588806,2.922059122445475e-11
16.8,-0.021484194461732792,-0.02148419448379515,2.2062358884245015e-11
16.82,-0.017865995112970486,-0.017865995128491515,1.552102890656215e-11
16.84,-0.01415988226871416,-0.014159882277629618,8.915456914393438e-12
16.86,-0.010390107968993109,-0.01039010797102172,2.028611653659418e-12
16.88,-0.006581156019579482,-0.006581156014500114,5.079367482174746e-12
16.9,-0.002757584279003495,-0.0027575842668462734,1.2157221843805965e-11
16.92,0.0010561323951494303,0.001056132413809613,1.8660182773966305e-11
16.94,0.004835757543341514,0.004835757567846711,2.4505197350477292e-11
16.96,0.008557445866870813,0.008557445897711758,3.0840944381660407e-11
16.98,0.012197892405453504,0.012197892442406719,3.695321479368907e-11
17.0,0.015734477195315014,0.015734477237883713,4.256869856611445e-11
17.02,0.019145404526022525,0.019145404573718362,4.7695836863370644e-11
17.04,0.022409835944541337,0.022409835997260746,5.271940869966407e-11
17.06,0.025508016204139852,0.025508016262403444,5.826359186777985e-11
17.080000000000002,0.028421391407055574,0.028421391470834282,6.377870800933216e-11
17.1,0.031132718641136876,0.03113271870879635,6.765947524467464e-11
17.12,0.03362616647090172,0.0336261665415928,7.06910779912917e-11
17.14,0.03588740571731588,0.035887405790900655,7.358477716046252e-11
17.16,0.037903690009584684,0.03790369008603444,7.644975624776507e-11
17.18,0.039663925670223706,0.0396639257491168,7.889309344699669e-11
17.2,0.04115873056457617,0.04115873064525541,8.067924106569535e-11
17.22,0.04238048161998446,0.042380481701804744,8.182028665704166e-11
17.240000000000002,0.0433233507927353,0.04332335087513276,8.239746385196867e-11
17.26,0.04398332933609921,0.04398332941853241,8.243319915557379e-11
17.28,0.04435824029865122,0.04435824038053562,8.188439509781986e-11
17.3,0.04444773925762151,0.0444477393384034,8.078189506210975e-11
17.32,0.04425330336730081,0.04425330344652242,7.922160843998327e-11
17.34,0.04377820887630157,0.043778208953338824,7.703725157792718e-11
17.36,0.04302749733834353,0.04302749741285583,7.45122991085978e-11
17.38,0.04200793081537783,0.04200793088715755,7.177972105587571e-11
17.400000000000002,0.04072793643590019,0.04072793650446,6.855981060649441e-11
17.42,0.03919754073766135,0.03919754080242132,6.475996822130625e-11
17.44,0.03742829428827822,0.037428294348460636,6.018241460736817e-11
17.46,0.03543318713188643,0.035433187187284755,5.5398324816380295e-11
17.48,0.03322655566931223,0.03322655572033148,5.101925132366958e-11
17.5,0.030823981625054227,0.030823981672114073,4.7059845603714123e-11
17.52,0.02824218380260403,0.02824218384418579,4.1581762338926964e-11
17.54,0.02549890336415936,0.02549890339838574,3.4226382145119416e-11
17.56,0.022612783418505637,0.022612783446948344,2.844270652335723e-11
17.580000000000002,0.019603243734496095,0.019603243757765565,2.3269469684450428e-11
17.6,0.01649035139078683,0.016490351408429933,1.764310225693677e-11
17.62,0.01329468823125213,0.013294688242515854,1.1263724328247626e-11
17.64,0.010037215991212853,0.01003721599583358,4.620725677084714e-12
17.66,0.006739139970892,0.006739139968997107,1.8948930965989597e-12
17.68,0.0034217721339000434,0.0034217721256368347,8.2632086936818e-12
17.7,0.00010639450768596466,0.00010639449293599828,1.474996638500467e-11
17.72,-0.0031858762457669778,-0.0031858762670454862,2.127850846911361e-11
17.740000000000002,-0.006434222233184027,-0.0064342222604895985,2.7305571866087508e-11
17.76,-0.009618254870657292,-0.00961825490364928,3.299198761408384e-11
17.78,-0.01271814175348299,-0.012718141791900589,3.841759896316965e-11
17.8,-0.015714729070270675,-0.015714729113740965,4.347028986773083e-11
17.82,-0.018589658813598867,-0.018589658861483737,4.788486968054784e-11
17.84,-0.021325480077199307,-0.021325480128918904,5.171959735483789e-11
17.86,-0.023905753773198368,-0.0239057538289932,5.5794830561284314e-11
17.88,-0.026315150150735562,-0.026315150211284655,6.054909351682625e-11
17.900000000000002,-0.028539538544834472,-0.02853953860939098,6.455650597425588e-11
17.92,-0.03056606883461513,-0.030566068901951505,6.733637605838005e-11
17.94,-0.0323832441579362,-0.03238324422756355,6.962735249471663e-11
17.96,-0.033980984481177694,-0.0339809845528677,7.16900080965921e-11
17.98,-0.03535068068085084,-0.03535068075427284,7.342199764837076e-11
18.0,-0.03648523886199568,-0.036485238936678405,7.468272528177167e-11
18.02,-0.03737911470133908,-0.03737911477676504,7.542595714671307e-11
18.04,-0.03802833766789438,-0.03802833774352794,7.563356191342407e-11
18.06,-0.0384305250390187,-0.03843052511430248,7.528377921062201e-11
18.080000000000002,-0.03858488569572746,-0.03858488577015813,7.443066996071224e-11
18.1,-0.0384922137466829,-0.03849221381979447,7.311157235179166e-11
18.12,-0.0381548720942782,-0.03815487216554997,7.127176626653409e-11
18.14,-0.03757676611934925,-0.03757676618842401,6.907475980089117e-11
18.16,-0.03676330772403288,-0.03676330779072148,6.668860602632165e-11
18.18,-0.03572137003080948,-0.035721370094673924,6.386444151296189e-11
18.2,-0.03445923309222638,-0.03445923315280628,6.05799022057596e-11
18.22,-0.03298652102390181,-0.032986521080553284,5.665147517763813e-11
18.240000000000002,-0.031314131021258414,-0.03131413107335579,5.209737502509526e-11
18.26,-0.029454154770996027,-0.029454154818878468,4.788244106768147e-11
18.28,-0.02741979281558303,-0.02741979285979093,4.420790122861007e-11
18.3,-0.025225262463630257,-0.02522526250351086,3.9880602292763356e-11
18.32,-0.022885699878796684,-0.02288569991214716,3.335047515928835e-11
18.34,-0.02041705701078514,-0.02041705703843827,2.7653129786031627e-11
18.36,-0.017835994078580688,-0.017835994101551383,2.297069479073599e-11
18.38,-0.01515976830205796,-0.015159768320058198,1.800023671783002e-11
18.400000000000002,-0.012406119626010154,-0.012406119638111758,1.2101604440761804e-11
18.42,-0.009593154188933483,-0.009593154194733059,5.799576097142989e-12
18.44,-0.0067392262954513935,-0.006739226295120481,3.3091238083038377e-13
18.46,-0.0038628196531379946,-0.003862819646998176,6.139818688188914e-12
18.48,-0.0009824286359325775,-0.0009824286242299486,1.1702628883308863e-11
18.5,0.0018835596684693907,0.0018835596857170677,1.724767702791785e-11
18.52,0.0047169818815770564,0.004716981904298287,2.2721230279187932e-11
18.54,0.0075000124953877164,0.007500012523351285,2.7963568960398533e-11
18.56,0.01021527506128222,0.010215275094089222,3.28070019067761e-11
18.580000000000002,0.012845949719006263,0.012845949756277553,3.7271290220797226e-11
18.6,0.015375876406794053,0.015375876448497779,4.1703725542352466e-11
18.62,0.017789653126033995,0.017789653172667244,4.663324934539581e-11
18.64,0.020072728670667343,0.02007272872198682,5.131947644620993e-11
18.66,0.022211489266405773,0.022211489321031643,5.462586979976258e-11
18.68,0.024193338612143744,0.02419333866944637,5.730262792047469e-11
18.7,0.026006770866255483,0.026006770926401468,6.014598541437266e-11
18.72,0.027641436158201596,0.027641436221279642,6.307804625849123e-11
18.740000000000002,0.029088198261174317,0.029088198326670554,6.549623690621509e-11
18.76,0.03033918411511051,0.03033918418231568,6.720517198299802e-11
18.78,0.031387824944455106,0.03138782501282303,6.836792243447576e-11
18.8,0.032228888768320474,0.0322288888373855,6.906502453274399e-11
18.82,0.03285850415676026,0.03285850422605737,6.929710971714798e-11
18.84,0.03327417514486538,0.03327417521397257,6.910719219099803e-11
18.86,0.03347478727343367,0.033474787341881425,6.844775440884021e-11
18.88,0.03346060478078709,0.033460604848167055,6.737996272043745e-11
18.900000000000002,0.03323325902789398,0.033233259093718985,6.582500516882916e-11
18.92,0.032795728292247736,0.03279572835633618,6.408844288596782e-11
18.94,0.03215230912351692,0.03215230918535802,6.184109474505206e-11
18.96,0.03130857950043842,0.03130857955964597,5.920754858612653e-11
18.98,0.030271354086204395,0.030271354142537756,5.6333361586613506e-11
19.0,0.029048631922355114,0.029048631975657418,5.3302303543167895e-11
19.02,0.02764953694927123,0.02764953699920677,4.99355383432043e-11
19.04,0.02608425178376102,0.026084251829302397,4.554137622569954e-11
19.06,0.024363945222050872,0.024363945262810906,4.0760034236697607e-11
19.080000000000002,0.022500693979783548,0.022500694016738217,3.695466849196194e-11
19.1,0.02050739920902313,0.020507399242339904,3.3316772951597073e-11
19.12,0.018397698355826476,0.018397698383541612,2.7715135741956942e-11
19.14,0.01618587295309517,0.01618587297485692,2.1761752122539946e-11
19.16,0.013886752978513637,0.01388675299558918,1.7075542368960583e-11
19.18,0.011515618402105469,0.011515618414634362,1.2528892853747031e-11
19.2,0.00908809856613356,0.009088098573555097,7.421537343010876e-12
19.22,0.006620070062826085,0.006620070064728055,1.901969901019207e-12
19.240000000000002,0.004127553769861628,0.004127553766246042,3.6155861291020663e-12
19.26,0.001626611704836271,0.001626611695887063,8.949207911182477e-12
19.28,-0.0008667556429691976,-0.0008667556571453355,1.4176137911117714e-11
19.3,-0.003336710852590502,-0.003336710871761162,1.9170659851242e-11
19.32,-0.005767679342771017,-0.005767679366732852,2.3961835120267505e-11
19.34,-0.008144446752985611,-0.008144446781426937,2.8441325683470353e-11
19.36,-0.010452253329290114,-0.010452253362005197,3.271508237923104e-11
19.38,-0.01267688473580902,-0.012676884772997166,3.718814492459366e-11
19.400000000000002,-0.014804758739084862,-0.014804758781091241,4.200637927775919e-11
19.42,-0.016823007242460965,-0.01682300728826647,4.5805505222151766e-11
19.44,-0.018719553176156888,-0.018719553224787345,4.863045729996962e-11
19.46,-0.020483181797491493,-0.02048318184884401,5.135251598953339e-11
19.48,-0.022103605983997757,-0.022103606038534222,5.453646562125769e-11
19.5,-0.02357152514567016,-0.023571525203140393,5.747023343327662e-11
19.52,-0.024878677424495708,-0.024878677483996046,5.950033868384885e-11
19.54,-0.02601788489934914,-0.026017884960380763,6.103162419890396e-11
19.56,-0.02698309156029055,-0.026983091622497127,6.220657669531171e-11
19.580000000000002,-0.027769393858380224,-0.02776939392139643,6.30162068360196e-11
19.6,-0.028373063690979118,-0.02837306375439271,6.341359035100247e-11
19.62,-0.028791563730372196,-0.02879156379373563,6.336343255641808e-11
19.64,-0.02902355505286308,-0.029023555115771198,6.290811621623149e-11
19.66,-0.029068897075202094,-0.029068897137204307,6.200221239205383e-11
19.68,-0.028928639853272813,-0.028928639914058467,6.078565428779825e-11
19.7,-0.02860500884812302,-0.02860500890720754,5.908451852776331e-11
19.72,-0.028101382308518438,-0.02810138236562381,5.710537251402137e-11
19.740000000000002,-0.027422261469562195,-0.02742226152445442,5.4892226181157966e-11
19.76,-0.026573233807139857,-0.02657323385942031,5.22804542713029e-11
19.78,-0.025560929632370825,-0.02556092968155301,4.9182186101504044e-11
19.8,-0.02439297235085975,-0.024392972396697597,4.583784740663788e-11
19.82,-0.023077922749695168,-0.02307792279225654,4.256137109415192e-11
19.84,-0.021625217709539367,-0.0216252177491195,3.9580134308936366e-11
19.86,-0.020045103773708772,-0.02004510380939995,3.569117917878728e-11
19.88,-0.018348566029998688,-0.0183485660602976,3.0298912684356694e-11
19.900000000000002,-0.016547252794630762,-0.016547252820955715,2.6324952634437793e-11
19.92,-0.014653396619651173,-0.014653396642442338,2.27911647887602e-11
19.94,-0.012679732132991735,-0.012679732150816395,1.782466015065598e-11
19.96,-0.01063941126758803,-0.010639411279569858,1.198182872363951e-11
19.98,-0.008545916443283319,-0.008545916450446013,7.162694048989948e-12
20.0,-0.006412972268473165,-0.006412972270706706,2.233540609408724e-12
