case,tau,electric_flux,magnetic_flux,electric_flux_error,magnetic_flux_error
coupled_mixed,0.0,0.09156294274810517,0.06,0.0,0.0
coupled_mixed,0.025,0.09156294274810517,0.06,0.0,0.0
coupled_mixed,0.05,0.09156294274810517,0.05999999999999999,0.0,-6.938893903907228e-18
coupled_mixed,0.07500000000000001,0.09156294274810514,0.059999999999999984,-2.7755575615628914e-17,-1.3877787807814457e-17
coupled_mixed,0.1,0.09156294274810517,0.059999999999999984,0.0,-1.3877787807814457e-17
coupled_mixed,0.125,0.09156294274810514,0.05999999999999997,-2.7755575615628914e-17,-2.7755575615628914e-17
coupled_mixed,0.15000000000000002,0.0915629427481051,0.059999999999999935,-6.938893903907228e-17,-6.245004513516506e-17
coupled_mixed,0.17500000000000002,0.09156294274810507,0.05999999999999991,-9.71445146547012e-17,-9.020562075079397e-17
coupled_mixed,0.2,0.09156294274810511,0.05999999999999993,-5.551115123125783e-17,-6.938893903907228e-17
coupled_mixed,0.225,0.09156294274810524,0.060000000000000005,6.938893903907228e-17,6.938893903907228e-18
coupled_mixed,0.25,0.09156294274810538,0.060000000000000095,2.0816681711721685e-16,9.71445146547012e-17
coupled_mixed,0.275,0.09156294274810543,0.06000000000000014,2.636779683484747e-16,1.3877787807814457e-16
coupled_mixed,0.30000000000000004,0.09156294274810531,0.06000000000000007,1.3877787807814457e-16,6.938893903907228e-17
coupled_mixed,0.325,0.09156294274810518,0.06,1.3877787807814457e-17,0.0
coupled_mixed,0.35000000000000003,0.09156294274810516,0.059999999999999984,-1.3877787807814457e-17,-1.3877787807814457e-17
coupled_mixed,0.375,0.09156294274810516,0.059999999999999984,-1.3877787807814457e-17,-1.3877787807814457e-17
coupled_mixed,0.4,0.09156294274810517,0.05999999999999999,0.0,-6.938893903907228e-18
coupled_mixed,0.42500000000000004,0.09156294274810513,0.05999999999999994,-4.163336342344337e-17,-5.551115123125783e-17
coupled_mixed,0.45,0.09156294274810506,0.05999999999999986,-1.1102230246251565e-16,-1.3877787807814457e-16
coupled_mixed,0.47500000000000003,0.09156294274810498,0.05999999999999977,-1.942890293094024e-16,-2.2898349882893854e-16
coupled_mixed,0.5,0.09156294274810499,0.059999999999999755,-1.8041124150158794e-16,-2.42861286636753e-16
coupled_mixed,0.525,0.09156294274810509,0.05999999999999984,-8.326672684688674e-17,-1.5959455978986625e-16
coupled_mixed,0.55,0.09156294274810534,0.06000000000000005,1.6653345369377348e-16,5.551115123125783e-17
coupled_mixed,0.5750000000000001,0.09156294274810561,0.06000000000000028,4.440892098500626e-16,2.8449465006019636e-16
coupled_mixed,0.6000000000000001,0.09156294274810572,0.06000000000000039,5.551115123125783e-16,3.95516952522712e-16
coupled_mixed,0.625,0.09156294274810553,0.06000000000000025,3.608224830031759e-16,2.498001805406602e-16
coupled_mixed,0.65,0.09156294274810518,0.060000000000000005,1.3877787807814457e-17,6.938893903907228e-18
coupled_mixed,0.675,0.09156294274810517,0.059999999999999984,0.0,-1.3877787807814457e-17
coupled_mixed,0.7000000000000001,0.09156294274810516,0.059999999999999984,-1.3877787807814457e-17,-1.3877787807814457e-17
coupled_mixed,0.7250000000000001,0.09156294274810516,0.06,-1.3877787807814457e-17,0.0
coupled_mixed,0.75,0.09156294274810514,0.05999999999999997,-2.7755575615628914e-17,-2.7755575615628914e-17
coupled_mixed,0.775,0.09156294274810509,0.059999999999999894,-8.326672684688674e-17,-1.0408340855860843e-16
coupled_mixed,0.8,0.09156294274810504,0.059999999999999824,-1.249000902703301e-16,-1.734723475976807e-16
coupled_mixed,0.8250000000000001,0.09156294274810502,0.05999999999999977,-1.5265566588595902e-16,-2.2898349882893854e-16
coupled_mixed,0.8500000000000001,0.09156294274810507,0.05999999999999982,-9.71445146547012e-17,-1.8041124150158794e-16
coupled_mixed,0.875,0.09156294274810522,0.05999999999999997,5.551115123125783e-17,-2.7755575615628914e-17
coupled_mixed,0.9,0.09156294274810545,0.0600000000000002,2.7755575615628914e-16,2.0122792321330962e-16
coupled_mixed,0.925,0.09156294274810559,0.060000000000000345,4.163336342344337e-16,3.469446951953614e-16
coupled_mixed,0.9500000000000001,0.09156294274810552,0.06000000000000029,3.469446951953614e-16,2.914335439641036e-16
coupled_mixed,0.9750000000000001,0.09156294274810524,0.06000000000000006,6.938893903907228e-17,6.245004513516506e-17
coupled_mixed,1.0,0.09156294274810517,0.059999999999999984,0.0,-1.3877787807814457e-17
coupled_mixed,1.0250000000000001,0.09156294274810517,0.059999999999999984,0.0,-1.3877787807814457e-17
coupled_mixed,1.05,0.09156294274810514,0.059999999999999984,-2.7755575615628914e-17,-1.3877787807814457e-17
coupled_mixed,1.075,0.09156294274810516,0.05999999999999998,-1.3877787807814457e-17,-2.0816681711721685e-17
coupled_mixed,1.1,0.09156294274810513,0.05999999999999993,-4.163336342344337e-17,-6.938893903907228e-17
coupled_mixed,1.125,0.09156294274810507,0.05999999999999985,-9.71445146547012e-17,-1.457167719820518e-16
coupled_mixed,1.1500000000000001,0.09156294274810507,0.059999999999999803,-9.71445146547012e-17,-1.942890293094024e-16
coupled_mixed,1.175,0.09156294274810507,0.05999999999999981,-9.71445146547012e-17,-1.8735013540549517e-16
coupled_mixed,1.2000000000000002,0.09156294274810517,0.059999999999999915,0.0,-8.326672684688674e-17
coupled_mixed,1.225,0.09156294274810532,0.060000000000000095,1.5265566588595902e-16,9.71445146547012e-17
coupled_mixed,1.25,0.09156294274810545,0.060000000000000255,2.7755575615628914e-16,2.5673907444456745e-16
coupled_mixed,1.2750000000000001,0.09156294274810547,0.06000000000000029,3.0531133177191805e-16,2.914335439641036e-16
coupled_mixed,1.3,0.0915629427481053,0.060000000000000116,1.249000902703301e-16,1.1796119636642288e-16
coupled_mixed,1.3250000000000002,0.09156294274810517,0.05999999999999999,0.0,-6.938893903907228e-18
coupled_mixed,1.35,0.09156294274810516,0.059999999999999984,-1.3877787807814457e-17,-1.3877787807814457e-17
coupled_mixed,1.375,0.09156294274810517,0.059999999999999984,0.0,-1.3877787807814457e-17
coupled_mixed,1.4000000000000001,0.09156294274810517,0.059999999999999984,0.0,-1.3877787807814457e-17
coupled_mixed,1.425,0.09156294274810514,0.059999999999999956,-2.7755575615628914e-17,-4.163336342344337e-17
coupled_mixed,1.4500000000000002,0.09156294274810514,0.059999999999999894,-2.7755575615628914e-17,-1.0408340855860843e-16
coupled_mixed,1.475,0.09156294274810511,0.059999999999999845,-5.551115123125783e-17,-1.5265566588595902e-16
coupled_mixed,1.5,0.09156294274810513,0.059999999999999824,-4.163336342344337e-17,-1.734723475976807e-16
coupled_mixed,1.5250000000000001,0.09156294274810516,0.05999999999999988,-1.3877787807814457e-17,-1.1796119636642288e-16
coupled_mixed,1.55,0.09156294274810527,0.060000000000000026,9.71445146547012e-17,2.7755575615628914e-17
coupled_mixed,1.5750000000000002,0.09156294274810536,0.06000000000000017,1.942890293094024e-16,1.734723475976807e-16
coupled_mixed,1.6,0.0915629427481054,0.06000000000000024,2.3592239273284576e-16,2.42861286636753e-16
coupled_mixed,1.625,0.09156294274810532,0.06000000000000015,1.5265566588595902e-16,1.5265566588595902e-16
coupled_mixed,1.6500000000000001,0.09156294274810518,0.06,1.3877787807814457e-17,0.0
coupled_mixed,1.675,0.09156294274810517,0.059999999999999984,0.0,-1.3877787807814457e-17
coupled_mixed,1.7000000000000002,0.09156294274810517,0.05999999999999998,0.0,-2.0816681711721685e-17
coupled_mixed,1.725,0.09156294274810517,0.059999999999999984,0.0,-1.3877787807814457e-17
coupled_mixed,1.75,0.09156294274810517,0.05999999999999998,0.0,-2.0816681711721685e-17
coupled_mixed,1.7750000000000001,0.09156294274810514,0.05999999999999993,-2.7755575615628914e-17,-6.938893903907228e-17
coupled_mixed,1.8,0.09156294274810516,0.05999999999999988,-1.3877787807814457e-17,-1.1796119636642288e-16
coupled_mixed,1.8250000000000002,0.09156294274810513,0.059999999999999845,-4.163336342344337e-17,-1.5265566588595902e-16
coupled_mixed,1.85,0.09156294274810517,0.05999999999999987,0.0,-1.249000902703301e-16
coupled_mixed,1.875,0.09156294274810521,0.05999999999999998,4.163336342344337e-17,-2.0816681711721685e-17
coupled_mixed,1.9000000000000001,0.09156294274810528,0.06000000000000009,1.1102230246251565e-16,9.020562075079397e-17
coupled_mixed,1.925,0.09156294274810532,0.060000000000000185,1.5265566588595902e-16,1.8735013540549517e-16
coupled_mixed,1.9500000000000002,0.09156294274810528,0.06000000000000016,1.1102230246251565e-16,1.5959455978986625e-16
coupled_mixed,1.975,0.0915629427481052,0.06000000000000003,2.7755575615628914e-17,3.469446951953614e-17
coupled_mixed,2.0,0.09156294274810516,0.05999999999999999,-1.3877787807814457e-17,-6.938893903907228e-18
coupled_mixed,2.025,0.09156294274810517,0.059999999999999984,0.0,-1.3877787807814457e-17
coupled_mixed,2.0500000000000003,0.09156294274810517,0.059999999999999984,0.0,-1.3877787807814457e-17
coupled_mixed,2.075,0.09156294274810517,0.05999999999999999,0.0,-6.938893903907228e-18
coupled_mixed,2.1,0.09156294274810516,0.059999999999999956,-1.3877787807814457e-17,-4.163336342344337e-17
coupled_mixed,2.125,0.09156294274810518,0.059999999999999915,1.3877787807814457e-17,-8.326672684688674e-17
coupled_mixed,2.15,0.09156294274810518,0.05999999999999989,1.3877787807814457e-17,-1.1102230246251565e-16
coupled_mixed,2.1750000000000003,0.09156294274810518,0.059999999999999894,1.3877787807814457e-17,-1.0408340855860843e-16
coupled_mixed,2.2,0.09156294274810518,0.05999999999999994,1.3877787807814457e-17,-5.551115123125783e-17
coupled_mixed,2.225,0.09156294274810522,0.06000000000000003,5.551115123125783e-17,3.469446951953614e-17
coupled_mixed,2.25,0.09156294274810525,0.060000000000000116,8.326672684688674e-17,1.1796119636642288e-16
coupled_mixed,2.275,0.09156294274810527,0.06000000000000014,9.71445146547012e-17,1.3877787807814457e-16
coupled_mixed,2.3000000000000003,0.0915629427481052,0.06000000000000006,2.7755575615628914e-17,6.245004513516506e-17
coupled_mixed,2.325,0.09156294274810517,0.05999999999999999,0.0,-6.938893903907228e-18
coupled_mixed,2.35,0.09156294274810517,0.05999999999999999,0.0,-6.938893903907228e-18
coupled_mixed,2.375,0.09156294274810516,0.059999999999999984,-1.3877787807814457e-17,-1.3877787807814457e-17
coupled_mixed,2.4000000000000004,0.09156294274810516,0.05999999999999999,-1.3877787807814457e-17,-6.938893903907228e-18
coupled_mixed,2.4250000000000003,0.09156294274810516,0.05999999999999998,-1.3877787807814457e-17,-2.0816681711721685e-17
coupled_mixed,2.45,0.09156294274810518,0.05999999999999995,1.3877787807814457e-17,-4.85722573273506e-17
coupled_mixed,2.475,0.09156294274810518,0.05999999999999993,1.3877787807814457e-17,-6.938893903907228e-17
coupled_mixed,2.5,0.09156294274810518,0.05999999999999991,1.3877787807814457e-17,-9.020562075079397e-17
coupled_mixed,2.5250000000000004,0.0915629427481052,0.059999999999999935,2.7755575615628914e-17,-6.245004513516506e-17
coupled_mixed,2.5500000000000003,0.09156294274810521,0.06,4.163336342344337e-17,0.0
coupled_mixed,2.575,0.09156294274810518,0.06000000000000005,1.3877787807814457e-17,5.551115123125783e-17
coupled_mixed,2.6,0.09156294274810521,0.06000000000000009,4.163336342344337e-17,9.020562075079397e-17
coupled_mixed,2.625,0.09156294274810517,0.060000000000000046,0.0,4.85722573273506e-17
coupled_mixed,2.6500000000000004,0.09156294274810516,0.05999999999999999,-1.3877787807814457e-17,-6.938893903907228e-18
coupled_mixed,2.6750000000000003,0.09156294274810516,0.05999999999999998,-1.3877787807814457e-17,-2.0816681711721685e-17
coupled_mixed,2.7,0.09156294274810516,0.05999999999999998,-1.3877787807814457e-17,-2.0816681711721685e-17
coupled_mixed,2.725,0.09156294274810516,0.05999999999999998,-1.3877787807814457e-17,-2.0816681711721685e-17
coupled_mixed,2.75,0.09156294274810516,0.05999999999999998,-1.3877787807814457e-17,-2.0816681711721685e-17
coupled_mixed,2.7750000000000004,0.0915629427481052,0.05999999999999996,2.7755575615628914e-17,-3.469446951953614e-17
coupled_mixed,2.8000000000000003,0.0915629427481052,0.05999999999999995,2.7755575615628914e-17,-4.85722573273506e-17
coupled_mixed,2.825,0.09156294274810521,0.05999999999999994,4.163336342344337e-17,-5.551115123125783e-17
coupled_mixed,2.85,0.0915629427481052,0.05999999999999994,2.7755575615628914e-17,-5.551115123125783e-17
coupled_mixed,2.875,0.09156294274810518,0.05999999999999998,1.3877787807814457e-17,-2.0816681711721685e-17
coupled_mixed,2.9000000000000004,0.09156294274810517,0.06000000000000002,0.0,2.0816681711721685e-17
coupled_mixed,2.9250000000000003,0.09156294274810516,0.06000000000000004,-1.3877787807814457e-17,4.163336342344337e-17
coupled_mixed,2.95,0.09156294274810516,0.06000000000000004,-1.3877787807814457e-17,4.163336342344337e-17
coupled_mixed,2.975,0.09156294274810517,0.06,0.0,0.0
coupled_mixed,3.0,0.09156294274810516,0.059999999999999984,-1.3877787807814457e-17,-1.3877787807814457e-17
coupled_mixed,3.0250000000000004,0.09156294274810517,0.05999999999999999,0.0,-6.938893903907228e-18
coupled_mixed,3.0500000000000003,0.09156294274810517,0.05999999999999999,0.0,-6.938893903907228e-18
coupled_mixed,3.075,0.09156294274810517,0.059999999999999984,0.0,-1.3877787807814457e-17
coupled_mixed,3.1,0.09156294274810518,0.05999999999999997,1.3877787807814457e-17,-2.7755575615628914e-17
coupled_mixed,3.125,0.0915629427481052,0.059999999999999956,2.7755575615628914e-17,-4.163336342344337e-17
coupled_mixed,3.1500000000000004,0.0915629427481052,0.059999999999999956,2.7755575615628914e-17,-4.163336342344337e-17
coupled_mixed,3.1750000000000003,0.09156294274810521,0.05999999999999996,4.163336342344337e-17,-3.469446951953614e-17
coupled_mixed,3.2,0.0915629427481052,0.05999999999999998,2.7755575615628914e-17,-2.0816681711721685e-17
coupled_mixed,3.225,0.09156294274810516,0.05999999999999999,-1.3877787807814457e-17,-6.938893903907228e-18
coupled_mixed,3.25,0.09156294274810514,0.06000000000000001,-2.7755575615628914e-17,1.3877787807814457e-17
coupled_mixed,3.2750000000000004,0.09156294274810514,0.06000000000000001,-2.7755575615628914e-17,1.3877787807814457e-17
coupled_mixed,3.3000000000000003,0.09156294274810516,0.06,-1.3877787807814457e-17,0.0
coupled_mixed,3.325,0.09156294274810517,0.05999999999999999,0.0,-6.938893903907228e-18
coupled_mixed,3.35,0.09156294274810516,0.05999999999999998,-1.3877787807814457e-17,-2.0816681711721685e-17
coupled_mixed,3.375,0.09156294274810518,0.05999999999999999,1.3877787807814457e-17,-6.938893903907228e-18
coupled_mixed,3.4000000000000004,0.09156294274810517,0.06,0.0,0.0
coupled_mixed,3.4250000000000003,0.09156294274810518,0.05999999999999999,1.3877787807814457e-17,-6.938893903907228e-18
coupled_mixed,3.45,0.0915629427481052,0.05999999999999999,2.7755575615628914e-17,-6.938893903907228e-18
coupled_mixed,3.475,0.09156294274810521,0.059999999999999984,4.163336342344337e-17,-1.3877787807814457e-17
coupled_mixed,3.5,0.09156294274810521,0.05999999999999998,4.163336342344337e-17,-2.0816681711721685e-17
coupled_mixed,3.5250000000000004,0.09156294274810518,0.059999999999999984,1.3877787807814457e-17,-1.3877787807814457e-17
coupled_mixed,3.5500000000000003,0.09156294274810516,0.059999999999999984,-1.3877787807814457e-17,-1.3877787807814457e-17
coupled_mixed,3.575,0.09156294274810511,0.05999999999999999,-5.551115123125783e-17,-6.938893903907228e-18
coupled_mixed,3.6,0.09156294274810509,0.059999999999999984,-8.326672684688674e-17,-1.3877787807814457e-17
coupled_mixed,3.625,0.0915629427481051,0.05999999999999999,-6.938893903907228e-17,-6.938893903907228e-18
coupled_mixed,3.6500000000000004,0.09156294274810516,0.05999999999999999,-1.3877787807814457e-17,-6.938893903907228e-18
coupled_mixed,3.6750000000000003,0.09156294274810516,0.05999999999999999,-1.3877787807814457e-17,-6.938893903907228e-18
coupled_mixed,3.7,0.09156294274810516,0.05999999999999999,-1.3877787807814457e-17,-6.938893903907228e-18
coupled_mixed,3.725,0.09156294274810516,0.06,-1.3877787807814457e-17,0.0
coupled_mixed,3.75,0.09156294274810516,0.06,-1.3877787807814457e-17,0.0
coupled_mixed,3.7750000000000004,0.09156294274810518,0.06,1.3877787807814457e-17,0.0
coupled_mixed,3.8000000000000003,0.09156294274810522,0.060000000000000005,5.551115123125783e-17,6.938893903907228e-18
coupled_mixed,3.825,0.09156294274810521,0.060000000000000005,4.163336342344337e-17,6.938893903907228e-18
coupled_mixed,3.85,0.09156294274810522,0.06000000000000001,5.551115123125783e-17,1.3877787807814457e-17
coupled_mixed,3.875,0.09156294274810517,0.05999999999999999,0.0,-6.938893903907228e-18
coupled_mixed,3.9000000000000004,0.09156294274810513,0.059999999999999984,-4.163336342344337e-17,-1.3877787807814457e-17
coupled_mixed,3.9250000000000003,0.09156294274810506,0.05999999999999996,-1.1102230246251565e-16,-3.469446951953614e-17
coupled_mixed,3.95,0.0915629427481051,0.05999999999999998,-6.938893903907228e-17,-2.0816681711721685e-17
coupled_mixed,3.975,0.09156294274810516,0.06,-1.3877787807814457e-17,0.0
coupled_mixed,4.0,0.09156294274810516,0.06,-1.3877787807814457e-17,0.0
pure_electric,0.0,0.09156294274810517,0.0,0.0,0.0
pure_electric,0.025,0.09156294274810516,0.0,-1.3877787807814457e-17,0.0
pure_electric,0.05,0.09156294274810516,0.0,-1.3877787807814457e-17,0.0
pure_electric,0.07500000000000001,0.09156294274810514,0.0,-2.7755575615628914e-17,0.0
pure_electric,0.1,0.09156294274810514,0.0,-2.7755575615628914e-17,0.0
pure_electric,0.125,0.09156294274810513,0.0,-4.163336342344337e-17,0.0
pure_electric,0.15000000000000002,0.09156294274810509,0.0,-8.326672684688674e-17,0.0
pure_electric,0.17500000000000002,0.09156294274810504,0.0,-1.249000902703301e-16,0.0
pure_electric,0.2,0.09156294274810504,0.0,-1.249000902703301e-16,0.0
pure_electric,0.225,0.0915629427481052,0.0,2.7755575615628914e-17,0.0
pure_electric,0.25,0.09156294274810535,0.0,1.8041124150158794e-16,0.0
pure_electric,0.275,0.09156294274810546,0.0,2.914335439641036e-16,0.0
pure_electric,0.30000000000000004,0.09156294274810531,0.0,1.3877787807814457e-16,0.0
pure_electric,0.325,0.09156294274810514,0.0,-2.7755575615628914e-17,0.0
pure_electric,0.35000000000000003,0.09156294274810514,0.0,-2.7755575615628914e-17,0.0
pure_electric,0.375,0.09156294274810516,0.0,-1.3877787807814457e-17,0.0
pure_electric,0.4,0.09156294274810514,0.0,-2.7755575615628914e-17,0.0
pure_electric,0.42500000000000004,0.09156294274810509,0.0,-8.326672684688674e-17,0.0
pure_electric,0.45,0.09156294274810502,0.0,-1.5265566588595902e-16,0.0
pure_electric,0.47500000000000003,0.0915629427481049,0.0,-2.636779683484747e-16,0.0
pure_electric,0.5,0.09156294274810486,0.0,-3.0531133177191805e-16,0.0
pure_electric,0.525,0.09156294274810502,0.0,-1.5265566588595902e-16,0.0
pure_electric,0.55,0.09156294274810531,0.0,1.3877787807814457e-16,0.0
pure_electric,0.5750000000000001,0.09156294274810563,0.0,4.579669976578771e-16,0.0
pure_electric,0.6000000000000001,0.0915629427481058,0.0,6.245004513516506e-16,0.0
pure_electric,0.625,0.09156294274810561,0.0,4.440892098500626e-16,0.0
pure_electric,0.65,0.0915629427481052,0.0,2.7755575615628914e-17,0.0
pure_electric,0.675,0.09156294274810516,0.0,-1.3877787807814457e-17,0.0
pure_electric,0.7000000000000001,0.09156294274810513,0.0,-4.163336342344337e-17,0.0
pure_electric,0.7250000000000001,0.09156294274810516,0.0,-1.3877787807814457e-17,0.0
pure_electric,0.75,0.09156294274810513,0.0,-4.163336342344337e-17,0.0
pure_electric,0.775,0.09156294274810509,0.0,-8.326672684688674e-17,0.0
pure_electric,0.8,0.09156294274810502,0.0,-1.5265566588595902e-16,0.0
pure_electric,0.8250000000000001,0.09156294274810495,0.0,-2.220446049250313e-16,0.0
pure_electric,0.8500000000000001,0.09156294274810502,0.0,-1.5265566588595902e-16,0.0
pure_electric,0.875,0.0915629427481052,0.0,2.7755575615628914e-17,0.0
pure_electric,0.9,0.09156294274810546,0.0,2.914335439641036e-16,0.0
pure_electric,0.925,0.09156294274810566,0.0,4.85722573273506e-16,0.0
pure_electric,0.9500000000000001,0.09156294274810559,0.0,4.163336342344337e-16,0.0
pure_electric,0.9750000000000001,0.0915629427481053,0.0,1.249000902703301e-16,0.0
pure_electric,1.0,0.09156294274810516,0.0,-1.3877787807814457e-17,0.0
pure_electric,1.0250000000000001,0.09156294274810516,0.0,-1.3877787807814457e-17,0.0
pure_electric,1.05,0.09156294274810514,0.0,-2.7755575615628914e-17,0.0
pure_electric,1.075,0.09156294274810516,0.0,-1.3877787807814457e-17,0.0
pure_electric,1.1,0.09156294274810511,0.0,-5.551115123125783e-17,0.0
pure_electric,1.125,0.09156294274810507,0.0,-9.71445146547012e-17,0.0
pure_electric,1.1500000000000001,0.09156294274810504,0.0,-1.249000902703301e-16,0.0
pure_electric,1.175,0.09156294274810504,0.0,-1.249000902703301e-16,0.0
pure_electric,1.2000000000000002,0.09156294274810514,0.0,-2.7755575615628914e-17,0.0
pure_electric,1.225,0.09156294274810534,0.0,1.6653345369377348e-16,0.0
pure_electric,1.25,0.0915629427481055,0.0,3.3306690738754696e-16,0.0
pure_electric,1.2750000000000001,0.09156294274810553,0.0,3.608224830031759e-16,0.0
pure_electric,1.3,0.09156294274810536,0.0,1.942890293094024e-16,0.0
pure_electric,1.3250000000000002,0.09156294274810516,0.0,-1.3877787807814457e-17,0.0
pure_electric,1.35,0.09156294274810517,0.0,0.0,0.0
pure_electric,1.375,0.09156294274810518,0.0,1.3877787807814457e-17,0.0
pure_electric,1.4000000000000001,0.09156294274810516,0.0,-1.3877787807814457e-17,0.0
pure_electric,1.425,0.09156294274810513,0.0,-4.163336342344337e-17,0.0
pure_electric,1.4500000000000002,0.09156294274810514,0.0,-2.7755575615628914e-17,0.0
pure_electric,1.475,0.09156294274810509,0.0,-8.326672684688674e-17,0.0
pure_electric,1.5,0.09156294274810509,0.0,-8.326672684688674e-17,0.0
pure_electric,1.5250000000000001,0.09156294274810516,0.0,-1.3877787807814457e-17,0.0
pure_electric,1.55,0.09156294274810527,0.0,9.71445146547012e-17,0.0
pure_electric,1.5750000000000002,0.0915629427481054,0.0,2.3592239273284576e-16,0.0
pure_electric,1.6,0.09156294274810546,0.0,2.914335439641036e-16,0.0
pure_electric,1.625,0.09156294274810538,0.0,2.0816681711721685e-16,0.0
pure_electric,1.6500000000000001,0.09156294274810518,0.0,1.3877787807814457e-17,0.0
pure_electric,1.675,0.09156294274810517,0.0,0.0,0.0
pure_electric,1.7000000000000002,0.09156294274810516,0.0,-1.3877787807814457e-17,0.0
pure_electric,1.725,0.09156294274810517,0.0,0.0,0.0
pure_electric,1.75,0.09156294274810514,0.0,-2.7755575615628914e-17,0.0
pure_electric,1.7750000000000001,0.09156294274810514,0.0,-2.7755575615628914e-17,0.0
pure_electric,1.8,0.0915629427481051,0.0,-6.938893903907228e-17,0.0
pure_electric,1.8250000000000002,0.0915629427481051,0.0,-6.938893903907228e-17,0.0
pure_electric,1.85,0.09156294274810511,0.0,-5.551115123125783e-17,0.0
pure_electric,1.875,0.09156294274810521,0.0,4.163336342344337e-17,0.0
pure_electric,1.9000000000000001,0.0915629427481053,0.0,1.249000902703301e-16,0.0
pure_electric,1.925,0.09156294274810539,0.0,2.220446049250313e-16,0.0
pure_electric,1.9500000000000002,0.09156294274810536,0.0,1.942890293094024e-16,0.0
pure_electric,1.975,0.09156294274810522,0.0,5.551115123125783e-17,0.0
pure_electric,2.0,0.09156294274810517,0.0,0.0,0.0
pure_electric,2.025,0.09156294274810516,0.0,-1.3877787807814457e-17,0.0
pure_electric,2.0500000000000003,0.09156294274810517,0.0,0.0,0.0
pure_electric,2.075,0.09156294274810516,0.0,-1.3877787807814457e-17,0.0
pure_electric,2.1,0.09156294274810516,0.0,-1.3877787807814457e-17,0.0
pure_electric,2.125,0.09156294274810516,0.0,-1.3877787807814457e-17,0.0
pure_electric,2.15,0.09156294274810513,0.0,-4.163336342344337e-17,0.0
pure_electric,2.1750000000000003,0.09156294274810514,0.0,-2.7755575615628914e-17,0.0
pure_electric,2.2,0.09156294274810518,0.0,1.3877787807814457e-17,0.0
pure_electric,2.225,0.09156294274810524,0.0,6.938893903907228e-17,0.0
pure_electric,2.25,0.09156294274810531,0.0,1.3877787807814457e-16,0.0
pure_electric,2.275,0.09156294274810532,0.0,1.5265566588595902e-16,0.0
pure_electric,2.3000000000000003,0.09156294274810524,0.0,6.938893903907228e-17,0.0
pure_electric,2.325,0.09156294274810517,0.0,0.0,0.0
pure_electric,2.35,0.09156294274810514,0.0,-2.7755575615628914e-17,0.0
pure_electric,2.375,0.09156294274810516,0.0,-1.3877787807814457e-17,0.0
pure_electric,2.4000000000000004,0.09156294274810517,0.0,0.0,0.0
pure_electric,2.4250000000000003,0.09156294274810517,0.0,0.0,0.0
pure_electric,2.45,0.09156294274810516,0.0,-1.3877787807814457e-17,0.0
pure_electric,2.475,0.09156294274810517,0.0,0.0,0.0
pure_electric,2.5,0.09156294274810516,0.0,-1.3877787807814457e-17,0.0
pure_electric,2.5250000000000004,0.09156294274810518,0.0,1.3877787807814457e-17,0.0
pure_electric,2.5500000000000003,0.09156294274810521,0.0,4.163336342344337e-17,0.0
pure_electric,2.575,0.09156294274810527,0.0,9.71445146547012e-17,0.0
pure_electric,2.6,0.09156294274810528,0.0,1.1102230246251565e-16,0.0
pure_electric,2.625,0.09156294274810524,0.0,6.938893903907228e-17,0.0
pure_electric,2.6500000000000004,0.09156294274810517,0.0,0.0,0.0
pure_electric,2.6750000000000003,0.09156294274810517,0.0,0.0,0.0
pure_electric,2.7,0.09156294274810517,0.0,0.0,0.0
pure_electric,2.725,0.09156294274810517,0.0,0.0,0.0
pure_electric,2.75,0.09156294274810516,0.0,-1.3877787807814457e-17,0.0
pure_electric,2.7750000000000004,0.09156294274810517,0.0,0.0,0.0
pure_electric,2.8000000000000003,0.09156294274810517,0.0,0.0,0.0
pure_electric,2.825,0.09156294274810517,0.0,0.0,0.0
pure_electric,2.85,0.09156294274810517,0.0,0.0,0.0
pure_electric,2.875,0.0915629427481052,0.0,2.7755575615628914e-17,0.0
pure_electric,2.9000000000000004,0.09156294274810521,0.0,4.163336342344337e-17,0.0
pure_electric,2.9250000000000003,0.09156294274810522,0.0,5.551115123125783e-17,0.0
pure_electric,2.95,0.09156294274810522,0.0,5.551115123125783e-17,0.0
pure_electric,2.975,0.0915629427481052,0.0,2.7755575615628914e-17,0.0
pure_electric,3.0,0.09156294274810518,0.0,1.3877787807814457e-17,0.0
pure_electric,3.0250000000000004,0.09156294274810517,0.0,0.0,0.0
pure_electric,3.0500000000000003,0.09156294274810518,0.0,1.3877787807814457e-17,0.0
pure_electric,3.075,0.09156294274810517,0.0,0.0,0.0
pure_electric,3.1,0.09156294274810518,0.0,1.3877787807814457e-17,0.0
pure_electric,3.125,0.09156294274810518,0.0,1.3877787807814457e-17,0.0
pure_electric,3.1500000000000004,0.0915629427481052,0.0,2.7755575615628914e-17,0.0
pure_electric,3.1750000000000003,0.0915629427481052,0.0,2.7755575615628914e-17,0.0
pure_electric,3.2,0.09156294274810521,0.0,4.163336342344337e-17,0.0
pure_electric,3.225,0.0915629427481052,0.0,2.7755575615628914e-17,0.0
pure_electric,3.25,0.0915629427481052,0.0,2.7755575615628914e-17,0.0
pure_electric,3.2750000000000004,0.0915629427481052,0.0,2.7755575615628914e-17,0.0
pure_electric,3.3000000000000003,0.09156294274810518,0.0,1.3877787807814457e-17,0.0
pure_electric,3.325,0.09156294274810518,0.0,1.3877787807814457e-17,0.0
pure_electric,3.35,0.09156294274810517,0.0,0.0,0.0
pure_electric,3.375,0.09156294274810518,0.0,1.3877787807814457e-17,0.0
pure_electric,3.4000000000000004,0.09156294274810518,0.0,1.3877787807814457e-17,0.0
pure_electric,3.4250000000000003,0.09156294274810518,0.0,1.3877787807814457e-17,0.0
pure_electric,3.45,0.09156294274810521,0.0,4.163336342344337e-17,0.0
pure_electric,3.475,0.09156294274810521,0.0,4.163336342344337e-17,0.0
pure_electric,3.5,0.0915629427481052,0.0,2.7755575615628914e-17,0.0
pure_electric,3.5250000000000004,0.09156294274810521,0.0,4.163336342344337e-17,0.0
pure_electric,3.5500000000000003,0.0915629427481052,0.0,2.7755575615628914e-17,0.0
pure_electric,3.575,0.09156294274810518,0.0,1.3877787807814457e-17,0.0
pure_electric,3.6,0.09156294274810517,0.0,0.0,0.0
pure_electric,3.625,0.09156294274810517,0.0,0.0,0.0
pure_electric,3.6500000000000004,0.09156294274810518,0.0,1.3877787807814457e-17,0.0
pure_electric,3.6750000000000003,0.09156294274810517,0.0,0.0,0.0
pure_electric,3.7,0.09156294274810518,0.0,1.3877787807814457e-17,0.0
pure_electric,3.725,0.0915629427481052,0.0,2.7755575615628914e-17,0.0
pure_electric,3.75,0.09156294274810518,0.0,1.3877787807814457e-17,0.0
pure_electric,3.7750000000000004,0.0915629427481052,0.0,2.7755575615628914e-17,0.0
pure_electric,3.8000000000000003,0.09156294274810521,0.0,4.163336342344337e-17,0.0
pure_electric,3.825,0.09156294274810521,0.0,4.163336342344337e-17,0.0
pure_electric,3.85,0.09156294274810522,0.0,5.551115123125783e-17,0.0
pure_electric,3.875,0.0915629427481052,0.0,2.7755575615628914e-17,0.0
pure_electric,3.9000000000000004,0.09156294274810516,0.0,-1.3877787807814457e-17,0.0
pure_electric,3.9250000000000003,0.09156294274810514,0.0,-2.7755575615628914e-17,0.0
pure_electric,3.95,0.09156294274810514,0.0,-2.7755575615628914e-17,0.0
pure_electric,3.975,0.09156294274810517,0.0,0.0,0.0
pure_electric,4.0,0.09156294274810518,0.0,1.3877787807814457e-17,0.0
pure_magnetic,0.0,0.0,0.08,0.0,0.0
pure_magnetic,0.025,0.0,0.08,0.0,0.0
pure_magnetic,0.05,0.0,0.08,0.0,0.0
pure_magnetic,0.07500000000000001,0.0,0.08,0.0,0.0
pure_magnetic,0.1,0.0,0.07999999999999999,0.0,-1.3877787807814457e-17
pure_magnetic,0.125,0.0,0.07999999999999999,0.0,-1.3877787807814457e-17
pure_magnetic,0.15000000000000002,0.0,0.07999999999999992,0.0,-8.326672684688674e-17
pure_magnetic,0.17500000000000002,0.0,0.0799999999999999,0.0,-9.71445146547012e-17
pure_magnetic,0.2,0.0,0.07999999999999992,0.0,-8.326672684688674e-17
pure_magnetic,0.225,0.0,0.07999999999999997,0.0,-2.7755575615628914e-17
pure_magnetic,0.25,0.0,0.0800000000000001,0.0,9.71445146547012e-17
pure_magnetic,0.275,0.0,0.08000000000000015,0.0,1.5265566588595902e-16
pure_magnetic,0.30000000000000004,0.0,0.08000000000000008,0.0,8.326672684688674e-17
pure_magnetic,0.325,0.0,0.07999999999999999,0.0,-1.3877787807814457e-17
pure_magnetic,0.35000000000000003,0.0,0.07999999999999999,0.0,-1.3877787807814457e-17
pure_magnetic,0.375,0.0,0.07999999999999999,0.0,-1.3877787807814457e-17
pure_magnetic,0.4,0.0,0.07999999999999999,0.0,-1.3877787807814457e-17
pure_magnetic,0.42500000000000004,0.0,0.07999999999999995,0.0,-5.551115123125783e-17
pure_magnetic,0.45,0.0,0.07999999999999986,0.0,-1.3877787807814457e-16
pure_magnetic,0.47500000000000003,0.0,0.07999999999999977,0.0,-2.3592239273284576e-16
pure_magnetic,0.5,0.0,0.07999999999999975,0.0,-2.498001805406602e-16
pure_magnetic,0.525,0.0,0.07999999999999982,0.0,-1.8041124150158794e-16
pure_magnetic,0.55,0.0,0.08000000000000002,0.0,1.3877787807814457e-17
pure_magnetic,0.5750000000000001,0.0,0.08000000000000028,0.0,2.7755575615628914e-16
pure_magnetic,0.6000000000000001,0.0,0.0800000000000004,0.0,4.0245584642661925e-16
pure_magnetic,0.625,0.0,0.0800000000000003,0.0,2.914335439641036e-16
pure_magnetic,0.65,0.0,0.08000000000000002,0.0,1.3877787807814457e-17
pure_magnetic,0.675,0.0,0.07999999999999999,0.0,-1.3877787807814457e-17
pure_magnetic,0.7000000000000001,0.0,0.08,0.0,0.0
pure_magnetic,0.7250000000000001,0.0,0.08,0.0,0.0
pure_magnetic,0.75,0.0,0.07999999999999999,0.0,-1.3877787807814457e-17
pure_magnetic,0.775,0.0,0.07999999999999992,0.0,-8.326672684688674e-17
pure_magnetic,0.8,0.0,0.07999999999999984,0.0,-1.6653345369377348e-16
pure_magnetic,0.8250000000000001,0.0,0.07999999999999978,0.0,-2.220446049250313e-16
pure_magnetic,0.8500000000000001,0.0,0.07999999999999981,0.0,-1.942890293094024e-16
pure_magnetic,0.875,0.0,0.07999999999999995,0.0,-5.551115123125783e-17
pure_magnetic,0.9,0.0,0.08000000000000015,0.0,1.5265566588595902e-16
pure_magnetic,0.925,0.0,0.08000000000000032,0.0,3.191891195797325e-16
pure_magnetic,0.9500000000000001,0.0,0.08000000000000032,0.0,3.191891195797325e-16
pure_magnetic,0.9750000000000001,0.0,0.08000000000000008,0.0,8.326672684688674e-17
pure_magnetic,1.0,0.0,0.08,0.0,0.0
pure_magnetic,1.0250000000000001,0.0,0.08,0.0,0.0
pure_magnetic,1.05,0.0,0.08000000000000002,0.0,1.3877787807814457e-17
pure_magnetic,1.075,0.0,0.08000000000000002,0.0,1.3877787807814457e-17
pure_magnetic,1.1,0.0,0.07999999999999996,0.0,-4.163336342344337e-17
pure_magnetic,1.125,0.0,0.07999999999999989,0.0,-1.1102230246251565e-16
pure_magnetic,1.1500000000000001,0.0,0.07999999999999984,0.0,-1.6653345369377348e-16
pure_magnetic,1.175,0.0,0.07999999999999984,0.0,-1.6653345369377348e-16
pure_magnetic,1.2000000000000002,0.0,0.07999999999999992,0.0,-8.326672684688674e-17
pure_magnetic,1.225,0.0,0.08000000000000008,0.0,8.326672684688674e-17
pure_magnetic,1.25,0.0,0.08000000000000025,0.0,2.498001805406602e-16
pure_magnetic,1.2750000000000001,0.0,0.0800000000000003,0.0,2.914335439641036e-16
pure_magnetic,1.3,0.0,0.08000000000000015,0.0,1.5265566588595902e-16
pure_magnetic,1.3250000000000002,0.0,0.08,0.0,0.0
pure_magnetic,1.35,0.0,0.08000000000000002,0.0,1.3877787807814457e-17
pure_magnetic,1.375,0.0,0.08000000000000002,0.0,1.3877787807814457e-17
pure_magnetic,1.4000000000000001,0.0,0.08000000000000002,0.0,1.3877787807814457e-17
pure_magnetic,1.425,0.0,0.07999999999999999,0.0,-1.3877787807814457e-17
pure_magnetic,1.4500000000000002,0.0,0.07999999999999993,0.0,-6.938893903907228e-17
pure_magnetic,1.475,0.0,0.07999999999999989,0.0,-1.1102230246251565e-16
pure_magnetic,1.5,0.0,0.07999999999999986,0.0,-1.3877787807814457e-16
pure_magnetic,1.5250000000000001,0.0,0.07999999999999992,0.0,-8.326672684688674e-17
pure_magnetic,1.55,0.0,0.08000000000000002,0.0,1.3877787807814457e-17
pure_magnetic,1.5750000000000002,0.0,0.08000000000000015,0.0,1.5265566588595902e-16
pure_magnetic,1.6,0.0,0.08000000000000021,0.0,2.0816681711721685e-16
pure_magnetic,1.625,0.0,0.08000000000000017,0.0,1.6653345369377348e-16
pure_magnetic,1.6500000000000001,0.0,0.08000000000000003,0.0,2.7755575615628914e-17
pure_magnetic,1.675,0.0,0.08,0.0,0.0
pure_magnetic,1.7000000000000002,0.0,0.08000000000000002,0.0,1.3877787807814457e-17
pure_magnetic,1.725,0.0,0.08,0.0,0.0
pure_magnetic,1.75,0.0,0.08,0.0,0.0
pure_magnetic,1.7750000000000001,0.0,0.07999999999999999,0.0,-1.3877787807814457e-17
pure_magnetic,1.8,0.0,0.07999999999999993,0.0,-6.938893903907228e-17
pure_magnetic,1.8250000000000002,0.0,0.0799999999999999,0.0,-9.71445146547012e-17
pure_magnetic,1.85,0.0,0.07999999999999992,0.0,-8.326672684688674e-17
pure_magnetic,1.875,0.0,0.07999999999999999,0.0,-1.3877787807814457e-17
pure_magnetic,1.9000000000000001,0.0,0.08000000000000008,0.0,8.326672684688674e-17
pure_magnetic,1.925,0.0,0.08000000000000015,0.0,1.5265566588595902e-16
pure_magnetic,1.9500000000000002,0.0,0.08000000000000013,0.0,1.249000902703301e-16
pure_magnetic,1.975,0.0,0.08000000000000004,0.0,4.163336342344337e-17
pure_magnetic,2.0,0.0,0.08000000000000002,0.0,1.3877787807814457e-17
pure_magnetic,2.025,0.0,0.08000000000000002,0.0,1.3877787807814457e-17
pure_magnetic,2.0500000000000003,0.0,0.08,0.0,0.0
pure_magnetic,2.075,0.0,0.08000000000000002,0.0,1.3877787807814457e-17
pure_magnetic,2.1,0.0,0.07999999999999999,0.0,-1.3877787807814457e-17
pure_magnetic,2.125,0.0,0.07999999999999996,0.0,-4.163336342344337e-17
pure_magnetic,2.15,0.0,0.07999999999999995,0.0,-5.551115123125783e-17
pure_magnetic,2.1750000000000003,0.0,0.07999999999999996,0.0,-4.163336342344337e-17
pure_magnetic,2.2,0.0,0.07999999999999999,0.0,-1.3877787807814457e-17
pure_magnetic,2.225,0.0,0.08000000000000003,0.0,2.7755575615628914e-17
pure_magnetic,2.25,0.0,0.08000000000000006,0.0,5.551115123125783e-17
pure_magnetic,2.275,0.0,0.08000000000000008,0.0,8.326672684688674e-17
pure_magnetic,2.3000000000000003,0.0,0.08000000000000004,0.0,4.163336342344337e-17
pure_magnetic,2.325,0.0,0.08000000000000002,0.0,1.3877787807814457e-17
pure_magnetic,2.35,0.0,0.08,0.0,0.0
pure_magnetic,2.375,0.0,0.08000000000000002,0.0,1.3877787807814457e-17
pure_magnetic,2.4000000000000004,0.0,0.08000000000000002,0.0,1.3877787807814457e-17
pure_magnetic,2.4250000000000003,0.0,0.08000000000000002,0.0,1.3877787807814457e-17
pure_magnetic,2.45,0.0,0.08000000000000002,0.0,1.3877787807814457e-17
pure_magnetic,2.475,0.0,0.08,0.0,0.0
pure_magnetic,2.5,0.0,0.08,0.0,0.0
pure_magnetic,2.5250000000000004,0.0,0.07999999999999999,0.0,-1.3877787807814457e-17
pure_magnetic,2.5500000000000003,0.0,0.08,0.0,0.0
pure_magnetic,2.575,0.0,0.08000000000000002,0.0,1.3877787807814457e-17
pure_magnetic,2.6,0.0,0.08000000000000002,0.0,1.3877787807814457e-17
pure_magnetic,2.625,0.0,0.08000000000000002,0.0,1.3877787807814457e-17
pure_magnetic,2.6500000000000004,0.0,0.08000000000000002,0.0,1.3877787807814457e-17
pure_magnetic,2.6750000000000003,0.0,0.08000000000000002,0.0,1.3877787807814457e-17
pure_magnetic,2.7,0.0,0.08000000000000002,0.0,1.3877787807814457e-17
pure_magnetic,2.725,0.0,0.08000000000000002,0.0,1.3877787807814457e-17
pure_magnetic,2.75,0.0,0.08000000000000002,0.0,1.3877787807814457e-17
pure_magnetic,2.7750000000000004,0.0,0.08000000000000002,0.0,1.3877787807814457e-17
pure_magnetic,2.8000000000000003,0.0,0.08000000000000003,0.0,2.7755575615628914e-17
pure_magnetic,2.825,0.0,0.08000000000000003,0.0,2.7755575615628914e-17
pure_magnetic,2.85,0.0,0.08000000000000003,0.0,2.7755575615628914e-17
pure_magnetic,2.875,0.0,0.08,0.0,0.0
pure_magnetic,2.9000000000000004,0.0,0.07999999999999999,0.0,-1.3877787807814457e-17
pure_magnetic,2.9250000000000003,0.0,0.07999999999999996,0.0,-4.163336342344337e-17
pure_magnetic,2.95,0.0,0.07999999999999997,0.0,-2.7755575615628914e-17
pure_magnetic,2.975,0.0,0.08,0.0,0.0
pure_magnetic,3.0,0.0,0.08000000000000002,0.0,1.3877787807814457e-17
pure_magnetic,3.0250000000000004,0.0,0.08000000000000002,0.0,1.3877787807814457e-17
pure_magnetic,3.0500000000000003,0.0,0.08000000000000002,0.0,1.3877787807814457e-17
pure_magnetic,3.075,0.0,0.08000000000000002,0.0,1.3877787807814457e-17
pure_magnetic,3.1,0.0,0.08000000000000002,0.0,1.3877787807814457e-17
pure_magnetic,3.125,0.0,0.08000000000000004,0.0,4.163336342344337e-17
pure_magnetic,3.1500000000000004,0.0,0.08000000000000004,0.0,4.163336342344337e-17
pure_magnetic,3.1750000000000003,0.0,0.08000000000000004,0.0,4.163336342344337e-17
pure_magnetic,3.2,0.0,0.08000000000000003,0.0,2.7755575615628914e-17
pure_magnetic,3.225,0.0,0.07999999999999999,0.0,-1.3877787807814457e-17
pure_magnetic,3.25,0.0,0.07999999999999993,0.0,-6.938893903907228e-17
pure_magnetic,3.2750000000000004,0.0,0.07999999999999993,0.0,-6.938893903907228e-17
pure_magnetic,3.3000000000000003,0.0,0.07999999999999997,0.0,-2.7755575615628914e-17
pure_magnetic,3.325,0.0,0.08000000000000002,0.0,1.3877787807814457e-17
pure_magnetic,3.35,0.0,0.08000000000000002,0.0,1.3877787807814457e-17
pure_magnetic,3.375,0.0,0.08000000000000002,0.0,1.3877787807814457e-17
pure_magnetic,3.4000000000000004,0.0,0.08000000000000002,0.0,1.3877787807814457e-17
pure_magnetic,3.4250000000000003,0.0,0.08000000000000003,0.0,2.7755575615628914e-17
pure_magnetic,3.45,0.0,0.08000000000000004,0.0,4.163336342344337e-17
pure_magnetic,3.475,0.0,0.08000000000000006,0.0,5.551115123125783e-17
pure_magnetic,3.5,0.0,0.08000000000000007,0.0,6.938893903907228e-17
pure_magnetic,3.5250000000000004,0.0,0.08000000000000004,0.0,4.163336342344337e-17
pure_magnetic,3.5500000000000003,0.0,0.08,0.0,0.0
pure_magnetic,3.575,0.0,0.07999999999999993,0.0,-6.938893903907228e-17
pure_magnetic,3.6,0.0,0.07999999999999989,0.0,-1.1102230246251565e-16
pure_magnetic,3.625,0.0,0.07999999999999992,0.0,-8.326672684688674e-17
pure_magnetic,3.6500000000000004,0.0,0.08000000000000002,0.0,1.3877787807814457e-17
pure_magnetic,3.6750000000000003,0.0,0.08,0.0,0.0
pure_magnetic,3.7,0.0,0.08000000000000002,0.0,1.3877787807814457e-17
pure_magnetic,3.725,0.0,0.08,0.0,0.0
pure_magnetic,3.75,0.0,0.08000000000000002,0.0,1.3877787807814457e-17
pure_magnetic,3.7750000000000004,0.0,0.08000000000000003,0.0,2.7755575615628914e-17
pure_magnetic,3.8000000000000003,0.0,0.08000000000000007,0.0,6.938893903907228e-17
pure_magnetic,3.825,0.0,0.08000000000000008,0.0,8.326672684688674e-17
pure_magnetic,3.85,0.0,0.08000000000000007,0.0,6.938893903907228e-17
pure_magnetic,3.875,0.0,0.08000000000000003,0.0,2.7755575615628914e-17
pure_magnetic,3.9000000000000004,0.0,0.07999999999999995,0.0,-5.551115123125783e-17
pure_magnetic,3.9250000000000003,0.0,0.07999999999999989,0.0,-1.1102230246251565e-16
pure_magnetic,3.95,0.0,0.07999999999999989,0.0,-1.1102230246251565e-16
pure_magnetic,3.975,0.0,0.07999999999999996,0.0,-4.163336342344337e-17
pure_magnetic,4.0,0.0,0.07999999999999999,0.0,-1.3877787807814457e-17
c0,0.0,0.07,0.06,0.0,0.0
c0,0.025,0.07,0.06,0.0,0.0
c0,0.05,0.07,0.06,0.0,0.0
c0,0.07500000000000001,0.07,0.06,0.0,0.0
c0,0.1,0.07,0.060000000000000005,0.0,6.938893903907228e-18
c0,0.125,0.06999999999999999,0.05999999999999998,-1.3877787807814457e-17,-2.0816681711721685e-17
c0,0.15000000000000002,0.06999999999999994,0.05999999999999995,-6.938893903907228e-17,-4.85722573273506e-17
c0,0.17500000000000002,0.06999999999999992,0.05999999999999992,-8.326672684688674e-17,-7.632783294297951e-17
c0,0.2,0.06999999999999994,0.05999999999999994,-6.938893903907228e-17,-5.551115123125783e-17
c0,0.225,0.07,0.06,0.0,0.0
c0,0.25,0.07000000000000009,0.06000000000000008,8.326672684688674e-17,8.326672684688674e-17
c0,0.275,0.07000000000000016,0.06000000000000012,1.5265566588595902e-16,1.249000902703301e-16
c0,0.30000000000000004,0.07000000000000008,0.06000000000000006,6.938893903907228e-17,6.245004513516506e-17
c0,0.325,0.07,0.06,0.0,0.0
c0,0.35000000000000003,0.07,0.05999999999999999,0.0,-6.938893903907228e-18
c0,0.375,0.07,0.05999999999999999,0.0,-6.938893903907228e-18
c0,0.4,0.07,0.05999999999999999,0.0,-6.938893903907228e-18
c0,0.42500000000000004,0.06999999999999997,0.05999999999999996,-4.163336342344337e-17,-3.469446951953614e-17
c0,0.45,0.06999999999999991,0.0599999999999999,-9.71445146547012e-17,-9.71445146547012e-17
c0,0.47500000000000003,0.06999999999999983,0.05999999999999983,-1.8041124150158794e-16,-1.6653345369377348e-16
c0,0.5,0.0699999999999998,0.05999999999999981,-2.0816681711721685e-16,-1.8735013540549517e-16
c0,0.525,0.06999999999999988,0.05999999999999989,-1.249000902703301e-16,-1.1102230246251565e-16
c0,0.55,0.07000000000000006,0.060000000000000046,5.551115123125783e-17,4.85722573273506e-17
c0,0.5750000000000001,0.07000000000000028,0.06000000000000023,2.7755575615628914e-16,2.2898349882893854e-16
c0,0.6000000000000001,0.07000000000000038,0.06000000000000032,3.7470027081099033e-16,3.191891195797325e-16
c0,0.625,0.07000000000000028,0.06000000000000022,2.7755575615628914e-16,2.220446049250313e-16
c0,0.65,0.07000000000000002,0.060000000000000005,1.3877787807814457e-17,6.938893903907228e-18
c0,0.675,0.07000000000000002,0.06,1.3877787807814457e-17,0.0
c0,0.7000000000000001,0.06999999999999999,0.059999999999999984,-1.3877787807814457e-17,-1.3877787807814457e-17
c0,0.7250000000000001,0.07000000000000002,0.05999999999999999,1.3877787807814457e-17,-6.938893903907228e-18
c0,0.75,0.06999999999999999,0.05999999999999997,-1.3877787807814457e-17,-2.7755575615628914e-17
c0,0.775,0.06999999999999994,0.059999999999999935,-6.938893903907228e-17,-6.245004513516506e-17
c0,0.8,0.06999999999999984,0.059999999999999866,-1.6653345369377348e-16,-1.3183898417423734e-16
c0,0.8250000000000001,0.0699999999999998,0.059999999999999824,-2.0816681711721685e-16,-1.734723475976807e-16
c0,0.8500000000000001,0.06999999999999984,0.05999999999999986,-1.6653345369377348e-16,-1.3877787807814457e-16
c0,0.875,0.06999999999999998,0.05999999999999998,-2.7755575615628914e-17,-2.0816681711721685e-17
c0,0.9,0.07000000000000019,0.06000000000000015,1.8041124150158794e-16,1.5265566588595902e-16
c0,0.925,0.07000000000000033,0.060000000000000275,3.191891195797325e-16,2.7755575615628914e-16
c0,0.9500000000000001,0.0700000000000003,0.06000000000000025,2.914335439641036e-16,2.498001805406602e-16
c0,0.9750000000000001,0.07000000000000009,0.06000000000000007,8.326672684688674e-17,6.938893903907228e-17
c0,1.0,0.07,0.06,0.0,0.0
c0,1.0250000000000001,0.07,0.06,0.0,0.0
c0,1.05,0.07,0.05999999999999999,0.0,-6.938893903907228e-18
c0,1.075,0.07,0.06,0.0,0.0
c0,1.1,0.06999999999999997,0.05999999999999996,-4.163336342344337e-17,-3.469446951953614e-17
c0,1.125,0.0699999999999999,0.0599999999999999,-1.1102230246251565e-16,-9.71445146547012e-17
c0,1.1500000000000001,0.06999999999999983,0.059999999999999845,-1.8041124150158794e-16,-1.5265566588595902e-16
c0,1.175,0.06999999999999984,0.05999999999999985,-1.6653345369377348e-16,-1.457167719820518e-16
c0,1.2000000000000002,0.06999999999999995,0.059999999999999935,-5.551115123125783e-17,-6.245004513516506e-17
c0,1.225,0.0700000000000001,0.06000000000000007,9.71445146547012e-17,6.938893903907228e-17
c0,1.25,0.07000000000000026,0.0600000000000002,2.498001805406602e-16,2.0122792321330962e-16
c0,1.2750000000000001,0.0700000000000003,0.060000000000000234,2.914335439641036e-16,2.3592239273284576e-16
c0,1.3,0.07000000000000015,0.060000000000000116,1.3877787807814457e-16,1.1796119636642288e-16
c0,1.3250000000000002,0.07000000000000002,0.05999999999999999,1.3877787807814457e-17,-6.938893903907228e-18
c0,1.35,0.07,0.059999999999999984,0.0,-1.3877787807814457e-17
c0,1.375,0.07,0.059999999999999984,0.0,-1.3877787807814457e-17
c0,1.4000000000000001,0.07,0.059999999999999984,0.0,-1.3877787807814457e-17
c0,1.425,0.06999999999999999,0.05999999999999997,-1.3877787807814457e-17,-2.7755575615628914e-17
c0,1.4500000000000002,0.06999999999999994,0.05999999999999992,-6.938893903907228e-17,-7.632783294297951e-17
c0,1.475,0.06999999999999988,0.059999999999999866,-1.249000902703301e-16,-1.3183898417423734e-16
c0,1.5,0.06999999999999985,0.05999999999999985,-1.5265566588595902e-16,-1.457167719820518e-16
c0,1.5250000000000001,0.06999999999999991,0.0599999999999999,-9.71445146547012e-17,-9.71445146547012e-17
c0,1.55,0.07000000000000003,0.06,2.7755575615628914e-17,0.0
c0,1.5750000000000002,0.07000000000000019,0.06000000000000013,1.8041124150158794e-16,1.3183898417423734e-16
c0,1.6,0.07000000000000026,0.0600000000000002,2.498001805406602e-16,2.0122792321330962e-16
c0,1.625,0.07000000000000019,0.06000000000000014,1.8041124150158794e-16,1.3877787807814457e-16
c0,1.6500000000000001,0.07000000000000002,0.06,1.3877787807814457e-17,0.0
c0,1.675,0.07,0.05999999999999999,0.0,-6.938893903907228e-18
c0,1.7000000000000002,0.07,0.06,0.0,0.0
c0,1.725,0.07000000000000002,0.05999999999999999,1.3877787807814457e-17,-6.938893903907228e-18
c0,1.75,0.06999999999999999,0.059999999999999984,-1.3877787807814457e-17,-1.3877787807814457e-17
c0,1.7750000000000001,0.06999999999999995,0.05999999999999994,-5.551115123125783e-17,-5.551115123125783e-17
c0,1.8,0.06999999999999992,0.05999999999999991,-8.326672684688674e-17,-9.020562075079397e-17
c0,1.8250000000000002,0.06999999999999988,0.05999999999999988,-1.249000902703301e-16,-1.1796119636642288e-16
c0,1.85,0.06999999999999991,0.05999999999999991,-9.71445146547012e-17,-9.020562075079397e-17
c0,1.875,0.06999999999999999,0.05999999999999998,-1.3877787807814457e-17,-2.0816681711721685e-17
c0,1.9000000000000001,0.0700000000000001,0.06000000000000007,9.71445146547012e-17,6.938893903907228e-17
c0,1.925,0.0700000000000002,0.06000000000000015,1.942890293094024e-16,1.5265566588595902e-16
c0,1.9500000000000002,0.07000000000000017,0.06000000000000013,1.6653345369377348e-16,1.3183898417423734e-16
c0,1.975,0.07000000000000006,0.060000000000000026,5.551115123125783e-17,2.7755575615628914e-17
c0,2.0,0.07000000000000002,0.05999999999999999,1.3877787807814457e-17,-6.938893903907228e-18
c0,2.025,0.07000000000000002,0.05999999999999999,1.3877787807814457e-17,-6.938893903907228e-18
c0,2.0500000000000003,0.07,0.05999999999999999,0.0,-6.938893903907228e-18
c0,2.075,0.07000000000000002,0.059999999999999984,1.3877787807814457e-17,-1.3877787807814457e-17
c0,2.1,0.06999999999999999,0.05999999999999998,-1.3877787807814457e-17,-2.0816681711721685e-17
c0,2.125,0.06999999999999995,0.059999999999999935,-5.551115123125783e-17,-6.245004513516506e-17
c0,2.15,0.06999999999999992,0.059999999999999915,-8.326672684688674e-17,-8.326672684688674e-17
c0,2.1750000000000003,0.06999999999999991,0.05999999999999991,-9.71445146547012e-17,-9.020562075079397e-17
c0,2.2,0.06999999999999997,0.05999999999999995,-4.163336342344337e-17,-4.85722573273506e-17
c0,2.225,0.07000000000000005,0.060000000000000026,4.163336342344337e-17,2.7755575615628914e-17
c0,2.25,0.07000000000000013,0.06000000000000009,1.249000902703301e-16,9.020562075079397e-17
c0,2.275,0.07000000000000015,0.06000000000000011,1.3877787807814457e-16,1.1102230246251565e-16
c0,2.3000000000000003,0.07000000000000009,0.06000000000000005,8.326672684688674e-17,5.551115123125783e-17
c0,2.325,0.07000000000000002,0.06,1.3877787807814457e-17,0.0
c0,2.35,0.07,0.05999999999999999,0.0,-6.938893903907228e-18
c0,2.375,0.07000000000000002,0.060000000000000005,1.3877787807814457e-17,6.938893903907228e-18
c0,2.4000000000000004,0.07000000000000002,0.05999999999999999,1.3877787807814457e-17,-6.938893903907228e-18
c0,2.4250000000000003,0.07,0.05999999999999999,0.0,-6.938893903907228e-18
c0,2.45,0.06999999999999999,0.05999999999999998,-1.3877787807814457e-17,-2.0816681711721685e-17
c0,2.475,0.06999999999999997,0.059999999999999956,-4.163336342344337e-17,-4.163336342344337e-17
c0,2.5,0.06999999999999995,0.05999999999999994,-5.551115123125783e-17,-5.551115123125783e-17
c0,2.5250000000000004,0.06999999999999997,0.05999999999999995,-4.163336342344337e-17,-4.85722573273506e-17
c0,2.5500000000000003,0.07000000000000002,0.06,1.3877787807814457e-17,0.0
c0,2.575,0.07000000000000008,0.060000000000000046,6.938893903907228e-17,4.85722573273506e-17
c0,2.6,0.0700000000000001,0.06000000000000007,9.71445146547012e-17,6.938893903907228e-17
c0,2.625,0.07000000000000008,0.060000000000000046,6.938893903907228e-17,4.85722573273506e-17
c0,2.6500000000000004,0.07000000000000002,0.05999999999999999,1.3877787807814457e-17,-6.938893903907228e-18
c0,2.6750000000000003,0.07000000000000002,0.059999999999999984,1.3877787807814457e-17,-1.3877787807814457e-17
c0,2.7,0.07000000000000002,0.059999999999999984,1.3877787807814457e-17,-1.3877787807814457e-17
c0,2.725,0.07,0.05999999999999999,0.0,-6.938893903907228e-18
c0,2.75,0.07000000000000002,0.06,1.3877787807814457e-17,0.0
c0,2.7750000000000004,0.07,0.05999999999999998,0.0,-2.0816681711721685e-17
c0,2.8000000000000003,0.06999999999999999,0.05999999999999996,-1.3877787807814457e-17,-3.469446951953614e-17
c0,2.825,0.06999999999999999,0.05999999999999996,-1.3877787807814457e-17,-3.469446951953614e-17
c0,2.85,0.06999999999999998,0.05999999999999996,-2.7755575615628914e-17,-3.469446951953614e-17
c0,2.875,0.07000000000000002,0.05999999999999999,1.3877787807814457e-17,-6.938893903907228e-18
c0,2.9000000000000004,0.07000000000000003,0.060000000000000005,2.7755575615628914e-17,6.938893903907228e-18
c0,2.9250000000000003,0.07000000000000006,0.06000000000000003,5.551115123125783e-17,3.469446951953614e-17
c0,2.95,0.07000000000000005,0.060000000000000026,4.163336342344337e-17,2.7755575615628914e-17
c0,2.975,0.07000000000000003,0.060000000000000005,2.7755575615628914e-17,6.938893903907228e-18
c0,3.0,0.07000000000000002,0.05999999999999999,1.3877787807814457e-17,-6.938893903907228e-18
c0,3.0250000000000004,0.07,0.05999999999999999,0.0,-6.938893903907228e-18
c0,3.0500000000000003,0.07,0.06,0.0,0.0
c0,3.075,0.07000000000000002,0.06,1.3877787807814457e-17,0.0
c0,3.1,0.07,0.059999999999999984,0.0,-1.3877787807814457e-17
c0,3.125,0.07,0.05999999999999999,0.0,-6.938893903907228e-18
c0,3.1500000000000004,0.07,0.05999999999999999,0.0,-6.938893903907228e-18
c0,3.1750000000000003,0.07,0.05999999999999999,0.0,-6.938893903907228e-18
c0,3.2,0.07,0.06,0.0,0.0
c0,3.225,0.07,0.06,0.0,0.0
c0,3.25,0.07,0.060000000000000005,0.0,6.938893903907228e-18
c0,3.2750000000000004,0.07,0.060000000000000005,0.0,6.938893903907228e-18
c0,3.3000000000000003,0.07,0.06,0.0,0.0
c0,3.325,0.07,0.06,0.0,0.0
c0,3.35,0.07,0.06,0.0,0.0
c0,3.375,0.07,0.060000000000000005,0.0,6.938893903907228e-18
c0,3.4000000000000004,0.07,0.06,0.0,0.0
c0,3.4250000000000003,0.07,0.060000000000000005,0.0,6.938893903907228e-18
c0,3.45,0.07,0.06000000000000001,0.0,1.3877787807814457e-17
c0,3.475,0.07000000000000002,0.060000000000000005,1.3877787807814457e-17,6.938893903907228e-18
c0,3.5,0.07000000000000002,0.06000000000000002,1.3877787807814457e-17,2.0816681711721685e-17
c0,3.5250000000000004,0.07000000000000002,0.06000000000000002,1.3877787807814457e-17,2.0816681711721685e-17
c0,3.5500000000000003,0.06999999999999999,0.060000000000000005,-1.3877787807814457e-17,6.938893903907228e-18
c0,3.575,0.06999999999999999,0.05999999999999999,-1.3877787807814457e-17,-6.938893903907228e-18
c0,3.6,0.06999999999999998,0.05999999999999998,-2.7755575615628914e-17,-2.0816681711721685e-17
c0,3.625,0.06999999999999999,0.05999999999999999,-1.3877787807814457e-17,-6.938893903907228e-18
c0,3.6500000000000004,0.07000000000000002,0.06,1.3877787807814457e-17,0.0
c0,3.6750000000000003,0.07,0.06,0.0,0.0
c0,3.7,0.07,0.060000000000000005,0.0,6.938893903907228e-18
c0,3.725,0.07000000000000002,0.06000000000000001,1.3877787807814457e-17,1.3877787807814457e-17
c0,3.75,0.07000000000000002,0.060000000000000005,1.3877787807814457e-17,6.938893903907228e-18
c0,3.7750000000000004,0.07000000000000002,0.06000000000000002,1.3877787807814457e-17,2.0816681711721685e-17
c0,3.8000000000000003,0.07000000000000003,0.060000000000000026,2.7755575615628914e-17,2.7755575615628914e-17
c0,3.825,0.07000000000000003,0.060000000000000026,2.7755575615628914e-17,2.7755575615628914e-17
c0,3.85,0.07000000000000003,0.060000000000000026,2.7755575615628914e-17,2.7755575615628914e-17
c0,3.875,0.07,0.06000000000000001,0.0,1.3877787807814457e-17
c0,3.9000000000000004,0.06999999999999998,0.05999999999999998,-2.7755575615628914e-17,-2.0816681711721685e-17
c0,3.9250000000000003,0.06999999999999995,0.05999999999999995,-5.551115123125783e-17,-4.85722573273506e-17
c0,3.95,0.06999999999999995,0.059999999999999956,-5.551115123125783e-17,-4.163336342344337e-17
c0,3.975,0.06999999999999999,0.059999999999999984,-1.3877787807814457e-17,-1.3877787807814457e-17
c0,4.0,0.07000000000000002,0.060000000000000005,1.3877787807814457e-17,6.938893903907228e-18
minkowski,0.0,0.0,0.0,0.0,0.0
minkowski,0.00625,0.0,0.0,0.0,0.0
minkowski,0.0125,0.0,0.0,0.0,0.0
minkowski,0.018750000000000003,0.0,0.0,0.0,0.0
minkowski,0.025,0.0,0.0,0.0,0.0
minkowski,0.03125,0.0,0.0,0.0,0.0
minkowski,0.037500000000000006,0.0,0.0,0.0,0.0
minkowski,0.043750000000000004,0.0,0.0,0.0,0.0
minkowski,0.05,0.0,0.0,0.0,0.0
minkowski,0.05625,0.0,0.0,0.0,0.0
minkowski,0.0625,0.0,0.0,0.0,0.0
minkowski,0.06875,0.0,0.0,0.0,0.0
minkowski,0.07500000000000001,0.0,0.0,0.0,0.0
minkowski,0.08125,0.0,0.0,0.0,0.0
minkowski,0.08750000000000001,0.0,0.0,0.0,0.0
minkowski,0.09375,0.0,0.0,0.0,0.0
minkowski,0.1,0.0,0.0,0.0,0.0
minkowski,0.10625000000000001,0.0,0.0,0.0,0.0
minkowski,0.1125,0.0,0.0,0.0,0.0
minkowski,0.11875000000000001,0.0,0.0,0.0,0.0
minkowski,0.125,0.0,0.0,0.0,0.0
minkowski,0.13125,0.0,0.0,0.0,0.0
minkowski,0.1375,0.0,0.0,0.0,0.0
minkowski,0.14375000000000002,0.0,0.0,0.0,0.0
minkowski,0.15000000000000002,0.0,0.0,0.0,0.0
minkowski,0.15625,0.0,0.0,0.0,0.0
minkowski,0.1625,0.0,0.0,0.0,0.0
minkowski,0.16875,0.0,0.0,0.0,0.0
minkowski,0.17500000000000002,0.0,0.0,0.0,0.0
minkowski,0.18125000000000002,0.0,0.0,0.0,0.0
minkowski,0.1875,0.0,0.0,0.0,0.0
minkowski,0.19375,0.0,0.0,0.0,0.0
minkowski,0.2,0.0,0.0,0.0,0.0
minkowski,0.20625000000000002,0.0,0.0,0.0,0.0
minkowski,0.21250000000000002,0.0,0.0,0.0,0.0
minkowski,0.21875,0.0,0.0,0.0,0.0
minkowski,0.225,0.0,0.0,0.0,0.0
minkowski,0.23125,0.0,0.0,0.0,0.0
minkowski,0.23750000000000002,0.0,0.0,0.0,0.0
minkowski,0.24375000000000002,0.0,0.0,0.0,0.0
minkowski,0.25,0.0,0.0,0.0,0.0
minkowski,0.25625000000000003,0.0,0.0,0.0,0.0
minkowski,0.2625,0.0,0.0,0.0,0.0
minkowski,0.26875,0.0,0.0,0.0,0.0
minkowski,0.275,0.0,0.0,0.0,0.0
minkowski,0.28125,0.0,0.0,0.0,0.0
minkowski,0.28750000000000003,0.0,0.0,0.0,0.0
minkowski,0.29375,0.0,0.0,0.0,0.0
minkowski,0.30000000000000004,0.0,0.0,0.0,0.0
minkowski,0.30625,0.0,0.0,0.0,0.0
minkowski,0.3125,0.0,0.0,0.0,0.0
minkowski,0.31875000000000003,0.0,0.0,0.0,0.0
minkowski,0.325,0.0,0.0,0.0,0.0
minkowski,0.33125000000000004,0.0,0.0,0.0,0.0
minkowski,0.3375,0.0,0.0,0.0,0.0
minkowski,0.34375,0.0,0.0,0.0,0.0
minkowski,0.35000000000000003,0.0,0.0,0.0,0.0
minkowski,0.35625,0.0,0.0,0.0,0.0
minkowski,0.36250000000000004,0.0,0.0,0.0,0.0
minkowski,0.36875,0.0,0.0,0.0,0.0
minkowski,0.375,0.0,0.0,0.0,0.0
minkowski,0.38125000000000003,0.0,0.0,0.0,0.0
minkowski,0.3875,0.0,0.0,0.0,0.0
minkowski,0.39375000000000004,0.0,0.0,0.0,0.0
minkowski,0.4,0.0,0.0,0.0,0.0
minkowski,0.40625,0.0,0.0,0.0,0.0
minkowski,0.41250000000000003,0.0,0.0,0.0,0.0
minkowski,0.41875,0.0,0.0,0.0,0.0
minkowski,0.42500000000000004,0.0,0.0,0.0,0.0
minkowski,0.43125,0.0,0.0,0.0,0.0
minkowski,0.4375,0.0,0.0,0.0,0.0
minkowski,0.44375000000000003,0.0,0.0,0.0,0.0
minkowski,0.45,0.0,0.0,0.0,0.0
minkowski,0.45625000000000004,0.0,0.0,0.0,0.0
minkowski,0.4625,0.0,0.0,0.0,0.0
minkowski,0.46875,0.0,0.0,0.0,0.0
minkowski,0.47500000000000003,0.0,0.0,0.0,0.0
minkowski,0.48125,0.0,0.0,0.0,0.0
minkowski,0.48750000000000004,0.0,0.0,0.0,0.0
minkowski,0.49375,0.0,0.0,0.0,0.0
minkowski,0.5,0.0,0.0,0.0,0.0
minkowski,0.50625,0.0,0.0,0.0,0.0
minkowski,0.5125000000000001,0.0,0.0,0.0,0.0
minkowski,0.51875,0.0,0.0,0.0,0.0
minkowski,0.525,0.0,0.0,0.0,0.0
minkowski,0.53125,0.0,0.0,0.0,0.0
minkowski,0.5375,0.0,0.0,0.0,0.0
minkowski,0.5437500000000001,0.0,0.0,0.0,0.0
minkowski,0.55,0.0,0.0,0.0,0.0
minkowski,0.55625,0.0,0.0,0.0,0.0
minkowski,0.5625,0.0,0.0,0.0,0.0
minkowski,0.56875,0.0,0.0,0.0,0.0
minkowski,0.5750000000000001,0.0,0.0,0.0,0.0
minkowski,0.58125,0.0,0.0,0.0,0.0
minkowski,0.5875,0.0,0.0,0.0,0.0
minkowski,0.59375,0.0,0.0,0.0,0.0
minkowski,0.6000000000000001,0.0,0.0,0.0,0.0
minkowski,0.6062500000000001,0.0,0.0,0.0,0.0
minkowski,0.6125,0.0,0.0,0.0,0.0
minkowski,0.61875,0.0,0.0,0.0,0.0
minkowski,0.625,0.0,0.0,0.0,0.0
minkowski,0.6312500000000001,0.0,0.0,0.0,0.0
minkowski,0.6375000000000001,0.0,0.0,0.0,0.0
minkowski,0.64375,0.0,0.0,0.0,0.0
minkowski,0.65,0.0,0.0,0.0,0.0
minkowski,0.65625,0.0,0.0,0.0,0.0
minkowski,0.6625000000000001,0.0,0.0,0.0,0.0
minkowski,0.6687500000000001,0.0,0.0,0.0,0.0
minkowski,0.675,0.0,0.0,0.0,0.0
minkowski,0.68125,0.0,0.0,0.0,0.0
minkowski,0.6875,0.0,0.0,0.0,0.0
minkowski,0.6937500000000001,0.0,0.0,0.0,0.0
minkowski,0.7000000000000001,0.0,0.0,0.0,0.0
minkowski,0.70625,0.0,0.0,0.0,0.0
minkowski,0.7125,0.0,0.0,0.0,0.0
minkowski,0.71875,0.0,0.0,0.0,0.0
minkowski,0.7250000000000001,0.0,0.0,0.0,0.0
minkowski,0.7312500000000001,0.0,0.0,0.0,0.0
minkowski,0.7375,0.0,0.0,0.0,0.0
minkowski,0.74375,0.0,0.0,0.0,0.0
minkowski,0.75,0.0,0.0,0.0,0.0
minkowski,0.7562500000000001,0.0,0.0,0.0,0.0
minkowski,0.7625000000000001,0.0,0.0,0.0,0.0
minkowski,0.76875,0.0,0.0,0.0,0.0
minkowski,0.775,0.0,0.0,0.0,0.0
minkowski,0.78125,0.0,0.0,0.0,0.0
minkowski,0.7875000000000001,0.0,0.0,0.0,0.0
minkowski,0.7937500000000001,0.0,0.0,0.0,0.0
minkowski,0.8,0.0,0.0,0.0,0.0
minkowski,0.80625,0.0,0.0,0.0,0.0
minkowski,0.8125,0.0,0.0,0.0,0.0
minkowski,0.8187500000000001,0.0,0.0,0.0,0.0
minkowski,0.8250000000000001,0.0,0.0,0.0,0.0
minkowski,0.83125,0.0,0.0,0.0,0.0
minkowski,0.8375,0.0,0.0,0.0,0.0
minkowski,0.84375,0.0,0.0,0.0,0.0
minkowski,0.8500000000000001,0.0,0.0,0.0,0.0
minkowski,0.8562500000000001,0.0,0.0,0.0,0.0
minkowski,0.8625,0.0,0.0,0.0,0.0
minkowski,0.86875,0.0,0.0,0.0,0.0
minkowski,0.875,0.0,0.0,0.0,0.0
minkowski,0.8812500000000001,0.0,0.0,0.0,0.0
minkowski,0.8875000000000001,0.0,0.0,0.0,0.0
minkowski,0.89375,0.0,0.0,0.0,0.0
minkowski,0.9,0.0,0.0,0.0,0.0
minkowski,0.90625,0.0,0.0,0.0,0.0
minkowski,0.9125000000000001,0.0,0.0,0.0,0.0
minkowski,0.9187500000000001,0.0,0.0,0.0,0.0
minkowski,0.925,0.0,0.0,0.0,0.0
minkowski,0.93125,0.0,0.0,0.0,0.0
minkowski,0.9375,0.0,0.0,0.0,0.0
minkowski,0.9437500000000001,0.0,0.0,0.0,0.0
minkowski,0.9500000000000001,0.0,0.0,0.0,0.0
minkowski,0.95625,0.0,0.0,0.0,0.0
minkowski,0.9625,0.0,0.0,0.0,0.0
minkowski,0.96875,0.0,0.0,0.0,0.0
minkowski,0.9750000000000001,0.0,0.0,0.0,0.0
minkowski,0.9812500000000001,0.0,0.0,0.0,0.0
minkowski,0.9875,0.0,0.0,0.0,0.0
minkowski,0.99375,0.0,0.0,0.0,0.0
minkowski,1.0,0.0,0.0,0.0,0.0
pure_de_sitter,0.0,0.0,0.0,0.0,0.0
pure_de_sitter,0.0125,0.0,0.0,0.0,0.0
pure_de_sitter,0.025,0.0,0.0,0.0,0.0
pure_de_sitter,0.037500000000000006,0.0,0.0,0.0,0.0
pure_de_sitter,0.05,0.0,0.0,0.0,0.0
pure_de_sitter,0.0625,0.0,0.0,0.0,0.0
pure_de_sitter,0.07500000000000001,0.0,0.0,0.0,0.0
pure_de_sitter,0.08750000000000001,0.0,0.0,0.0,0.0
pure_de_sitter,0.1,0.0,0.0,0.0,0.0
pure_de_sitter,0.1125,0.0,0.0,0.0,0.0
pure_de_sitter,0.125,0.0,0.0,0.0,0.0
pure_de_sitter,0.1375,0.0,0.0,0.0,0.0
pure_de_sitter,0.15000000000000002,0.0,0.0,0.0,0.0
pure_de_sitter,0.1625,0.0,0.0,0.0,0.0
pure_de_sitter,0.17500000000000002,0.0,0.0,0.0,0.0
pure_de_sitter,0.1875,0.0,0.0,0.0,0.0
pure_de_sitter,0.2,0.0,0.0,0.0,0.0
pure_de_sitter,0.21250000000000002,0.0,0.0,0.0,0.0
pure_de_sitter,0.225,0.0,0.0,0.0,0.0
pure_de_sitter,0.23750000000000002,0.0,0.0,0.0,0.0
pure_de_sitter,0.25,0.0,0.0,0.0,0.0
pure_de_sitter,0.2625,0.0,0.0,0.0,0.0
pure_de_sitter,0.275,0.0,0.0,0.0,0.0
pure_de_sitter,0.28750000000000003,0.0,0.0,0.0,0.0
pure_de_sitter,0.30000000000000004,0.0,0.0,0.0,0.0
pure_de_sitter,0.3125,0.0,0.0,0.0,0.0
pure_de_sitter,0.325,0.0,0.0,0.0,0.0
pure_de_sitter,0.3375,0.0,0.0,0.0,0.0
pure_de_sitter,0.35000000000000003,0.0,0.0,0.0,0.0
pure_de_sitter,0.36250000000000004,0.0,0.0,0.0,0.0
pure_de_sitter,0.375,0.0,0.0,0.0,0.0
pure_de_sitter,0.3875,0.0,0.0,0.0,0.0
pure_de_sitter,0.4,0.0,0.0,0.0,0.0
pure_de_sitter,0.41250000000000003,0.0,0.0,0.0,0.0
pure_de_sitter,0.42500000000000004,0.0,0.0,0.0,0.0
pure_de_sitter,0.4375,0.0,0.0,0.0,0.0
pure_de_sitter,0.45,0.0,0.0,0.0,0.0
pure_de_sitter,0.4625,0.0,0.0,0.0,0.0
pure_de_sitter,0.47500000000000003,0.0,0.0,0.0,0.0
pure_de_sitter,0.48750000000000004,0.0,0.0,0.0,0.0
pure_de_sitter,0.5,0.0,0.0,0.0,0.0
pure_de_sitter,0.5125000000000001,0.0,0.0,0.0,0.0
pure_de_sitter,0.525,0.0,0.0,0.0,0.0
pure_de_sitter,0.5375,0.0,0.0,0.0,0.0
pure_de_sitter,0.55,0.0,0.0,0.0,0.0
pure_de_sitter,0.5625,0.0,0.0,0.0,0.0
pure_de_sitter,0.5750000000000001,0.0,0.0,0.0,0.0
pure_de_sitter,0.5875,0.0,0.0,0.0,0.0
pure_de_sitter,0.6000000000000001,0.0,0.0,0.0,0.0
pure_de_sitter,0.6125,0.0,0.0,0.0,0.0
pure_de_sitter,0.625,0.0,0.0,0.0,0.0
pure_de_sitter,0.6375000000000001,0.0,0.0,0.0,0.0
pure_de_sitter,0.65,0.0,0.0,0.0,0.0
pure_de_sitter,0.6625000000000001,0.0,0.0,0.0,0.0
pure_de_sitter,0.675,0.0,0.0,0.0,0.0
pure_de_sitter,0.6875,0.0,0.0,0.0,0.0
pure_de_sitter,0.7000000000000001,0.0,0.0,0.0,0.0
pure_de_sitter,0.7125,0.0,0.0,0.0,0.0
pure_de_sitter,0.7250000000000001,0.0,0.0,0.0,0.0
pure_de_sitter,0.7375,0.0,0.0,0.0,0.0
pure_de_sitter,0.75,0.0,0.0,0.0,0.0
pure_de_sitter,0.7625000000000001,0.0,0.0,0.0,0.0
pure_de_sitter,0.775,0.0,0.0,0.0,0.0
pure_de_sitter,0.7875000000000001,0.0,0.0,0.0,0.0
pure_de_sitter,0.8,0.0,0.0,0.0,0.0
pure_de_sitter,0.8125,0.0,0.0,0.0,0.0
pure_de_sitter,0.8250000000000001,0.0,0.0,0.0,0.0
pure_de_sitter,0.8375,0.0,0.0,0.0,0.0
pure_de_sitter,0.8500000000000001,0.0,0.0,0.0,0.0
pure_de_sitter,0.8625,0.0,0.0,0.0,0.0
pure_de_sitter,0.875,0.0,0.0,0.0,0.0
pure_de_sitter,0.8875000000000001,0.0,0.0,0.0,0.0
pure_de_sitter,0.9,0.0,0.0,0.0,0.0
pure_de_sitter,0.9125000000000001,0.0,0.0,0.0,0.0
pure_de_sitter,0.925,0.0,0.0,0.0,0.0
pure_de_sitter,0.9375,0.0,0.0,0.0,0.0
pure_de_sitter,0.9500000000000001,0.0,0.0,0.0,0.0
pure_de_sitter,0.9625,0.0,0.0,0.0,0.0
pure_de_sitter,0.9750000000000001,0.0,0.0,0.0,0.0
pure_de_sitter,0.9875,0.0,0.0,0.0,0.0
pure_de_sitter,1.0,0.0,0.0,0.0,0.0
pure_de_sitter,1.0125,0.0,0.0,0.0,0.0
pure_de_sitter,1.0250000000000001,0.0,0.0,0.0,0.0
pure_de_sitter,1.0375,0.0,0.0,0.0,0.0
pure_de_sitter,1.05,0.0,0.0,0.0,0.0
pure_de_sitter,1.0625,0.0,0.0,0.0,0.0
pure_de_sitter,1.075,0.0,0.0,0.0,0.0
pure_de_sitter,1.0875000000000001,0.0,0.0,0.0,0.0
pure_de_sitter,1.1,0.0,0.0,0.0,0.0
pure_de_sitter,1.1125,0.0,0.0,0.0,0.0
pure_de_sitter,1.125,0.0,0.0,0.0,0.0
pure_de_sitter,1.1375,0.0,0.0,0.0,0.0
pure_de_sitter,1.1500000000000001,0.0,0.0,0.0,0.0
pure_de_sitter,1.1625,0.0,0.0,0.0,0.0
pure_de_sitter,1.175,0.0,0.0,0.0,0.0
pure_de_sitter,1.1875,0.0,0.0,0.0,0.0
pure_de_sitter,1.2000000000000002,0.0,0.0,0.0,0.0
pure_de_sitter,1.2125000000000001,0.0,0.0,0.0,0.0
pure_de_sitter,1.225,0.0,0.0,0.0,0.0
pure_de_sitter,1.2375,0.0,0.0,0.0,0.0
pure_de_sitter,1.25,0.0,0.0,0.0,0.0
pure_de_sitter,1.2625000000000002,0.0,0.0,0.0,0.0
pure_de_sitter,1.2750000000000001,0.0,0.0,0.0,0.0
pure_de_sitter,1.2875,0.0,0.0,0.0,0.0
pure_de_sitter,1.3,0.0,0.0,0.0,0.0
pure_de_sitter,1.3125,0.0,0.0,0.0,0.0
pure_de_sitter,1.3250000000000002,0.0,0.0,0.0,0.0
pure_de_sitter,1.3375000000000001,0.0,0.0,0.0,0.0
pure_de_sitter,1.35,0.0,0.0,0.0,0.0
pure_de_sitter,1.3625,0.0,0.0,0.0,0.0
pure_de_sitter,1.375,0.0,0.0,0.0,0.0
pure_de_sitter,1.3875000000000002,0.0,0.0,0.0,0.0
pure_de_sitter,1.4000000000000001,0.0,0.0,0.0,0.0
pure_de_sitter,1.4125,0.0,0.0,0.0,0.0
pure_de_sitter,1.425,0.0,0.0,0.0,0.0
pure_de_sitter,1.4375,0.0,0.0,0.0,0.0
pure_de_sitter,1.4500000000000002,0.0,0.0,0.0,0.0
pure_de_sitter,1.4625000000000001,0.0,0.0,0.0,0.0
pure_de_sitter,1.475,0.0,0.0,0.0,0.0
pure_de_sitter,1.4875,0.0,0.0,0.0,0.0
pure_de_sitter,1.5,0.0,0.0,0.0,0.0
pure_de_sitter,1.5125000000000002,0.0,0.0,0.0,0.0
pure_de_sitter,1.5250000000000001,0.0,0.0,0.0,0.0
pure_de_sitter,1.5375,0.0,0.0,0.0,0.0
pure_de_sitter,1.55,0.0,0.0,0.0,0.0
pure_de_sitter,1.5625,0.0,0.0,0.0,0.0
pure_de_sitter,1.5750000000000002,0.0,0.0,0.0,0.0
pure_de_sitter,1.5875000000000001,0.0,0.0,0.0,0.0
pure_de_sitter,1.6,0.0,0.0,0.0,0.0
pure_de_sitter,1.6125,0.0,0.0,0.0,0.0
pure_de_sitter,1.625,0.0,0.0,0.0,0.0
pure_de_sitter,1.6375000000000002,0.0,0.0,0.0,0.0
pure_de_sitter,1.6500000000000001,0.0,0.0,0.0,0.0
pure_de_sitter,1.6625,0.0,0.0,0.0,0.0
pure_de_sitter,1.675,0.0,0.0,0.0,0.0
pure_de_sitter,1.6875,0.0,0.0,0.0,0.0
pure_de_sitter,1.7000000000000002,0.0,0.0,0.0,0.0
pure_de_sitter,1.7125000000000001,0.0,0.0,0.0,0.0
pure_de_sitter,1.725,0.0,0.0,0.0,0.0
pure_de_sitter,1.7375,0.0,0.0,0.0,0.0
pure_de_sitter,1.75,0.0,0.0,0.0,0.0
pure_de_sitter,1.7625000000000002,0.0,0.0,0.0,0.0
pure_de_sitter,1.7750000000000001,0.0,0.0,0.0,0.0
pure_de_sitter,1.7875,0.0,0.0,0.0,0.0
pure_de_sitter,1.8,0.0,0.0,0.0,0.0
pure_de_sitter,1.8125,0.0,0.0,0.0,0.0
pure_de_sitter,1.8250000000000002,0.0,0.0,0.0,0.0
pure_de_sitter,1.8375000000000001,0.0,0.0,0.0,0.0
pure_de_sitter,1.85,0.0,0.0,0.0,0.0
pure_de_sitter,1.8625,0.0,0.0,0.0,0.0
pure_de_sitter,1.875,0.0,0.0,0.0,0.0
pure_de_sitter,1.8875000000000002,0.0,0.0,0.0,0.0
pure_de_sitter,1.9000000000000001,0.0,0.0,0.0,0.0
pure_de_sitter,1.9125,0.0,0.0,0.0,0.0
pure_de_sitter,1.925,0.0,0.0,0.0,0.0
pure_de_sitter,1.9375,0.0,0.0,0.0,0.0
pure_de_sitter,1.9500000000000002,0.0,0.0,0.0,0.0
pure_de_sitter,1.9625000000000001,0.0,0.0,0.0,0.0
pure_de_sitter,1.975,0.0,0.0,0.0,0.0
pure_de_sitter,1.9875,0.0,0.0,0.0,0.0
pure_de_sitter,2.0,0.0,0.0,0.0,0.0
nonzero_scalar,0.0,0.0,0.0,0.0,0.0
nonzero_scalar,0.01875,0.0,0.0,0.0,0.0
nonzero_scalar,0.0375,0.0,0.0,0.0,0.0
nonzero_scalar,0.056249999999999994,0.0,0.0,0.0,0.0
nonzero_scalar,0.075,0.0,0.0,0.0,0.0
nonzero_scalar,0.09375,0.0,0.0,0.0,0.0
nonzero_scalar,0.11249999999999999,0.0,0.0,0.0,0.0
nonzero_scalar,0.13125,0.0,0.0,0.0,0.0
nonzero_scalar,0.15,0.0,0.0,0.0,0.0
nonzero_scalar,0.16874999999999998,0.0,0.0,0.0,0.0
nonzero_scalar,0.1875,0.0,0.0,0.0,0.0
nonzero_scalar,0.20625,0.0,0.0,0.0,0.0
nonzero_scalar,0.22499999999999998,0.0,0.0,0.0,0.0
nonzero_scalar,0.24375,0.0,0.0,0.0,0.0
nonzero_scalar,0.2625,0.0,0.0,0.0,0.0
nonzero_scalar,0.28125,0.0,0.0,0.0,0.0
nonzero_scalar,0.3,0.0,0.0,0.0,0.0
nonzero_scalar,0.31875,0.0,0.0,0.0,0.0
nonzero_scalar,0.33749999999999997,0.0,0.0,0.0,0.0
nonzero_scalar,0.35625,0.0,0.0,0.0,0.0
nonzero_scalar,0.375,0.0,0.0,0.0,0.0
nonzero_scalar,0.39375,0.0,0.0,0.0,0.0
nonzero_scalar,0.4125,0.0,0.0,0.0,0.0
nonzero_scalar,0.43124999999999997,0.0,0.0,0.0,0.0
nonzero_scalar,0.44999999999999996,0.0,0.0,0.0,0.0
nonzero_scalar,0.46875,0.0,0.0,0.0,0.0
nonzero_scalar,0.4875,0.0,0.0,0.0,0.0
nonzero_scalar,0.50625,0.0,0.0,0.0,0.0
nonzero_scalar,0.525,0.0,0.0,0.0,0.0
nonzero_scalar,0.54375,0.0,0.0,0.0,0.0
nonzero_scalar,0.5625,0.0,0.0,0.0,0.0
nonzero_scalar,0.5812499999999999,0.0,0.0,0.0,0.0
nonzero_scalar,0.6,0.0,0.0,0.0,0.0
nonzero_scalar,0.61875,0.0,0.0,0.0,0.0
nonzero_scalar,0.6375,0.0,0.0,0.0,0.0
nonzero_scalar,0.65625,0.0,0.0,0.0,0.0
nonzero_scalar,0.6749999999999999,0.0,0.0,0.0,0.0
nonzero_scalar,0.69375,0.0,0.0,0.0,0.0
nonzero_scalar,0.7125,0.0,0.0,0.0,0.0
nonzero_scalar,0.73125,0.0,0.0,0.0,0.0
nonzero_scalar,0.75,0.0,0.0,0.0,0.0
nonzero_scalar,0.7687499999999999,0.0,0.0,0.0,0.0
nonzero_scalar,0.7875,0.0,0.0,0.0,0.0
nonzero_scalar,0.80625,0.0,0.0,0.0,0.0
nonzero_scalar,0.825,0.0,0.0,0.0,0.0
nonzero_scalar,0.84375,0.0,0.0,0.0,0.0
nonzero_scalar,0.8624999999999999,0.0,0.0,0.0,0.0
nonzero_scalar,0.88125,0.0,0.0,0.0,0.0
nonzero_scalar,0.8999999999999999,0.0,0.0,0.0,0.0
nonzero_scalar,0.91875,0.0,0.0,0.0,0.0
nonzero_scalar,0.9375,0.0,0.0,0.0,0.0
nonzero_scalar,0.9562499999999999,0.0,0.0,0.0,0.0
nonzero_scalar,0.975,0.0,0.0,0.0,0.0
nonzero_scalar,0.9937499999999999,0.0,0.0,0.0,0.0
nonzero_scalar,1.0125,0.0,0.0,0.0,0.0
nonzero_scalar,1.03125,0.0,0.0,0.0,0.0
nonzero_scalar,1.05,0.0,0.0,0.0,0.0
nonzero_scalar,1.0687499999999999,0.0,0.0,0.0,0.0
nonzero_scalar,1.0875,0.0,0.0,0.0,0.0
nonzero_scalar,1.10625,0.0,0.0,0.0,0.0
nonzero_scalar,1.125,0.0,0.0,0.0,0.0
nonzero_scalar,1.14375,0.0,0.0,0.0,0.0
nonzero_scalar,1.1624999999999999,0.0,0.0,0.0,0.0
nonzero_scalar,1.18125,0.0,0.0,0.0,0.0
nonzero_scalar,1.2,0.0,0.0,0.0,0.0
nonzero_scalar,1.21875,0.0,0.0,0.0,0.0
nonzero_scalar,1.2375,0.0,0.0,0.0,0.0
nonzero_scalar,1.2562499999999999,0.0,0.0,0.0,0.0
nonzero_scalar,1.275,0.0,0.0,0.0,0.0
nonzero_scalar,1.29375,0.0,0.0,0.0,0.0
nonzero_scalar,1.3125,0.0,0.0,0.0,0.0
nonzero_scalar,1.33125,0.0,0.0,0.0,0.0
nonzero_scalar,1.3499999999999999,0.0,0.0,0.0,0.0
nonzero_scalar,1.36875,0.0,0.0,0.0,0.0
nonzero_scalar,1.3875,0.0,0.0,0.0,0.0
nonzero_scalar,1.40625,0.0,0.0,0.0,0.0
nonzero_scalar,1.425,0.0,0.0,0.0,0.0
nonzero_scalar,1.4437499999999999,0.0,0.0,0.0,0.0
nonzero_scalar,1.4625,0.0,0.0,0.0,0.0
nonzero_scalar,1.48125,0.0,0.0,0.0,0.0
nonzero_scalar,1.5,0.0,0.0,0.0,0.0
nonzero_scalar,1.51875,0.0,0.0,0.0,0.0
nonzero_scalar,1.5374999999999999,0.0,0.0,0.0,0.0
nonzero_scalar,1.55625,0.0,0.0,0.0,0.0
nonzero_scalar,1.575,0.0,0.0,0.0,0.0
nonzero_scalar,1.59375,0.0,0.0,0.0,0.0
nonzero_scalar,1.6125,0.0,0.0,0.0,0.0
nonzero_scalar,1.6312499999999999,0.0,0.0,0.0,0.0
nonzero_scalar,1.65,0.0,0.0,0.0,0.0
nonzero_scalar,1.66875,0.0,0.0,0.0,0.0
nonzero_scalar,1.6875,0.0,0.0,0.0,0.0
nonzero_scalar,1.70625,0.0,0.0,0.0,0.0
nonzero_scalar,1.7249999999999999,0.0,0.0,0.0,0.0
nonzero_scalar,1.74375,0.0,0.0,0.0,0.0
nonzero_scalar,1.7625,0.0,0.0,0.0,0.0
nonzero_scalar,1.78125,0.0,0.0,0.0,0.0
nonzero_scalar,1.7999999999999998,0.0,0.0,0.0,0.0
nonzero_scalar,1.8187499999999999,0.0,0.0,0.0,0.0
nonzero_scalar,1.8375,0.0,0.0,0.0,0.0
nonzero_scalar,1.85625,0.0,0.0,0.0,0.0
nonzero_scalar,1.875,0.0,0.0,0.0,0.0
nonzero_scalar,1.8937499999999998,0.0,0.0,0.0,0.0
nonzero_scalar,1.9124999999999999,0.0,0.0,0.0,0.0
nonzero_scalar,1.93125,0.0,0.0,0.0,0.0
nonzero_scalar,1.95,0.0,0.0,0.0,0.0
nonzero_scalar,1.96875,0.0,0.0,0.0,0.0
nonzero_scalar,1.9874999999999998,0.0,0.0,0.0,0.0
nonzero_scalar,2.00625,0.0,0.0,0.0,0.0
nonzero_scalar,2.025,0.0,0.0,0.0,0.0
nonzero_scalar,2.0437499999999997,0.0,0.0,0.0,0.0
nonzero_scalar,2.0625,0.0,0.0,0.0,0.0
nonzero_scalar,2.08125,0.0,0.0,0.0,0.0
nonzero_scalar,2.1,0.0,0.0,0.0,0.0
nonzero_scalar,2.11875,0.0,0.0,0.0,0.0
nonzero_scalar,2.1374999999999997,0.0,0.0,0.0,0.0
nonzero_scalar,2.15625,0.0,0.0,0.0,0.0
nonzero_scalar,2.175,0.0,0.0,0.0,0.0
nonzero_scalar,2.19375,0.0,0.0,0.0,0.0
nonzero_scalar,2.2125,0.0,0.0,0.0,0.0
nonzero_scalar,2.2312499999999997,0.0,0.0,0.0,0.0
nonzero_scalar,2.25,0.0,0.0,0.0,0.0
nonzero_scalar,2.26875,0.0,0.0,0.0,0.0
nonzero_scalar,2.2875,0.0,0.0,0.0,0.0
nonzero_scalar,2.30625,0.0,0.0,0.0,0.0
nonzero_scalar,2.3249999999999997,0.0,0.0,0.0,0.0
nonzero_scalar,2.34375,0.0,0.0,0.0,0.0
nonzero_scalar,2.3625,0.0,0.0,0.0,0.0
nonzero_scalar,2.38125,0.0,0.0,0.0,0.0
nonzero_scalar,2.4,0.0,0.0,0.0,0.0
nonzero_scalar,2.4187499999999997,0.0,0.0,0.0,0.0
nonzero_scalar,2.4375,0.0,0.0,0.0,0.0
nonzero_scalar,2.45625,0.0,0.0,0.0,0.0
nonzero_scalar,2.475,0.0,0.0,0.0,0.0
nonzero_scalar,2.49375,0.0,0.0,0.0,0.0
nonzero_scalar,2.5124999999999997,0.0,0.0,0.0,0.0
nonzero_scalar,2.53125,0.0,0.0,0.0,0.0
nonzero_scalar,2.55,0.0,0.0,0.0,0.0
nonzero_scalar,2.56875,0.0,0.0,0.0,0.0
nonzero_scalar,2.5875,0.0,0.0,0.0,0.0
nonzero_scalar,2.6062499999999997,0.0,0.0,0.0,0.0
nonzero_scalar,2.625,0.0,0.0,0.0,0.0
nonzero_scalar,2.64375,0.0,0.0,0.0,0.0
nonzero_scalar,2.6625,0.0,0.0,0.0,0.0
nonzero_scalar,2.68125,0.0,0.0,0.0,0.0
nonzero_scalar,2.6999999999999997,0.0,0.0,0.0,0.0
nonzero_scalar,2.71875,0.0,0.0,0.0,0.0
nonzero_scalar,2.7375,0.0,0.0,0.0,0.0
nonzero_scalar,2.75625,0.0,0.0,0.0,0.0
nonzero_scalar,2.775,0.0,0.0,0.0,0.0
nonzero_scalar,2.7937499999999997,0.0,0.0,0.0,0.0
nonzero_scalar,2.8125,0.0,0.0,0.0,0.0
nonzero_scalar,2.83125,0.0,0.0,0.0,0.0
nonzero_scalar,2.85,0.0,0.0,0.0,0.0
nonzero_scalar,2.86875,0.0,0.0,0.0,0.0
nonzero_scalar,2.8874999999999997,0.0,0.0,0.0,0.0
nonzero_scalar,2.90625,0.0,0.0,0.0,0.0
nonzero_scalar,2.925,0.0,0.0,0.0,0.0
nonzero_scalar,2.94375,0.0,0.0,0.0,0.0
nonzero_scalar,2.9625,0.0,0.0,0.0,0.0
nonzero_scalar,2.9812499999999997,0.0,0.0,0.0,0.0
nonzero_scalar,3.0,0.0,0.0,0.0,0.0
early_contraction,0.0,0.020816215483847763,0.03,0.0,0.0
early_contraction,0.0021874999999999998,0.020816215483847766,0.03,3.469446951953614e-18,0.0
early_contraction,0.0043749999999999995,0.020816215483847763,0.030000000000000002,0.0,3.469446951953614e-18
early_contraction,0.006562499999999999,0.020816215483847766,0.03,3.469446951953614e-18,0.0
early_contraction,0.008749999999999999,0.020816215483847766,0.03,3.469446951953614e-18,0.0
early_contraction,0.0109375,0.020816215483847766,0.03,3.469446951953614e-18,0.0
early_contraction,0.013124999999999998,0.02081621548384777,0.03,6.938893903907228e-18,0.0
early_contraction,0.015312499999999998,0.020816215483847766,0.03,3.469446951953614e-18,0.0
early_contraction,0.017499999999999998,0.020816215483847763,0.029999999999999995,0.0,-3.469446951953614e-18
early_contraction,0.019687499999999997,0.020816215483847763,0.03,0.0,0.0
early_contraction,0.021875,0.020816215483847763,0.03,0.0,0.0
early_contraction,0.024062499999999997,0.020816215483847766,0.03,3.469446951953614e-18,0.0
early_contraction,0.026249999999999996,0.020816215483847766,0.03,3.469446951953614e-18,0.0
early_contraction,0.028437499999999998,0.020816215483847766,0.03,3.469446951953614e-18,0.0
early_contraction,0.030624999999999996,0.020816215483847766,0.03,3.469446951953614e-18,0.0
early_contraction,0.032812499999999994,0.020816215483847766,0.029999999999999995,3.469446951953614e-18,-3.469446951953614e-18
early_contraction,0.034999999999999996,0.020816215483847766,0.03,3.469446951953614e-18,0.0
early_contraction,0.0371875,0.020816215483847766,0.03,3.469446951953614e-18,0.0
early_contraction,0.03937499999999999,0.020816215483847766,0.03,3.469446951953614e-18,0.0
early_contraction,0.041562499999999995,0.02081621548384777,0.03,6.938893903907228e-18,0.0
early_contraction,0.04375,0.02081621548384777,0.03,6.938893903907228e-18,0.0
early_contraction,0.04593749999999999,0.020816215483847763,0.029999999999999995,0.0,-3.469446951953614e-18
early_contraction,0.048124999999999994,0.02081621548384777,0.03,6.938893903907228e-18,0.0
early_contraction,0.050312499999999996,0.020816215483847766,0.029999999999999995,3.469446951953614e-18,-3.469446951953614e-18
early_contraction,0.05249999999999999,0.020816215483847763,0.03,0.0,0.0
early_contraction,0.05468749999999999,0.020816215483847766,0.029999999999999995,3.469446951953614e-18,-3.469446951953614e-18
early_contraction,0.056874999999999995,0.020816215483847766,0.029999999999999995,3.469446951953614e-18,-3.469446951953614e-18
early_contraction,0.0590625,0.020816215483847766,0.03,3.469446951953614e-18,0.0
early_contraction,0.06124999999999999,0.020816215483847766,0.03,3.469446951953614e-18,0.0
early_contraction,0.0634375,0.020816215483847766,0.03,3.469446951953614e-18,0.0
early_contraction,0.06562499999999999,0.020816215483847766,0.03,3.469446951953614e-18,0.0
early_contraction,0.0678125,0.020816215483847766,0.03,3.469446951953614e-18,0.0
early_contraction,0.06999999999999999,0.020816215483847766,0.029999999999999995,3.469446951953614e-18,-3.469446951953614e-18
early_contraction,0.07218749999999999,0.02081621548384777,0.03,6.938893903907228e-18,0.0
early_contraction,0.074375,0.020816215483847763,0.029999999999999995,0.0,-3.469446951953614e-18
early_contraction,0.07656249999999999,0.020816215483847763,0.029999999999999995,0.0,-3.469446951953614e-18
early_contraction,0.07874999999999999,0.020816215483847766,0.03,3.469446951953614e-18,0.0
early_contraction,0.0809375,0.020816215483847766,0.03,3.469446951953614e-18,0.0
early_contraction,0.08312499999999999,0.02081621548384777,0.03,6.938893903907228e-18,0.0
early_contraction,0.08531249999999999,0.020816215483847763,0.029999999999999995,0.0,-3.469446951953614e-18
early_contraction,0.0875,0.02081621548384777,0.029999999999999995,6.938893903907228e-18,-3.469446951953614e-18
early_contraction,0.08968749999999999,0.020816215483847766,0.029999999999999995,3.469446951953614e-18,-3.469446951953614e-18
early_contraction,0.09187499999999998,0.020816215483847766,0.03,3.469446951953614e-18,0.0
early_contraction,0.0940625,0.020816215483847766,0.029999999999999995,3.469446951953614e-18,-3.469446951953614e-18
early_contraction,0.09624999999999999,0.020816215483847766,0.029999999999999995,3.469446951953614e-18,-3.469446951953614e-18
early_contraction,0.09843749999999998,0.020816215483847773,0.03,1.0408340855860843e-17,0.0
early_contraction,0.10062499999999999,0.02081621548384777,0.03,6.938893903907228e-18,0.0
early_contraction,0.10281249999999999,0.020816215483847766,0.029999999999999995,3.469446951953614e-18,-3.469446951953614e-18
early_contraction,0.10499999999999998,0.02081621548384777,0.03,6.938893903907228e-18,0.0
early_contraction,0.10718749999999999,0.020816215483847766,0.029999999999999995,3.469446951953614e-18,-3.469446951953614e-18
early_contraction,0.10937499999999999,0.020816215483847773,0.029999999999999995,1.0408340855860843e-17,-3.469446951953614e-18
early_contraction,0.1115625,0.020816215483847766,0.029999999999999995,3.469446951953614e-18,-3.469446951953614e-18
early_contraction,0.11374999999999999,0.02081621548384777,0.03,6.938893903907228e-18,0.0
early_contraction,0.11593749999999999,0.020816215483847766,0.029999999999999995,3.469446951953614e-18,-3.469446951953614e-18
early_contraction,0.118125,0.02081621548384777,0.029999999999999995,6.938893903907228e-18,-3.469446951953614e-18
early_contraction,0.12031249999999999,0.02081621548384777,0.03,6.938893903907228e-18,0.0
early_contraction,0.12249999999999998,0.020816215483847766,0.029999999999999995,3.469446951953614e-18,-3.469446951953614e-18
early_contraction,0.12468749999999999,0.02081621548384777,0.029999999999999995,6.938893903907228e-18,-3.469446951953614e-18
early_contraction,0.126875,0.020816215483847766,0.029999999999999995,3.469446951953614e-18,-3.469446951953614e-18
early_contraction,0.1290625,0.020816215483847773,0.03,1.0408340855860843e-17,0.0
early_contraction,0.13124999999999998,0.02081621548384777,0.029999999999999995,6.938893903907228e-18,-3.469446951953614e-18
early_contraction,0.1334375,0.02081621548384777,0.03,6.938893903907228e-18,0.0
early_contraction,0.135625,0.020816215483847766,0.03,3.469446951953614e-18,0.0
early_contraction,0.13781249999999998,0.02081621548384777,0.03,6.938893903907228e-18,0.0
early_contraction,0.13999999999999999,0.02081621548384777,0.029999999999999995,6.938893903907228e-18,-3.469446951953614e-18
early_contraction,0.1421875,0.020816215483847766,0.029999999999999995,3.469446951953614e-18,-3.469446951953614e-18
early_contraction,0.14437499999999998,0.020816215483847773,0.03,1.0408340855860843e-17,0.0
early_contraction,0.14656249999999998,0.02081621548384777,0.03,6.938893903907228e-18,0.0
early_contraction,0.14875,0.020816215483847766,0.029999999999999995,3.469446951953614e-18,-3.469446951953614e-18
early_contraction,0.15093749999999997,0.02081621548384777,0.029999999999999995,6.938893903907228e-18,-3.469446951953614e-18
early_contraction,0.15312499999999998,0.020816215483847766,0.029999999999999995,3.469446951953614e-18,-3.469446951953614e-18
early_contraction,0.1553125,0.02081621548384777,0.029999999999999995,6.938893903907228e-18,-3.469446951953614e-18
early_contraction,0.15749999999999997,0.02081621548384777,0.03,6.938893903907228e-18,0.0
early_contraction,0.15968749999999998,0.02081621548384777,0.029999999999999995,6.938893903907228e-18,-3.469446951953614e-18
early_contraction,0.161875,0.020816215483847766,0.03,3.469446951953614e-18,0.0
early_contraction,0.16406249999999997,0.020816215483847766,0.03,3.469446951953614e-18,0.0
early_contraction,0.16624999999999998,0.020816215483847766,0.029999999999999995,3.469446951953614e-18,-3.469446951953614e-18
early_contraction,0.1684375,0.02081621548384777,0.029999999999999995,6.938893903907228e-18,-3.469446951953614e-18
early_contraction,0.17062499999999997,0.020816215483847766,0.029999999999999995,3.469446951953614e-18,-3.469446951953614e-18
early_contraction,0.17281249999999998,0.020816215483847766,0.029999999999999995,3.469446951953614e-18,-3.469446951953614e-18
early_contraction,0.175,0.02081621548384777,0.029999999999999995,6.938893903907228e-18,-3.469446951953614e-18
early_contraction,0.17718749999999997,0.020816215483847766,0.03,3.469446951953614e-18,0.0
early_contraction,0.17937499999999998,0.02081621548384777,0.029999999999999995,6.938893903907228e-18,-3.469446951953614e-18
early_contraction,0.1815625,0.020816215483847766,0.029999999999999995,3.469446951953614e-18,-3.469446951953614e-18
early_contraction,0.18374999999999997,0.020816215483847763,0.03,0.0,0.0
early_contraction,0.18593749999999998,0.020816215483847766,0.03,3.469446951953614e-18,0.0
early_contraction,0.188125,0.02081621548384777,0.029999999999999995,6.938893903907228e-18,-3.469446951953614e-18
early_contraction,0.19031249999999997,0.020816215483847766,0.029999999999999995,3.469446951953614e-18,-3.469446951953614e-18
early_contraction,0.19249999999999998,0.020816215483847766,0.029999999999999995,3.469446951953614e-18,-3.469446951953614e-18
early_contraction,0.19468749999999999,0.020816215483847766,0.03,3.469446951953614e-18,0.0
early_contraction,0.19687499999999997,0.02081621548384777,0.03,6.938893903907228e-18,0.0
early_contraction,0.19906249999999998,0.020816215483847766,0.03,3.469446951953614e-18,0.0
early_contraction,0.20124999999999998,0.020816215483847766,0.03,3.469446951953614e-18,0.0
early_contraction,0.20343749999999997,0.020816215483847766,0.029999999999999995,3.469446951953614e-18,-3.469446951953614e-18
early_contraction,0.20562499999999997,0.02081621548384777,0.03,6.938893903907228e-18,0.0
early_contraction,0.20781249999999998,0.020816215483847766,0.029999999999999995,3.469446951953614e-18,-3.469446951953614e-18
early_contraction,0.20999999999999996,0.020816215483847766,0.03,3.469446951953614e-18,0.0
early_contraction,0.21218749999999997,0.020816215483847766,0.03,3.469446951953614e-18,0.0
early_contraction,0.21437499999999998,0.020816215483847766,0.029999999999999995,3.469446951953614e-18,-3.469446951953614e-18
early_contraction,0.2165625,0.020816215483847773,0.03,1.0408340855860843e-17,0.0
early_contraction,0.21874999999999997,0.020816215483847766,0.029999999999999995,3.469446951953614e-18,-3.469446951953614e-18
early_contraction,0.22093749999999998,0.020816215483847763,0.03,0.0,0.0
early_contraction,0.223125,0.020816215483847766,0.029999999999999995,3.469446951953614e-18,-3.469446951953614e-18
early_contraction,0.22531249999999997,0.02081621548384777,0.03,6.938893903907228e-18,0.0
early_contraction,0.22749999999999998,0.020816215483847763,0.03,0.0,0.0
early_contraction,0.2296875,0.020816215483847766,0.03,3.469446951953614e-18,0.0
early_contraction,0.23187499999999997,0.020816215483847766,0.03,3.469446951953614e-18,0.0
early_contraction,0.23406249999999998,0.020816215483847763,0.029999999999999995,0.0,-3.469446951953614e-18
early_contraction,0.23625,0.020816215483847766,0.029999999999999995,3.469446951953614e-18,-3.469446951953614e-18
early_contraction,0.23843749999999997,0.020816215483847763,0.029999999999999995,0.0,-3.469446951953614e-18
early_contraction,0.24062499999999998,0.020816215483847766,0.029999999999999995,3.469446951953614e-18,-3.469446951953614e-18
early_contraction,0.2428125,0.020816215483847766,0.03,3.469446951953614e-18,0.0
early_contraction,0.24499999999999997,0.020816215483847766,0.03,3.469446951953614e-18,0.0
early_contraction,0.24718749999999998,0.020816215483847766,0.029999999999999995,3.469446951953614e-18,-3.469446951953614e-18
early_contraction,0.24937499999999999,0.020816215483847766,0.029999999999999995,3.469446951953614e-18,-3.469446951953614e-18
early_contraction,0.25156249999999997,0.020816215483847763,0.029999999999999992,0.0,-6.938893903907228e-18
early_contraction,0.25375,0.020816215483847766,0.03,3.469446951953614e-18,0.0
early_contraction,0.2559375,0.020816215483847766,0.029999999999999995,3.469446951953614e-18,-3.469446951953614e-18
early_contraction,0.258125,0.02081621548384777,0.03,6.938893903907228e-18,0.0
early_contraction,0.26031249999999995,0.020816215483847763,0.029999999999999992,0.0,-6.938893903907228e-18
early_contraction,0.26249999999999996,0.020816215483847766,0.03,3.469446951953614e-18,0.0
early_contraction,0.26468749999999996,0.020816215483847766,0.029999999999999992,3.469446951953614e-18,-6.938893903907228e-18
early_contraction,0.266875,0.020816215483847766,0.029999999999999995,3.469446951953614e-18,-3.469446951953614e-18
early_contraction,0.2690625,0.02081621548384777,0.029999999999999992,6.938893903907228e-18,-6.938893903907228e-18
early_contraction,0.27125,0.02081621548384777,0.03,6.938893903907228e-18,0.0
early_contraction,0.27343749999999994,0.02081621548384777,0.029999999999999995,6.938893903907228e-18,-3.469446951953614e-18
early_contraction,0.27562499999999995,0.020816215483847766,0.029999999999999995,3.469446951953614e-18,-3.469446951953614e-18
early_contraction,0.27781249999999996,0.020816215483847766,0.029999999999999992,3.469446951953614e-18,-6.938893903907228e-18
early_contraction,0.27999999999999997,0.020816215483847766,0.03,3.469446951953614e-18,0.0
early_contraction,0.2821875,0.020816215483847766,0.029999999999999995,3.469446951953614e-18,-3.469446951953614e-18
early_contraction,0.284375,0.02081621548384777,0.029999999999999992,6.938893903907228e-18,-6.938893903907228e-18
early_contraction,0.2865625,0.020816215483847766,0.029999999999999992,3.469446951953614e-18,-6.938893903907228e-18
early_contraction,0.28874999999999995,0.02081621548384777,0.029999999999999995,6.938893903907228e-18,-3.469446951953614e-18
early_contraction,0.29093749999999996,0.020816215483847763,0.029999999999999995,0.0,-3.469446951953614e-18
early_contraction,0.29312499999999997,0.020816215483847766,0.029999999999999995,3.469446951953614e-18,-3.469446951953614e-18
early_contraction,0.2953125,0.020816215483847766,0.029999999999999992,3.469446951953614e-18,-6.938893903907228e-18
early_contraction,0.2975,0.020816215483847766,0.029999999999999995,3.469446951953614e-18,-3.469446951953614e-18
early_contraction,0.2996875,0.020816215483847766,0.029999999999999995,3.469446951953614e-18,-3.469446951953614e-18
early_contraction,0.30187499999999995,0.020816215483847766,0.029999999999999992,3.469446951953614e-18,-6.938893903907228e-18
early_contraction,0.30406249999999996,0.02081621548384777,0.029999999999999992,6.938893903907228e-18,-6.938893903907228e-18
early_contraction,0.30624999999999997,0.020816215483847766,0.03,3.469446951953614e-18,0.0
early_contraction,0.3084375,0.020816215483847766,0.029999999999999995,3.469446951953614e-18,-3.469446951953614e-18
early_contraction,0.310625,0.020816215483847766,0.029999999999999992,3.469446951953614e-18,-6.938893903907228e-18
early_contraction,0.3128125,0.02081621548384777,0.029999999999999992,6.938893903907228e-18,-6.938893903907228e-18
early_contraction,0.31499999999999995,0.020816215483847766,0.029999999999999992,3.469446951953614e-18,-6.938893903907228e-18
early_contraction,0.31718749999999996,0.02081621548384777,0.03,6.938893903907228e-18,0.0
early_contraction,0.31937499999999996,0.02081621548384777,0.029999999999999992,6.938893903907228e-18,-6.938893903907228e-18
early_contraction,0.3215625,0.02081621548384777,0.029999999999999992,6.938893903907228e-18,-6.938893903907228e-18
early_contraction,0.32375,0.02081621548384777,0.03,6.938893903907228e-18,0.0
early_contraction,0.3259375,0.02081621548384777,0.029999999999999992,6.938893903907228e-18,-6.938893903907228e-18
early_contraction,0.32812499999999994,0.02081621548384777,0.029999999999999992,6.938893903907228e-18,-6.938893903907228e-18
early_contraction,0.33031249999999995,0.02081621548384777,0.029999999999999995,6.938893903907228e-18,-3.469446951953614e-18
early_contraction,0.33249999999999996,0.020816215483847766,0.029999999999999995,3.469446951953614e-18,-3.469446951953614e-18
early_contraction,0.33468749999999997,0.02081621548384777,0.029999999999999995,6.938893903907228e-18,-3.469446951953614e-18
early_contraction,0.336875,0.02081621548384777,0.029999999999999995,6.938893903907228e-18,-3.469446951953614e-18
early_contraction,0.3390625,0.020816215483847766,0.029999999999999992,3.469446951953614e-18,-6.938893903907228e-18
early_contraction,0.34124999999999994,0.02081621548384777,0.029999999999999995,6.938893903907228e-18,-3.469446951953614e-18
early_contraction,0.34343749999999995,0.02081621548384777,0.029999999999999995,6.938893903907228e-18,-3.469446951953614e-18
early_contraction,0.34562499999999996,0.020816215483847766,0.029999999999999992,3.469446951953614e-18,-6.938893903907228e-18
early_contraction,0.34781249999999997,0.020816215483847766,0.029999999999999992,3.469446951953614e-18,-6.938893903907228e-18
early_contraction,0.35,0.020816215483847766,0.02999999999999999,3.469446951953614e-18,-1.0408340855860843e-17
