steps,t,energy,integrated_work,work_defect,norm_defect
80,0.025,0.001927409228478555,0.0019274092866318653,-5.815331029224158e-11,-2.220446049250313e-16
80,0.05,0.0077066604688775945,0.007706661755367407,-1.2864898122494361e-09,-1.1102230246251565e-16
80,0.07500000000000001,0.01732881097443687,0.017328817802254804,-6.827817932569813e-09,0.0
80,0.1,0.030778911829634464,0.030778933687327488,-2.185769302359697e-08,-3.3306690738754696e-16
80,0.125,0.04803594272572472,0.04803599621741115,-5.349168642754254e-08,-7.771561172376096e-16
80,0.15,0.06907272318956181,0.06907283384702936,-1.1065746755023476e-07,-6.661338147750939e-16
80,0.17500000000000002,0.09385580276063638,0.09385600669420184,-2.0393356546521968e-07,-4.440892098500626e-16
80,0.2,0.12234533325607402,0.12234567861324566,-3.4535717163830526e-07,-9.992007221626409e-16
80,0.225,0.15449492685853577,0.1544954750623298,-5.48203794026314e-07,2.220446049250313e-16
80,0.25,0.19025150429799642,0.19025233103997474,-8.267419783214436e-07,-2.220446049250313e-16
80,0.275,0.229555137866647,0.2295563338333198,-1.1959666728067475e-06,0.0
80,0.30000000000000004,0.272338894399144,0.27234056571424925,-1.6713151052560882e-06,1.1102230246251565e-15
80,0.32500000000000007,0.31852868366175546,0.3185309520310273,-2.2683692718628023e-06,6.661338147750939e-16
80,0.35000000000000003,0.368043117818626,0.3680461203679196,-3.0025492936402998e-06,8.881784197001252e-16
80,0.37500000000000006,0.4207933877777636,0.42079727657976107,-3.888801997475877e-06,-3.3306690738754696e-16
80,0.4,0.4766831622614083,0.47668810355044056,-4.94128903227864e-06,-2.220446049250313e-16
80,0.42500000000000004,0.5356085153942454,0.535614688473135,-6.173078889615269e-06,4.440892098500626e-16
80,0.45000000000000007,0.5974578884597713,0.597465484306673,-7.595846901686798e-06,-2.3314683517128287e-15
80,0.47500000000000003,0.6621120912415416,0.6621213108287779,-9.219587236319882e-06,-1.5543122344752192e-15
80,0.5,0.7294443480458739,0.729455400386559,-1.1052340685102635e-05,-1.2212453270876722e-15
80,0.525,0.7993203931003797,0.7993334930419823,-1.3099941602590093e-05,-3.3306690738754696e-16
80,0.55,0.871598619543159,0.8716139853304707,-1.5365787311760748e-05,-2.220446049250313e-16
80,0.5750000000000001,0.9461302856674425,0.946148136300251,-1.7850632808458222e-05,-1.1102230246251565e-16
80,0.6000000000000001,1.0227597814714737,1.0227803338849224,-2.0552413448671203e-05,-1.2212453270876722e-15
80,0.6250000000000001,1.1013249578904862,1.1013484239884677,-2.346609798142829e-05,-5.551115123125783e-16
80,0.65,1.1816575203627906,1.1816841039369756,-2.65835741850573e-05,4.440892098500626e-16
80,0.675,1.2635834876118586,1.2636133811809014,-2.9893569042815926e-05,8.881784197001252e-16
80,0.7000000000000001,1.3469237157160765,1.3469570973215421,-3.338160546562108e-05,2.220446049250313e-16
80,0.7250000000000001,1.4314944866936246,1.4315315166910014,-3.702999737686952e-05,0.0
80,0.7500000000000001,1.517108159956249,1.5171489778412781,-4.081788502907635e-05,-4.440892098500626e-16
80,0.775,1.6035738840877787,1.6036186054000845,-4.472131230581766e-05,1.3322676295501878e-15
80,0.8,1.6906983654854333,1.6907470788333392,-4.8713347905904314e-05,1.3322676295501878e-15
80,0.8250000000000001,1.7782866894700216,1.7783394537220716,-5.2764252050030436e-05,-1.1102230246251565e-16
80,0.8500000000000001,1.86614318852991,1.8662000302203992,-5.6841690489140007e-05,-1.1102230246251565e-15
80,0.8750000000000001,1.95407235142087,1.954133262418057,-6.091099718696924e-05,-1.3322676295501878e-15
80,0.9,2.041879765907028,2.0419447013938825,-6.49354868547114e-05,-7.771561172376096e-16
80,0.925,2.129373087007874,2.1294419638258315,-6.887681795753053e-05,-1.1102230246251565e-15
80,0.9500000000000001,2.216363021724799,2.2164357171309472,-7.269540614807113e-05,-1.7763568394002505e-15
80,0.9750000000000001,2.3026643203729056,2.302740671260209,-7.635088730362227e-05,-1.9984014443252818e-15
80,1.0,2.3880967638580617,2.388176566486148,-7.980262808615635e-05,-1.9984014443252818e-15
80,1.025,2.472486135535301,2.4725691458160526,-8.301028075141659e-05,-1.7763568394002505e-15
80,1.05,2.5556651656862868,2.555751100063711,-8.593437742421273e-05,-1.6653345369377348e-15
80,1.075,2.637474436185997,2.6375629731433103,-8.853695731314559e-05,-6.661338147750939e-16
80,1.0999999999999999,2.7177632326188337,2.7178540148374806,-9.078221864688985e-05,-1.3322676295501878e-15
80,1.125,2.7963903309802225,2.7964829681653227,-9.263718510021945e-05,-1.2212453270876722e-15
80,1.15,2.8732247061884477,2.873318778563325,-9.4072374877463e-05,-9.992007221626409e-16
80,1.175,2.9481461499598565,2.948241212418438,-9.506245858137419e-05,-1.2212453270876722e-15
80,1.2,3.021045786190808,3.021141373081556,-9.558689074795623e-05,-6.661338147750939e-16
80,1.225,3.0918264728616025,3.091922103360094,-9.563049849159455e-05,-5.551115123125783e-16
80,1.25,3.160403080643163,3.1604982646531115,-9.51840099485679e-05,0.0
80,1.275,3.2267026398520997,3.226796884357002,-9.424450490236325e-05,4.440892098500626e-16
80,1.3,3.2906643491604544,3.290757164930628,-9.281577017361542e-05,4.440892098500626e-16
80,1.325,3.3522394415091714,3.352330350052486,-9.090854331450515e-05,6.661338147750939e-16
80,1.35,3.4113909049749105,3.4114794456046327,-8.854062972218912e-05,1.1102230246251565e-15
80,1.375,3.4680930588623062,3.4681787957429715,-8.573688066526586e-05,1.7763568394002505e-15
80,1.4,3.522330987991322,3.522413517013981,-8.252902265937223e-05,1.5543122344752192e-15
80,1.425,3.574099840963891,3.574178796296256,-7.895533236501606e-05,1.3322676295501878e-15
80,1.45,3.6234040010583812,3.623479061213752,-7.506015537073196e-05,1.5543122344752192e-15
80,1.475,3.6702561412391574,3.670327034510981,-7.089327182363547e-05,1.3322676295501878e-15
80,1.5,3.7146761775005173,3.7147426866173454,-6.650911682815064e-05,8.881784197001252e-16
80,1.525,3.7566901373057817,3.7567521031742355,-6.196586845375052e-05,2.220446049250313e-16
80,1.55,3.7963289621493335,3.7963862865704034,-5.7324421069981923e-05,2.220446049250313e-16
80,1.575,3.8336272651817103,3.833679912447967,-5.264726625675564e-05,4.440892098500626e-16
80,1.6,3.868622066322325,3.8686700636296703,-4.7997307345060136e-05,1.3322676295501878e-15
80,1.625,3.901351528277481,3.901394964914516,-4.343663703521017e-05,1.1102230246251565e-15
80,1.65,3.9318537173342643,3.931892742643869,-3.9025309604756586e-05,1.7763568394002505e-15
80,1.675,3.9601654126793346,3.960200232819953,-3.482014061839678e-05,1.9984014443252818e-15
80,1.7,3.9863209872809495,3.9863518608478508,-3.0873566901234994e-05,2.886579864025407e-15
80,1.725,4.010351382076075,4.010378614674674,-2.723259859926941e-05,3.774758283725532e-15
80,1.75,4.032283193346667,4.032307131239391,-2.3937892724035237e-05,3.9968028886505635e-15
80,1.775,4.052137890793134,4.052158913767378,-2.102297424411148e-05,4.884981308350689e-15
80,1.8,4.069931180980336,4.069949694606764,-1.8513626428351415e-05,4.218847493575595e-15
80,1.825,4.085672527620089,4.085688955086981,-1.642746689256569e-05,4.440892098500626e-15
80,1.85,4.099364836654413,4.099379610374609,-1.4773720196536999e-05,4.218847493575595e-15
80,1.875,4.111004310417326,4.111017863608848,-1.3553191521964436e-05,5.10702591327572e-15
80,1.9,4.120580471385699,4.120593229825575,-1.2758439876137118e-05,4.6629367034256575e-15
80,1.925,4.128076352291168,4.128088726434184,-1.237414301602513e-05,4.440892098500626e-15
80,1.95,4.133468845761254,4.13348122340195,-1.2377640696392689e-05,4.884981308350689e-15
80,1.975,4.136729203289942,4.136741942927475,-1.2739637533343284e-05,4.218847493575595e-15
80,2.0,4.13782367029636,4.1378370953387975,-1.342504243773135e-05,4.884981308350689e-15
160,0.0125,0.00048189879218485355,0.0004818987930939586,-9.091050395121369e-13,-1.1102230246251565e-16
160,0.025,0.0019274093168555047,0.0019274093369920971,-2.0136592480263227e-11,-1.1102230246251565e-16
160,0.037500000000000006,0.004335973807411238,0.004335973914519701,-1.0710846359146542e-10,-2.220446049250313e-16
160,0.05,0.007706661951129475,0.0077066622950848155,-3.4395534077164003e-10,-4.440892098500626e-16
160,0.0625,0.012038169841629342,0.012038170686776303,-8.451469610953888e-10,-2.220446049250313e-16
160,0.075,0.017328818522401257,0.017328820279379042,-1.7569777854831159e-09,-5.551115123125783e-16
160,0.08750000000000001,0.023576552131422953,0.023576555388336633,-3.256913679722251e-09,-3.3306690738754696e-16
160,0.1,0.030778935659695104,0.030778941212489763,-5.552794658109095e-09,-4.440892098500626e-16
160,0.1125,0.038933152339265,0.03893316122116598,-8.881900985524549e-09,-1.1102230246251565e-15
160,0.125,0.04803600067899597,0.04803601418888237,-1.3509886397089499e-08,-6.661338147750939e-16
160,0.1375,0.05808389116895918,0.05808391089853654,-1.972957736073866e-08,-9.992007221626409e-16
160,0.15000000000000002,0.0690728426768431,0.06907287053649291,-2.7859649809336418e-08,-1.3322676295501878e-15
160,0.16250000000000003,0.08099847856222754,0.08099851680540986,-3.824318231537838e-08,-1.6653345369377348e-15
160,0.17500000000000002,0.09385602253689589,0.09385607378299016,-5.1246094270873677e-08,-2.220446049250313e-15
160,0.18750000000000003,0.10764029430158849,0.10764036155706193,-6.72554734404418e-08,-2.3314683517128287e-15
160,0.2,0.12234570499170164,0.12234579166950175,-8.667780011795134e-08,-1.887379141862766e-15
160,0.21250000000000002,0.13796625246641447,0.13796636240348717,-1.0993707269535413e-07,-1.5543122344752192e-15
160,0.22500000000000003,0.1544955164775614,0.15449565395040385,-1.374728424430316e-07,-1.3322676295501878e-15
160,0.23750000000000002,0.17192665375626123,0.17192682349442728,-1.697381660503705e-07,-2.3314683517128287e-15
160,0.25,0.19025239305686112,0.19025260025434113,-2.0719748000663785e-07,-2.55351295663786e-15
160,0.2625,0.2094650301991316,0.20946528052354,-2.503244083962297e-07,-2.55351295663786e-15
160,0.275,0.22955642315087843,0.22955672275038658,-2.9959950814673064e-07,-2.6645352591003757e-15
160,0.28750000000000003,0.2505179871941828,0.25051834270214746,-3.5550796467775925e-07,-2.3314683517128287e-15
160,0.30000000000000004,0.2723406902193734,0.2723411087566136,-4.185372401988019e-07,-2.7755575615628914e-15
160,0.31250000000000006,0.29501504819153074,0.29501553736621833,-4.891746875901326e-07,-3.3306690738754696e-15
160,0.325,0.318531120834852,0.31853168873999216,-5.679051401363822e-07,-3.552713678800501e-15
160,0.3375,0.34287850758056754,0.34287916278904207,-6.552084745314879e-07,-3.3306690738754696e-15
160,0.35000000000000003,0.368046343824235,0.3680470953814065,-7.51557171496664e-07,-2.55351295663786e-15
160,0.36250000000000004,0.3940232975382314,0.3940241549521189,-8.574138875006021e-07,-4.3298697960381105e-15
160,0.37500000000000006,0.4207975662851453,0.42079853951411644,-9.73228971135054e-07,-3.1086244689504383e-15
160,0.3875,0.4483568746771359,0.44835797411523953,-1.0994381036133483e-06,-1.2212453270876722e-15
160,0.4,0.4766884723261545,0.47668970878601485,-1.236459860332051e-06,-7.771561172376096e-16
160,0.41250000000000003,0.505779132328815,0.5057805170221678,-1.3846933527572602e-06,-1.7763568394002505e-15
160,0.42500000000000004,0.5356151503289999,0.5356166948448958,-1.5445158959570549e-06,-8.881784197001252e-16
160,0.43750000000000006,0.5661823442000997,0.5661840604808459,-1.716280746189014e-06,-1.6653345369377348e-15
160,0.45,0.5974660543876312,0.5974679547024838,-1.9003148525875702e-06,-2.1094237467877974e-15
160,0.4625,0.6294511449514146,0.6294532418681221,-2.096916707494678e-06,-1.3322676295501878e-15
160,0.47500000000000003,0.6621220053450463,0.662124311699297,-2.306354250691811e-06,-5.551115123125783e-16
160,0.48750000000000004,0.695462552968618,0.6954650818314506,-2.5288628325847995e-06,4.440892098500626e-16
160,0.5,0.7294562365286905,0.7294590011719968,-2.7646433062855635e-06,8.881784197001252e-16
160,0.5125,0.7640860402376866,0.7640890540978275,-3.013860140899105e-06,6.661338147750939e-16
160,0.525,0.79933448888247,0.7993377655221584,-3.2766396883543436e-06,1.3322676295501878e-15
160,0.5375,0.835183653789809,0.8351872068583268,-3.553068517847535e-06,8.881784197001252e-16
160,0.5499999999999999,0.8716151597138867,0.8716190029057448,-3.843191858088346e-06,1.5543122344752192e-15
160,0.5625,0.9086101926685273,0.9086143396806846,-4.1470121573405905e-06,1.5543122344752192e-15
160,0.575,0.9461495087241822,0.9461539732119358,-4.464487753597091e-06,3.1086244689504383e-15
160,0.5875,0.9842134437869696,0.9842182393186344,-4.795531664769648e-06,3.9968028886505635e-15
160,0.6,1.0227819243742238,1.0227870643847239,-5.140010500115366e-06,3.1086244689504383e-15
160,0.6125,1.061834479398099,1.0618399771415818,-5.497743482907325e-06,3.774758283725532e-15
160,0.625,1.1013502529656762,1.1013561214673242,-5.868501647965374e-06,2.886579864025407e-15
160,0.6375,1.1413080182010855,1.14131427020821,-6.252007124452064e-06,3.1086244689504383e-15
160,0.65,1.1816861920917991,1.181692840024394,-6.647932594860961e-06,3.1086244689504383e-15
160,0.6625,1.2224628513581641,1.2224699072590381,-7.055900874020082e-06,2.220446049250313e-15
160,0.675,1.2636157493418516,1.2636232248264858,-7.475484634200669e-06,3.774758283725532e-15
160,0.6875,1.3051223339055238,1.305130240111845,-7.906206321184328e-06,4.884981308350689e-15
160,0.7,1.3469597663327448,1.3469681138709007,-8.347538155817347e-06,4.218847493575595e-15
160,0.7125,1.3891049412134806,1.3891137401158193,-8.798902338735815e-06,3.9968028886505635e-15
160,0.725,1.431534507297171,1.4315437669685842,-9.25967141318651e-06,3.9968028886505635e-15
160,0.7375,1.4742248892917864,1.4742346184605555,-9.729168769068153e-06,5.10702591327572e-15
160,0.75,1.5171523105835987,1.517162517252955,-1.020666935636072e-05,5.773159728050814e-15
160,0.7625,1.5602928168489394,1.5603035082494532,-1.0691400513795912e-05,4.440892098500626e-15
160,0.775,1.603622300525394,1.6036334830683932,-1.1182542999144118e-05,4.884981308350689e-15
160,0.7875,1.6471165261062815,1.6471282053385115,-1.167923222999967e-05,4.440892098500626e-15
160,0.8,1.6907511562186863,1.6907633367783403,-1.2180559654018097e-05,4.218847493575595e-15
160,0.8125,1.7345017784414523,1.7345144640157766,-1.2685574324322602e-05,5.329070518200751e-15
160,0.825,1.778343932815933,1.778357126100616,-1.3193284682966322e-05,5.773159728050814e-15
160,0.8375,1.8222531399986668,1.822266842659161,-1.370266049427471e-05,5.10702591327572e-15
160,0.85,1.8662049300013468,1.8662191426363444,-1.4212634997567974e-05,4.440892098500626e-15
160,0.8625,1.9101748714599047,1.9101895935671553,-1.4722107250619842e-05,4.6629367034256575e-15
160,0.875,1.9541386013708728,1.9541538313155606,-1.5229944687833452e-05,3.1086244689504383e-15
160,0.8875,1.9980718552297123,1.9980875902155342,-1.573498582185806e-05,3.3306690738754696e-15
160,0.9,2.0419504975021128,2.0419667335453227,-1.6236043209882922e-05,3.1086244689504383e-15
160,0.9125,2.0857505523560684,2.0857672842626416,-1.673190657314194e-05,2.886579864025407e-15
160,0.925,2.1294482345790477,2.129465455925167,-1.7221346119367098e-05,3.1086244689504383e-15
160,0.9375,2.1730199806013824,2.1730376837174656,-1.770311608328967e-05,3.552713678800501e-15
160,0.95,2.2164424795439723,2.216460655502406,-1.8175958433452877e-05,2.4424906541753444e-15
160,0.9625,2.259692704205392,2.259711342812154,-1.863860676198925e-05,2.886579864025407e-15
160,0.975,2.302747941900684,2.3027670316910736,-1.9089790389337224e-05,2.220446049250313e-15
160,0.9875,2.3455858250616664,2.3456053533002623,-1.9528238595967196e-05,1.7763568394002505e-15
160,1.0,2.388184361506034,2.3882043141910976,-1.9952685063717723e-05,2.6645352591003757e-15
160,1.0125,2.4305219642805787,2.430542326153026,-2.036187244724985e-05,1.1102230246251565e-15
160,1.025,2.4725774809818946,2.472598235538977,-2.075455708228091e-05,1.1102230246251565e-15
160,1.0375,2.514330222456358,2.5143513519702116,-2.112951385369044e-05,-3.3306690738754696e-16
160,1.05,2.555759990780024,2.5557814763211724,-2.148554114844714e-05,-9.992007221626409e-16
160,1.0625,2.596847106418082,2.5968689278840014,-2.1821465919558136e-05,-1.887379141862766e-15
160,1.075,2.6375724344630465,2.6375945706118795,-2.213614883306292e-05,-1.9984014443252818e-15
160,1.0875,2.677917409850753,2.677939838340212,-2.2428489458992118e-05,-1.9984014443252818e-15
160,1.1,2.7178640614534895,2.7178867588850095,-2.2697431520057876e-05,-2.6645352591003757e-15
160,1.1125,2.757395034950457,2.7574179769185774,-2.29419681203602e-05,-2.220446049250313e-15
160,1.125,2.7964936143768915,2.796516775523882,-2.3161146990524628e-05,-1.5543122344752192e-15
160,1.1375,2.8351437422550356,2.8351670963307125,-2.3354075676884634e-05,-1.3322676295501878e-15
160,1.15,2.873330038212401,2.873353558139045,-2.3519926644066658e-05,-1.7763568394002505e-15
160,1.1625,2.9110378159955372,2.9110614739378393,-2.365794230207996e-05,-1.1102230246251565e-15
160,1.175,2.948253098790987,2.948276866230883,-2.3767439895738818e-05,-8.881784197001252e-16
160,1.1875,2.9849626327690624,2.9849864805852633,-2.3847816200905925e-05,-1.3322676295501878e-15
160,1.2,3.0211538987705473,3.0211777973225917,-2.3898552044432364e-05,-6.661338147750939e-16
160,1.2125000000000001,3.056815122061644,3.056839041278232,-2.391921658784213e-05,0.0
160,1.225,3.091935280088183,3.09195918955952,-2.39094713370136e-05,1.7763568394002505e-15
160,1.2375,3.12650410816642,3.126527977240264,-2.386907384410719e-05,1.9984014443252818e-15
160,1.25,3.1605121030546415,3.1605359009357117,-2.379788107020886e-05,1.3322676295501878e-15
160,1.2625,3.1939505243572532,3.193974220209633,-2.3695852379823634e-05,8.881784197001252e-16
160,1.2750000000000001,3.22681139372103,3.226834956773166,-2.3563052135688878e-05,4.440892098500626e-16
160,1.2875,3.259087491791769,3.2591108914436147,-2.3399651845501523e-05,6.661338147750939e-16
160,1.3,3.290772352908569,3.2907955588404176,-2.3205931848568895e-05,6.661338147750939e-16
160,1.3125,3.321860257522492,3.321883239804985,-2.29822824930892e-05,1.1102230246251565e-15
160,1.325,3.3523462223362146,3.352368951541027,-2.2729204812499404e-05,1.3322676295501878e-15
160,1.3375000000000001,3.3822259881716366,3.382248435482274,-2.2447310637385698e-05,1.5543122344752192e-15
160,1.35,3.4114960055829333,3.41151814290509,-2.213732215672337e-05,2.6645352591003757e-15
160,1.3625,3.440153418243493,3.440175218314374,-2.18000708809285e-05,2.6645352591003757e-15
160,1.375,3.4681960441461746,3.468217480642194,-2.143649601960007e-05,2.220446049250313e-15
160,1.3875,3.4956223546676006,3.4956434023098404,-2.1047642239757636e-05,3.1086244689504383e-15
160,1.4000000000000001,3.522431451558401,3.522452086215248,-2.063465684720711e-05,2.6645352591003757e-15
160,1.4125,3.5486230419327227,3.54864324071902,-2.019878629733185e-05,2.6645352591003757e-15
160,1.425,3.5741974113413235,3.5742171527134707,-1.9741372147219494e-05,2.886579864025407e-15
160,1.4375,3.5991553950237467,3.599174658870135,-1.9263846388284378e-05,3.1086244689504383e-15
160,1.45,3.623498347445783,3.6235171151719596,-1.876772617670497e-05,2.220446049250313e-15
160,1.4625000000000001,3.6472281102388378,3.6472463648468487,-1.825460801097023e-05,2.6645352591003757e-15
160,1.475,3.6703469786678875,3.670364704829255,-1.772616136763716e-05,2.4424906541753444e-15
160,1.4875,3.6928576667642674,3.6928748508860556,-1.7184121788194062e-05,2.220446049250313e-15
160,1.5,3.7147632712684033,3.7147799015519003,-1.6630283496965603e-05,2.6645352591003757e-15
160,1.5125,3.7360672345359425,3.736083301027522,-1.606649157936957e-05,3.1086244689504383e-15
160,1.5250000000000001,3.756773306568322,3.756788801202053,-1.5494633730739338e-05,1.9984014443252818e-15
160,1.5375,3.776885506335531,3.7769004229671603,-1.4916631629446897e-05,2.6645352591003757e-15
160,1.55,3.7964080825646285,3.7964224169966734,-1.4334432044904588e-05,1.5543122344752192e-15
160,1.5625,3.815345474172698,3.815359224170326,-1.3749997627598987e-05,1.7763568394002505e-15
160,1.575,3.833702270526648,3.8337154358241787,-1.3165297530814968e-05,2.220446049250313e-15
160,1.5875000000000001,3.8514831717152997,3.8514957540131824,-1.258229788270171e-05,2.886579864025407e-15
160,1.6,3.868692949020998,3.868704951973147,-1.200295214909275e-05,3.552713678800501e-15
160,1.6125,3.885336405778588,3.885347834970094,-1.1429191505651914e-05,3.774758283725532e-15
160,1.625,3.9014183388092523,3.9014292017244863,-1.086291523400007e-05,3.1086244689504383e-15
160,1.6375,3.9169435006150186,3.916953806596247,-1.030598122842008e-05,1.9984014443252818e-15
160,1.6500000000000001,3.9319165625170087,3.931926322713669,-9.760196660213438e-06,2.886579864025407e-15
160,1.6625,3.946342078916455,3.946351306225394,-9.22730893870849e-06,2.6645352591003757e-15
160,1.675,3.9602244528526613,3.9602331618495423,-8.708996880990583e-06,1.7763568394002505e-15
160,1.6875,3.9735679030255477,3.9735761098878495,-8.206862301740614e-06,1.3322676295501878e-15
160,1.7,3.9863764324433406,3.986384154865365,-7.72242202451423e-06,1.1102230246251565e-15
160,1.7125000000000001,3.9986537988475637,3.9986610559479034,-7.25710033977478e-06,1.9984014443252818e-15
160,1.725,4.010403487058057,4.010410299280083,-6.812222025587289e-06,1.9984014443252818e-15
160,1.7375,4.021628683370581,4.021635072376492,-6.389005910989454e-06,2.220446049250313e-15
160,1.75,4.032332252128268,4.032338240687366,-5.988559098391022e-06,1.7763568394002505e-15
160,1.7625,4.042516714576372,4.042522326448201,-5.6118718285702585e-06,1.9984014443252818e-15
160,1.7750000000000001,4.052184230097016,4.0521894899100745,-5.259813058877683e-06,2.6645352591003757e-15
160,1.7875,4.061336579907417,4.061341513034181,-4.93312676397295e-06,3.3306690738754696e-15
160,1.8,4.06997515329128,4.069979785720272,-4.632428992401572e-06,2.886579864025407e-15
160,1.8125,4.078100936418821,4.0781052946245,-4.358205679011462e-06,2.4424906541753444e-15
160,1.825,4.08571450379634,4.085718614607614,-4.110811273605464e-06,2.6645352591003757e-15
160,1.8375000000000001,4.092816012371577,4.092819902839716,-3.890468139644554e-06,2.4424906541753444e-15
160,1.85,4.09940519830621,4.099408895572945,-3.6972667354362443e-06,2.4424906541753444e-15
160,1.8625,4.10548137641199,4.105484907578586,-3.5311665964599115e-06,2.220446049250313e-15
160,1.875,4.111043442232324,4.111046834230399,-3.3919980753083223e-06,1.7763568394002505e-15
160,1.8875,4.1160898767365675,4.116093156201408,-3.279464840133528e-06,2.220446049250313e-15
160,1.9000000000000001,4.120618753580101,4.1206219467272085,-3.193147107616312e-06,2.6645352591003757e-15
160,1.9125,4.124627748869518,4.12463088137508,-3.132505562497556e-06,3.552713678800501e-15
160,1.925,4.128114153358913,4.128117250244877,-3.096885963671525e-06,3.1086244689504383e-15
160,1.9375,4.131074886990727,4.1310779725150635,-3.085524336476908e-06,2.886579864025407e-15
160,1.95,4.1335065156824315,4.133509613235241,-3.097552809805393e-06,2.220446049250313e-15
160,1.9625000000000001,4.135405270249396,4.135408402255312,-3.132005915951197e-06,2.4424906541753444e-15
160,1.975,4.136767067343598,4.136770255171055,-3.1878274571184306e-06,1.9984014443252818e-15
160,1.9875,4.137587532278677,4.137590796156406,-3.2638777289761833e-06,1.9984014443252818e-15
160,2.0,4.137862023603027,4.137865382544185,-3.3589411581047557e-06,2.220446049250313e-15
320,0.00625,0.00012047760163853148,0.00012047760165271463,-1.4183153349694999e-14,0.0
320,0.0125,0.0004818987935666147,0.0004818987938812933,-3.146786217017583e-13,-1.1102230246251565e-16
320,0.018750000000000003,0.0010842287335201,0.0010842287351952094,-1.6751094868844296e-12,-1.1102230246251565e-16
320,0.025,0.0019274093400593892,0.0019274093454431317,-5.3837424969505054e-12,0.0
320,0.03125,0.00301135927608985,0.0030113592893320023,-1.3242152166470511e-11,4.440892098500626e-16
320,0.0375,0.0043359739258302075,0.004335973953393247,-2.7563039524391986e-11,4.440892098500626e-16
320,0.043750000000000004,0.005901125365267751,0.005901125416435576,-5.1167825185216564e-11,8.881784197001252e-16
320,0.05,0.0077066623261513615,0.007706662413535031,-8.738366974458955e-11,6.661338147750939e-16
320,0.05625,0.009752410153584653,0.009752410293624095,-1.400394418482609e-10,6.661338147750939e-16
320,0.0625,0.012038170757290908,0.012038170970752781,-2.1346187317750065e-10,6.661338147750939e-16
320,0.06875,0.014563722556636231,0.014563722869105641,-3.124694097217384e-10,6.661338147750939e-16
320,0.07500000000000001,0.01732882041950078,0.01732882086186955,-4.42368770087187e-10,1.1102230246251565e-15
320,0.08125000000000002,0.02033319559511038,0.02033319620405802,-6.089476388415616e-10,1.3322676295501878e-15
320,0.08750000000000001,0.023576555640939915,0.02357655645940847,-8.184685568179972e-10,1.3322676295501878e-15
320,0.09375000000000001,0.02705858434381769,0.027058585421479625,-1.0776619353836114e-09,1.3322676295501878e-15
320,0.1,0.030778941635368328,0.030778943029086524,-1.3937181964074341e-09,1.5543122344752192e-15
320,0.10625000000000001,0.03473726350194107,0.03473726527622122,-1.7742801533549013e-09,1.7763568394002505e-15
320,0.11250000000000002,0.03893316188918328,0.03893316411661729,-2.227434008073015e-09,1.9984014443252818e-15
320,0.11875000000000001,0.043366224601425356,0.04336622736312641,-2.76170105534268e-09,1.9984014443252818e-15
320,0.125,0.048036015196059156,0.048036018582085206,-3.3860260498230765e-09,1.9984014443252818e-15
320,0.13125,0.05294207287309031,0.05294207698286016,-4.109769850824119e-09,1.5543122344752192e-15
320,0.1375,0.058083912360071766,0.05808391730276806,-4.942696293919191e-09,2.4424906541753444e-15
320,0.14375000000000002,0.06346102379261541,0.06346102968757872,-5.89496330916095e-09,1.5543122344752192e-15
320,0.15000000000000002,0.06907287259070657,0.06907287956781583,-6.977109251460334e-09,1.9984014443252818e-15
320,0.15625000000000003,0.0749188993310379,0.0749189075310808,-8.200042894701554e-09,2.4424906541753444e-15
320,0.1625,0.08099851961560364,0.08099852919063306,-9.5750294221153e-09,2.886579864025407e-15
320,0.16875,0.08731112393679004,0.08731113505046886,-1.1113678824448137e-08,2.6645352591003757e-15
320,0.17500000000000002,0.09385607753921733,0.09385609036714869,-1.2827931356040878e-08,2.4424906541753444e-15
320,0.18125000000000002,0.10063272027858648,0.1006327350086316,-1.4730045114208501e-08,2.220446049250313e-15
320,0.18750000000000003,0.10764036647780137,0.1076403833103823,-1.683258092632922e-08,2.4424906541753444e-15
320,0.19375,0.1148783047806356,0.11487832392902442,-1.9148388819001383e-08,2.4424906541753444e-15
320,0.2,0.12234579800322805,0.12234581969382045,-2.1690592405532172e-08,2.220446049250313e-15
320,0.20625000000000002,0.13004208298369194,0.13004210745626596,-2.4472574022826876e-08,2.220446049250313e-15
320,0.21250000000000002,0.13796637043013307,0.137966397938092,-2.750795893846636e-08,1.9984014443252818e-15
320,0.21875000000000003,0.14611784476737624,0.1461178755779764,-3.081060015452941e-08,1.7763568394002505e-15
320,0.225,0.15449566398270875,0.1544956983772701,-3.439456133791374e-08,2.4424906541753444e-15
320,0.23125,0.16309895947094957,0.16309899774505093,-3.827410136048037e-08,3.1086244689504383e-15
320,0.23750000000000002,0.1719268358791657,0.17192687834282253,-4.2463656813040984e-08,2.6645352591003757e-15
320,0.24375000000000002,0.18097837095135574,0.1809784179291807,-4.69778249634345e-08,3.552713678800501e-15
320,0.25,0.19025261537342789,0.19025266720477524,-5.1831347352981894e-08,3.552713678800501e-15
320,0.25625,0.19974859261880734,0.1997486496578987,-5.703909136678398e-08,2.4424906541753444e-15
320,0.2625,0.20946529879500644,0.2094653614110386,-6.261603216484168e-08,2.6645352591003757e-15
320,0.26875,0.21940170249149663,0.21940177106873252,-6.857723588993281e-08,3.552713678800501e-15
320,0.27499999999999997,0.22955674462922787,0.22955681956706958,-7.49378417097546e-08,3.3306690738754696e-15
320,0.28125,0.239929338312143,0.2399294200251849,-8.171304188842043e-08,3.1086244689504383e-15
320,0.2875,0.2505183686810306,0.2505184575990957,-8.891806507760336e-08,3.3306690738754696e-15
320,0.29375,0.26132269277007497,0.2613227893382314,-9.656815641578831e-08,3.552713678800501e-15
320,0.3,0.2723411393664506,0.2723412440450103,-1.046785597091926e-07,2.886579864025407e-15
320,0.30625,0.2835725088733216,0.28357262213781953,-1.1326449794735183e-07,2.886579864025407e-15
320,0.3125,0.29501557317659804,0.29501569551775364,-1.2234115559506265e-07,3.552713678800501e-15
320,0.31875,0.30666907551581274,0.30666920743947046,-1.3192365772018988e-07,3.552713678800501e-15
320,0.325,0.31853173035946974,0.31853187238652253,-1.4202705278520966e-07,3.3306690738754696e-15
320,0.33125,0.33060222328523,0.330602375951522,-1.5266629199706117e-07,3.9968028886505635e-15
320,0.3375,0.34287921086528667,0.34287937472149854,-1.6385621187664512e-07,4.218847493575595e-15
320,0.34375,0.35536132055729447,0.3553614961688079,-1.756115134421421e-07,4.6629367034256575e-15
320,0.35,0.3680471506012018,0.3680473385479483,-1.8794674649935672e-07,4.218847493575595e-15
320,0.35625,0.3809352699223594,0.38093547079864165,-2.008762822747201e-07,4.218847493575595e-15
320,0.3625,0.3940242180412251,0.3940244324555332,-2.144143080862193e-07,3.1086244689504383e-15
320,0.36875,0.40731250499007626,0.40731273356486386,-2.2857478759741312e-07,5.551115123125783e-15
320,0.375,0.42079861123699125,0.4207988546084643,-2.4337147302988527e-07,5.329070518200751e-15
320,0.38125,0.4344809876175638,0.4344812464354203,-2.588178564799648e-07,5.995204332975845e-15
320,0.3875,0.448358055274588,0.4483583302017544,-2.749271664215236e-07,4.6629367034256575e-15
320,0.39375,0.46242820560612347,0.46242849731846497,-2.917123415047129e-07,3.1086244689504383e-15
320,0.4,0.4766898002222412,0.4766901094082618,-3.091860205639563e-07,2.220446049250313e-15
320,0.40625,0.49114117091082204,0.491141498271333,-3.2736051097659313e-07,2.220446049250313e-15
320,0.4125,0.5057806196126794,0.5057809658604727,-3.462477933258157e-07,1.3322676295501878e-15
320,0.41875,0.520606418406413,0.5206067842658954,-3.658594823763295e-07,4.440892098500626e-16
320,0.425,0.5356168095032414,0.535617195710058,-3.8620681652723476e-07,-5.551115123125783e-16
320,0.43125,0.5508100052521719,0.5508104125528056,-4.073006336646756e-07,8.881784197001252e-16
320,0.4375,0.5661841881557674,0.5661846173071491,-4.2915138165344757e-07,1.1102230246251565e-15
320,0.44375,0.5817375108969158,0.5817379626659805,-4.5176906471322553e-07,-3.3306690738754696e-16
320,0.45,0.5974680963767874,0.597468571540024,-4.75163236535181e-07,-1.1102230246251565e-15
320,0.45625,0.613374037764315,0.6133745371073118,-4.993429968402907e-07,2.220446049250313e-16
320,0.4625,0.6294533985574993,0.6294539228744733,-5.243169740598574e-07,1.7763568394002505e-15
320,0.46875,0.6457042126568049,0.6457047627501107,-5.500933057955848e-07,-2.220446049250313e-16
320,0.475,0.6621244844509367,0.6621250611305359,-5.766795991846152e-07,-3.3306690738754696e-16
320,0.48125,0.6787121889151776,0.6787127929981284,-6.040829507725221e-07,4.440892098500626e-16
320,0.4875,0.6954652717226476,0.6954659040325681,-6.32309920534091e-07,1.7763568394002505e-15
320,0.49375,0.7123816493686864,0.7123823107351942,-6.613665077814801e-07,2.220446049250313e-15
320,0.5,0.7294592093085677,0.7294599005667218,-6.912581541618223e-07,1.3322676295501878e-15
320,0.50625,0.746695810108856,0.7466965320985526,-7.219896965837691e-07,2.4424906541753444e-15
320,0.5125,0.7640892816124896,0.7640900351778934,-7.5356540385485e-07,1.9984014443252818e-15
320,0.51875,0.7816374251179857,0.7816382111069002,-7.859889145089838e-07,1.1102230246251565e-15
320,0.525,0.7993380135727945,0.7993388328360441,-8.192632495740426e-07,3.1086244689504383e-15
320,0.53125,0.8171887917810903,0.8171896451718954,-8.533908051333583e-07,4.6629367034256575e-15
320,0.5375,0.8351874766261762,0.8351883649995059,-8.883733296771723e-07,5.329070518200751e-15
320,0.54375,0.85333175730765,0.8533326815195631,-9.242119131114279e-07,3.552713678800501e-15
320,0.55,0.8716192955935195,0.8716202565004775,-9.609069580029939e-07,4.218847493575595e-15
320,0.55625,0.8900477260873425,0.8900487245455545,-9.984582119981766e-07,4.6629367034256575e-15
320,0.5625,0.9086146565106642,0.9086156933753919,-1.0368647277436693e-06,3.9968028886505635e-15
320,0.56875,0.9273176680007822,0.927318744125633,-1.0761248507851207e-06,2.886579864025407e-15
320,0.575,0.9461543154239694,0.9461554316601933,-1.1162362238970047e-06,1.7763568394002505e-15
320,0.58125,0.9651221277043049,0.9651232849000699,-1.1571957649891829e-06,2.6645352591003757e-15
320,0.5875,0.9842186081681418,0.9842198071678271,-1.1989996853145612e-06,1.3322676295501878e-15
320,0.59375,1.0034412349044053,1.0034424765478451,-1.2416434398421217e-06,1.9984014443252818e-15
320,0.6,1.0227874611406467,1.0227887462624037,-1.2851217570108986e-06,2.886579864025407e-15
320,0.6062500000000001,1.0422547156350392,1.04225604506366,-1.3294286207443662e-06,2.220446049250313e-15
320,0.6125,1.0618404030843207,1.0618417776415716,-1.374557250910513e-06,2.4424906541753444e-15
320,0.61875,1.0815419045476828,1.0815433250477988,-1.4205001159783848e-06,3.3306690738754696e-15
320,0.625,1.101356577886691,1.1013580451356122,-1.4672489212497197e-06,3.1086244689504383e-15
320,0.63125,1.1212817582212258,1.1212832730158153,-1.5147945895410686e-06,3.1086244689504383e-15
320,0.6375000000000001,1.1413147584013934,1.1413163215286817,-1.563127288273236e-06,2.886579864025407e-15
320,0.64375,1.1614528694954966,1.1614544817318924,-1.612236395720501e-06,4.218847493575595e-15
320,0.65,1.1816933612939255,1.181695023404447,-1.66211052143872e-06,4.218847493575595e-15
320,0.65625,1.2020334828290256,1.2020351955665087,-1.7127374831726883e-06,4.884981308350689e-15
320,0.6625,1.2224704629108043,1.2224722270151285,-1.7641043241756194e-06,4.440892098500626e-15
320,0.6687500000000001,1.2430015106784869,1.2430033268757843,-1.8161972974439777e-06,3.552713678800501e-15
320,0.675,1.2636238161677862,1.2636256851696543,-1.8690018681599696e-06,2.6645352591003757e-15
320,0.68125,1.2843345508938144,1.2843364733965317,-1.9225027172442566e-06,3.1086244689504383e-15
320,0.6875,1.3051308684495229,1.3051328451332724,-1.976683749571606e-06,3.1086244689504383e-15
320,0.69375,1.3260099051195855,1.326011936647659,-2.0315280735427876e-06,3.552713678800501e-15
320,0.7000000000000001,1.3469687805095147,1.3469708675275422,-2.087018027507881e-06,2.886579864025407e-15
320,0.70625,1.3680045981899593,1.3680067413251171,-2.1431351577838598e-06,2.4424906541753444e-15
320,0.7125,1.389114446355924,1.3891166462161666,-2.1998602426354097e-06,3.1086244689504383e-15
320,0.71875,1.4102953985008102,1.410297655674102,-2.2571732918308385e-06,3.552713678800501e-15
320,0.725,1.4315445141050671,1.4315468291586069,-2.3150535397586935e-06,3.552713678800501e-15
320,0.7312500000000001,1.4528588393392181,1.452861212818682,-2.373479463857464e-06,3.3306690738754696e-15
320,0.7375,1.4742354077811006,1.4742378402098735,-2.432428772847217e-06,2.4424906541753444e-15
320,0.74375,1.4956712411470168,1.495673733025451,-2.4918784342631284e-06,1.7763568394002505e-15
320,0.75,1.5171633500366293,1.5171659018412906,-2.5518046613548506e-06,3.3306690738754696e-15
320,0.75625,1.5387087346912531,1.5387113468742004,-2.612182947281383e-06,3.9968028886505635e-15
320,0.7625000000000001,1.560304385765368,1.560307058753415,-2.672988046903413e-06,3.9968028886505635e-15
320,0.76875,1.5819472851109728,1.5819500193049678,-2.7341939949909744e-06,3.9968028886505635e-15
320,0.775,1.6036344065745134,1.60363720234864,-2.7957741266515512e-06,3.3306690738754696e-15
320,0.78125,1.6253627168061031,1.6253655745071638,-2.8577010606767317e-06,4.440892098500626e-15
320,0.7875,1.6471291760806037,1.647132096027351,-2.9199467472817986e-06,4.440892098500626e-15
320,0.7937500000000001,1.6689307391303458,1.6689337216127982,-2.9824824523405624e-06,3.552713678800501e-15
320,0.8,1.6907643559890273,1.6907674012678067,-3.045278779367777e-06,3.552713678800501e-15
320,0.80625,1.712626972846456,1.7126300811521415,-3.1083056855063518e-06,3.3306690738754696e-15
320,0.8125,1.7345155329137552,1.7345187044462398,-3.171532484635975e-06,4.218847493575595e-15
320,0.81875,1.7564269772985779,1.7564302122264623,-3.2349278844545637e-06,4.440892098500626e-15
320,0.8250000000000001,1.7783582458899916,1.7783615443499703,-3.2984599787067026e-06,4.440892098500626e-15
320,0.83125,1.800306278252522,1.800309640348793,-3.3620962709424163e-06,5.773159728050814e-15
320,0.8375,1.8222680145289383,1.82227144033264,-3.425803701828656e-06,6.217248937900877e-15
320,0.84375,1.844240396351338,1.8442438858999937,-3.4895486555885924e-06,6.217248937900877e-15
320,0.85,1.8662203677600315,1.8662239210570082,-3.5532969766549627e-06,6.217248937900877e-15
320,0.8562500000000001,1.8882048761297239,1.8882084931437246,-3.6170140007563134e-06,6.8833827526759706e-15
320,0.8625,1.9101908731025286,1.9101945537670972,-3.680664568683767e-06,7.105427357601002e-15
320,0.86875,1.9321753155272692,1.932179059740313,-3.744213043832545e-06,7.105427357601002e-15
320,0.875,1.954155166404532,1.954158974027875,-3.8076233430661688e-06,5.773159728050814e-15
320,0.88125,1.9761273958369547,1.9761312666959026,-3.8708589478186894e-06,4.884981308350689e-15
320,0.8875000000000001,1.998088981984152,1.99809291586709,-3.933882937845468e-06,3.9968028886505635e-15
320,0.89375,2.0200369120217507,2.020040908679754,-3.996658003213582e-06,3.9968028886505635e-15
320,0.9,2.0419681831038923,2.041972242250382,-4.0591464895989304e-06,3.552713678800501e-15
320,0.90625,2.063879803328687,2.0638839246390877,-4.1213104005066725e-06,3.552713678800501e-15
320,0.9125,2.08576879270592,2.085772975817361,-4.183111441236065e-06,4.218847493575595e-15
320,0.9187500000000001,2.1076321841264587,2.1076364286374902,-4.244511031537002e-06,4.6629367034256575e-15
320,0.925,2.1294670243326697,2.1294713298030223,-4.3054703526834714e-06,5.10702591327572e-15
320,0.93125,2.1512703748892634,2.1512747408396162,-4.365950352802628e-06,5.329070518200751e-15
320,0.9375,2.17303931315383,2.173043739065629,-4.425911798833226e-06,4.440892098500626e-15
320,0.94375,2.194770933246482,2.194775418561765,-4.485315283186964e-06,3.9968028886505635e-15
320,0.9500000000000001,2.2164623470178437,2.216466891139113,-4.544121269489665e-06,4.884981308350689e-15
320,0.95625,2.238110685014738,2.238115287304875,-4.602290136990206e-06,4.218847493575595e-15
320,0.9625,2.259713097442906,2.2597177572250873,-4.659782181448691e-06,4.440892098500626e-15
320,0.96875,2.281266755125958,2.281271471683628,-4.716557670203514e-06,4.6629367034256575e-15
320,0.975,2.302768850459918,2.302773623036785,-4.772576867040357e-06,4.884981308350689e-15
320,0.9812500000000001,2.3242165983625798,2.3242214261626595,-4.827800079709732e-06,4.440892098500626e-15
320,0.9875,2.345607237217002,2.3456121194046675,-4.882187665700144e-06,5.10702591327572e-15
320,0.99375,2.3669380298082885,2.366942965508395,-4.9357001064009864e-06,4.6629367034256575e-15
320,1.0,2.3882062642530455,2.3882112525510535,-4.988298007990721e-06,4.884981308350689e-15
320,1.00625,2.4094092549206207,2.40941429486278,-5.039942159168476e-06,5.995204332975845e-15
320,1.0125000000000002,2.4305443433454483,2.4305494339390123,-5.090593564016643e-06,6.8833827526759706e-15
320,1.01875,2.451608899129699,2.4516140393431747,-5.140213475751665e-06,7.327471962526033e-15
320,1.0250000000000001,2.4726003208354537,2.472605509598893,-5.188763439356592e-06,7.771561172376096e-15
320,1.0312500000000002,2.49351603686564,2.493521273070965,-5.236205324887777e-06,7.549516567451064e-15
320,1.0375,2.5143535063329336,2.5143587888342975,-5.282501363890191e-06,8.43769498715119e-15
320,1.0437500000000002,2.5351102199158184,2.5351155475300313,-5.327614212902176e-06,7.993605777301127e-15
320,1.05,2.5557837007011015,2.5557890722080585,-5.371506957008165e-06,7.771561172376096e-15
320,1.0562500000000001,2.5763715050119806,2.5763769191551487,-5.4141431680143626e-06,7.993605777301127e-15
320,1.0625000000000002,2.5968712232209312,2.5968766787078907,-5.4554869595158095e-06,6.8833827526759706e-15
320,1.06875,2.617280480546672,2.617285976049665,-5.495502993113632e-06,7.105427357601002e-15
320,1.0750000000000002,2.637596937834295,2.6376024719908524,-5.5341565574629215e-06,5.995204332975845e-15
320,1.08125,2.6578182923179265,2.6578238637314984,-5.571413571825445e-06,5.995204332975845e-15
320,1.0875000000000001,2.677942278364994,2.677947885605649,-5.607240654903478e-06,5.995204332975845e-15
320,1.0937500000000002,2.697966668201418,2.697972309806575,-5.6416051572583115e-06,5.551115123125783e-15
320,1.1,2.7178892726169197,2.717894947092118,-5.6744751981696595e-06,5.773159728050814e-15
320,1.1062500000000002,2.7377079416496723,2.7377136474693793,-5.705819706935955e-06,5.995204332975845e-15
320,1.1125,2.75742056524953,2.7574263008580027,-5.735608472612341e-06,6.8833827526759706e-15
320,1.1187500000000001,2.7770250739191082,2.777030837731285,-5.763812176873273e-06,7.327471962526033e-15
320,1.1250000000000002,2.7965194393319477,2.7965252297343794,-5.7904024317601e-06,7.771561172376096e-15
320,1.13125,2.8159016749270163,2.8159074902788492,-5.815351832971771e-06,7.771561172376096e-15
320,1.1375000000000002,2.8351698364788733,2.835175675112853,-5.838633979848851e-06,7.549516567451064e-15
320,1.14375,2.8543220226427177,2.8543278828662495,-5.860223531772846e-06,7.993605777301127e-15
320,1.1500000000000001,2.873356375473678,2.8733622555699183,-5.880096240140631e-06,7.327471962526033e-15
320,1.1562500000000002,2.8922710809196284,2.8922769791486194,-5.898228990997012e-06,7.105427357601002e-15
320,1.1625,2.9110643692868816,2.911070283886717,-5.914599835232792e-06,6.217248937900877e-15
320,1.1687500000000002,2.9297345156780876,2.929740444866119,-5.929188031217336e-06,6.217248937900877e-15
320,1.175,2.948279840401714,2.948285782375796,-5.941974082102064e-06,6.439293542825908e-15
320,1.1812500000000001,2.966698709352493,2.9667046622922664,-5.952939773568033e-06,6.217248937900877e-15
320,1.1875000000000002,2.9849895343622523,2.984995496430447,-5.9620681946981335e-06,5.995204332975845e-15
320,1.19375,3.0031507735205123,3.0031567428643027,-5.969343790379611e-06,6.217248937900877e-15
320,1.2000000000000002,3.02118093146435,3.021186906216737,-5.974752387061244e-06,5.773159728050814e-15
320,1.2062500000000003,3.039078559636981,3.0390845379181965,-5.978281215401893e-06,5.995204332975845e-15
320,1.2125000000000001,3.0568422565145337,3.0568482364334897,-5.979918956011687e-06,6.8833827526759706e-15
320,1.2187500000000002,3.0744706678005684,3.0744766474563345,-5.97965576609738e-06,7.105427357601002e-15
320,1.225,3.091962486587895,3.091968464071191,-5.9774832958936486e-06,7.771561172376096e-15
320,1.2312500000000002,3.109316453487223,3.1093224268819517,-5.973394728631121e-06,8.43769498715119e-15
320,1.2375000000000003,3.1265313567222996,3.1265373241071,-5.967384800520392e-06,8.881784197001252e-15
320,1.2437500000000001,3.1436060321911405,3.143611991640968,-5.959449827397378e-06,8.43769498715119e-15
320,1.2500000000000002,3.1605393634930383,3.1605453130807635,-5.949587725151417e-06,8.215650382226158e-15
320,1.25625,3.1773302819210483,3.1773362197190713,-5.9377980230479466e-06,8.43769498715119e-15
320,1.2625000000000002,3.1939777664196454,3.1939836905015535,-5.924081908137424e-06,7.771561172376096e-15
320,1.2687500000000003,3.2104808435074097,3.2104867519496243,-5.908442214597187e-06,7.549516567451064e-15
320,1.2750000000000001,3.2268385871644414,3.226844478047897,-5.890883455705875e-06,7.327471962526033e-15
320,1.2812500000000002,3.24305011868442,3.2430559900962472,-5.871411827396145e-06,7.327471962526033e-15
320,1.2875,3.2591146064911243,3.259120456526365,-5.850035240673179e-06,6.661338147750939e-15
320,1.2937500000000002,3.2750312659194076,3.2750370926827124,-5.826763304739302e-06,5.995204332975845e-15
320,1.3000000000000003,3.290799358960486,3.29080516056784,-5.801607354083416e-06,5.995204332975845e-15
320,1.3062500000000001,3.306418193971603,3.3064239685520542,-5.774580451145539e-06,4.884981308350689e-15
320,1.3125000000000002,3.3218871253500826,3.3218928710474662,-5.745697383652271e-06,4.6629367034256575e-15
320,1.31875,3.3372055531718288,3.3372112681465027,-5.714974673942663e-06,5.10702591327572e-15
320,1.3250000000000002,3.3523729227944052,3.3523786052249873,-5.682430582076847e-06,4.6629367034256575e-15
320,1.3312500000000003,3.3673887244248673,3.367394372509953,-5.648085085852017e-06,5.10702591327572e-15
320,1.3375000000000001,3.3822524926524795,3.3822581046123847,-5.611959905227337e-06,5.551115123125783e-15
320,1.3437500000000002,3.396963805946671,3.3969693800251357,-5.57407846457636e-06,5.10702591327572e-15
320,1.35,3.411522286120404,3.4115278205863055,-5.534465901568808e-06,5.10702591327572e-15
320,1.3562500000000002,3.425927597759349,3.425933090908403,-5.49314905429199e-06,4.440892098500626e-15
320,1.3625000000000003,3.4401794476172323,3.440184897773679,-5.450156446595855e-06,3.1086244689504383e-15
320,1.3687500000000001,3.4542775839777766,3.454282989496032,-5.40551825523039e-06,3.1086244689504383e-15
320,1.3750000000000002,3.4682217959836428,3.4682271552499664,-5.359266323612388e-06,2.4424906541753444e-15
320,1.38125,3.482011912932979,3.4820172243670924,-5.311434113419722e-06,1.7763568394002505e-15
320,1.3875000000000002,3.495647803544037,3.4956530656007287,-5.262056691712758e-06,1.9984014443252818e-15
320,1.3937500000000003,3.5091293751884876,3.509134586359199,-5.2111707113944306e-06,1.7763568394002505e-15
320,1.4000000000000001,3.5224565730940904,3.52246173190846,-5.158814369465858e-06,6.661338147750939e-16
320,1.4062500000000002,3.535629379517365,3.5356344845447416,-5.105027376828275e-06,8.881784197001252e-16
320,1.4125,3.54864781288698,3.548652862737928,-5.049850948068979e-06,1.1102230246251565e-15
320,1.4187500000000002,3.5615119269187065,3.56151692024644,-4.9933277335156845e-06,1.3322676295501878e-15
320,1.4250000000000003,3.5742218097026313,3.5742267452044367,-4.935501805469755e-06,2.220446049250313e-15
320,1.4312500000000001,3.5867775827635695,3.5867824591821793,-4.876418609800481e-06,2.4424906541753444e-15
320,1.4375000000000002,3.5991794000955326,3.599184216220457,-4.816124924200693e-06,2.220446049250313e-15
320,1.44375,3.6114274471711885,3.611432201839999,-4.754668810669216e-06,2.4424906541753444e-15
320,1.4500000000000002,3.6235219399272767,3.6235266320268535,-4.692099576875108e-06,1.9984014443252818e-15
320,1.4562500000000003,3.6354631237270185,3.6354677521947316,-4.628467713096995e-06,2.4424906541753444e-15
320,1.4625000000000001,3.6472512723005126,3.647255836125375,-4.56382486246909e-06,2.220446049250313e-15
320,1.4687500000000002,3.658886686664278,3.658891184888025,-4.498223746818297e-06,2.220446049250313e-15
320,1.475,3.6703696940209847,3.670374125739109,-4.4317181244757364e-06,2.4424906541753444e-15
320,1.4812500000000002,3.6817006466405644,3.681705011003302,-4.3643627374301275e-06,1.9984014443252818e-15
320,1.4875000000000003,3.692879920723912,3.6928842169371445,-4.296213232724e-06,2.220446049250313e-15
320,1.4937500000000001,3.703907915250312,3.703912142576434,-4.227326122041575e-06,1.9984014443252818e-15
320,1.5000000000000002,3.7147850508099234,3.7147892085686345,-4.15775871109858e-06,1.7763568394002505e-15
320,1.50625,3.725511768422539,3.7255158559915764,-4.087569037469763e-06,2.220446049250313e-15
320,1.5125000000000002,3.736088528343947,3.736092545159752,-4.016815805307772e-06,1.9984014443252818e-15
320,1.5187500000000003,3.7465158088612043,3.746519754419525,-3.945558320506137e-06,8.881784197001252e-16
320,1.5250000000000001,3.756794105078189,3.7567979789346015,-3.873856412539567e-06,1.3322676295501878e-15
320,1.5312500000000002,3.766923927692757,3.766927729463142,-3.8017703847259554e-06,6.661338147750939e-16
320,1.5375,3.7769058017669623,3.7769095311278855,-3.7293609231880964e-06,1.1102230246251565e-15
320,1.5437500000000002,3.7867402654916673,3.7867439221807087,-3.6566890413425313e-06,1.1102230246251565e-15
320,1.5500000000000003,3.796427868947032,3.7964314527630276,-3.583815995522599e-06,1.7763568394002505e-15
320,1.5562500000000001,3.8059691728602605,3.805972683663487,-3.510803226358661e-06,1.7763568394002505e-15
320,1.5625000000000002,3.815364747362106,3.815368185074374,-3.437712267739812e-06,1.3322676295501878e-15
320,1.56875,3.824615170743529,3.824618535348219,-3.364604689970463e-06,1.3322676295501878e-15
320,1.5750000000000002,3.83372102821404,3.8337243197560427,-3.2915420025148023e-06,1.1102230246251565e-15
320,1.5812500000000003,3.8426829106631066,3.842686129248714,-3.21858560736743e-06,0.0
320,1.5875000000000001,3.851501413426201,3.8515045592228954,-3.145796694248304e-06,0.0
320,1.5937500000000002,3.860177135056846,3.860180208293039,-3.0732361930851937e-06,-4.440892098500626e-16
320,1.6,3.868710676106229,3.8687136770709083,-3.0009646794226796e-06,-3.3306690738754696e-16
320,1.6062500000000002,3.8771026379117797,3.8771055669540844,-2.929042304700147e-06,-6.661338147750939e-16
320,1.6125000000000003,3.8853536213962028,3.88535647892492,-2.8575287172039054e-06,4.440892098500626e-16
320,1.6187500000000001,3.893464225878376,3.8934670123613886,-2.7864830127732887e-06,-3.3306690738754696e-16
320,1.6250000000000002,3.901435047897654,3.9014377638612676,-2.7159636135642984e-06,-6.661338147750939e-16
320,1.63125,3.909266680052847,3.909269326081083,-2.646028236075182e-06,-9.992007221626409e-16
320,1.6375000000000002,3.9169597098574247,3.9169622865912244,-2.576733799664055e-06,-6.661338147750939e-16
320,1.6437500000000003,3.924514718612262,3.9245172267486206,-2.5081363586032523e-06,-2.220446049250313e-16
320,1.6500000000000001,3.931932280297313,3.931934720588357,-2.440291043903642e-06,-4.440892098500626e-16
320,1.6562500000000002,3.9392129604836086,3.939215333735575,-2.373251966503176e-06,-2.220446049250313e-16
320,1.6625,3.946357315266812,3.946359622338987,-2.3070721750784173e-06,0.0
320,1.6687500000000002,3.953365890223732,3.953368132027303,-2.2418035712234996e-06,8.881784197001252e-16
320,1.6750000000000003,3.9602392193929745,3.9602413968898422,-2.1774968677057416e-06,1.1102230246251565e-15
320,1.6812500000000001,3.966977824281077,3.96697993848257,-2.114201492986467e-06,1.3322676295501878e-15
320,1.6875000000000002,3.9735822128952085,3.9735842648607673,-2.051965558802493e-06,1.5543122344752192e-15
320,1.69375,3.9800528788037246,3.9800548696395044,-1.990835779785982e-06,2.220446049250313e-15
320,1.7000000000000002,3.9863903002256293,3.9863922310830593,-1.9308574299437e-06,2.6645352591003757e-15
320,1.7062500000000003,3.9925949391500977,3.992596811224376,-1.8720742782640798e-06,2.220446049250313e-15
320,1.7125000000000001,3.9986672404870784,3.9986690550156196,-1.814528541199678e-06,1.3322676295501878e-15
320,1.7187500000000002,4.00460763125003,4.004609389510849,-1.7582608187183268e-06,1.7763568394002505e-15
320,1.725,4.010416519771711,4.0104182230817695,-1.7033100583319083e-06,2.4424906541753444e-15
320,1.7312500000000002,4.016094294953999,4.016095944667508,-1.649713508911077e-06,3.552713678800501e-15
320,1.7375000000000003,4.021641325552596,4.021642923059272,-1.5975066753881606e-06,3.552713678800501e-15
320,1.7437500000000001,4.027057959497469,4.027059506220739,-1.5467232694632571e-06,2.6645352591003757e-15
320,1.7500000000000002,4.032344523249784,4.032346020644954,-1.4973951696362064e-06,2.6645352591003757e-15
320,1.75625,4.037501321196065,4.037502770748461,-1.4495523963375945e-06,2.6645352591003757e-15
320,1.7625000000000002,4.042528635080283,4.0425300383033616,-1.403223078177973e-06,2.220446049250313e-15
320,1.7687500000000003,4.0474267234745005,4.047428081907905,-1.358433404874404e-06,2.886579864025407e-15
320,1.7750000000000001,4.052195821288585,4.052197136496216,-1.3152076308031724e-06,2.886579864025407e-15
320,1.7812500000000002,4.056836139319619,4.056837412887638,-1.2735680190445464e-06,2.220446049250313e-15
320,1.7875,4.061347863841361,4.061349097376188,-1.2335348271719226e-06,2.6645352591003757e-15
320,1.7937500000000002,4.065731156234203,4.065732351360512,-1.1951263090281827e-06,2.220446049250313e-15
320,1.8000000000000003,4.069986152656017,4.069987311014687,-1.1583586703167725e-06,2.6645352591003757e-15
320,1.8062500000000001,4.0741129637540965,4.074114087000177,-1.1232460801480215e-06,2.886579864025407e-15
320,1.8125000000000002,4.078111674418509,4.078112764219158,-1.0898006488346823e-06,2.6645352591003757e-15
320,1.81875,4.0819823435769855,4.081983401609406,-1.0580324207865033e-06,1.9984014443252818e-15
320,1.8250000000000002,4.085725004031469,4.085726031980848,-1.0279493789511207e-06,2.220446049250313e-15
320,1.8312500000000003,4.08933966233641,4.089340661893853,-9.995574421495235e-07,1.3322676295501878e-15
320,1.8375000000000001,4.092826298718786,4.092827271579246,-9.728604597469825e-07,1.5543122344752192e-15
320,1.8437500000000002,4.096184867039785,4.0961858149000125,-9.478602276402626e-07,1.7763568394002505e-15
320,1.85,4.099415294798046,4.099416219354554,-9.245565077975471e-07,1.3322676295501878e-15
320,1.8562500000000002,4.102517483174336,4.102518386121339,-9.029470033894427e-07,2.4424906541753444e-15
320,1.8625000000000003,4.105491307117294,4.1054921901447194,-8.830274254023607e-07,1.5543122344752192e-15
320,1.8687500000000001,4.108336615470165,4.108337480261621,-8.647914562232017e-07,1.1102230246251565e-15
320,1.8750000000000002,4.111053231137962,4.111054079368779,-8.482308171409159e-07,8.881784197001252e-16
320,1.88125,4.113640951294855,4.1136417846301105,-8.333352559120044e-07,1.5543122344752192e-15
320,1.8875000000000002,4.116099547631178,4.116100367723788,-8.20092609821188e-07,1.3322676295501878e-15
320,1.8937500000000003,4.118428766639706,4.118429575128504,-8.084887976878008e-07,2.220446049250313e-15
320,1.9000000000000001,4.120628329940494,4.1206291284483765,-7.985078820382796e-07,2.220446049250313e-15
320,1.9062500000000002,4.122697934643802,4.122698724775888,-7.901320859815542e-07,2.220446049250313e-15
320,1.9125,4.124637253750379,4.124638037092209,-7.833418305125406e-07,2.6645352591003757e-15
320,1.9187500000000002,4.126445936588411,4.126446714704201,-7.781157904673819e-07,2.886579864025407e-15
320,1.9250000000000003,4.128123609286426,4.128124383717344,-7.744309176160868e-07,2.886579864025407e-15
320,1.9312500000000001,4.129669875281317,4.129670647543808,-7.722624912887e-07,2.6645352591003757e-15
320,1.9375000000000002,4.131084315860646,4.131085087444818,-7.71584172554185e-07,2.6645352591003757e-15
320,1.94375,4.132366490738392,4.132367263106435,-7.723680424120971e-07,2.886579864025407e-15
320,1.9500000000000002,4.1335159386631775,4.1335167132478325,-7.74584655083288e-07,3.3306690738754696e-15
320,1.9562500000000003,4.134532178058017,4.134532956261114,-7.782030966296816e-07,3.552713678800501e-15
320,1.9625000000000001,4.135414707690631,4.135415490881659,-7.831910275868381e-07,4.884981308350689e-15
320,1.9687500000000002,4.136163007373226,4.136163796887986,-7.895147593472984e-07,4.884981308350689e-15
320,1.975,4.136776538690763,4.136777335830044,-7.971392808059363e-07,4.884981308350689e-15
320,1.9812500000000002,4.137254745756518,4.137255551784861,-8.060283427369086e-07,5.329070518200751e-15
320,1.9875000000000003,4.137597055993883,4.137597872138393,-8.161445101961817e-07,5.773159728050814e-15
320,1.9937500000000001,4.137802880943225,4.137803708392447,-8.27449222029486e-07,5.995204332975845e-15
320,2.0,4.137871617092619,4.13787245699548,-8.399028610384107e-07,6.217248937900877e-15
