degree,tolerance,t,lambda1,lambda2,energy,integrated_work,work_defect,norm_defect,V1,V2
3,1e-09,0.0,0.0,0.0,0.0,0.0,0.0,0.0,1.0,1.0
3,1e-09,0.0125,0.00019275951793518153,0.0002891392769027723,0.00048189879405180995,0.00048189879406870004,-1.6890080913739558e-14,-1.3766765505351941e-14,0.999999996235293,0.9999999943529465
3,1e-09,0.025,0.000770963759277099,0.0011564456389156486,0.0019274093478934664,0.0019274093480717439,-1.7827753162613647e-13,-1.3711254354120683e-13,0.9999999397754573,0.9999999096632541
3,1e-09,0.037500000000000006,0.0017343898152840653,0.002601584722926098,0.004335973965528408,0.004335973965769959,-2.415507030506525e-13,-1.9739765377835283e-13,0.9999996952030262,0.9999995428046375
3,1e-09,0.05,0.003082666266872036,0.004623999400308054,0.0077066624515859695,0.0077066624521445245,-5.585549384123922e-13,-9.896528041508645e-13,0.999999037094997,0.9999985556429873
3,1e-09,0.0625,0.004815273327803071,0.007222909991704607,0.012038171063206102,0.012038171060440403,2.765699128048915e-12,-1.5381029783156919e-12,0.9999976504184751,0.9999964756284766
3,1e-09,0.07500000000000001,0.006931543045073707,0.01039731456761056,0.017328821052737906,0.017328821040590137,1.2147768901904499e-11,-1.3379297669757761e-12,0.9999951310977685,0.9999926966473215
3,1e-09,0.08750000000000001,0.009430659556422749,0.014145989334634124,0.02357655681164663,0.023576556791568573,2.0078057272332472e-11,-1.2329026688462363e-12,0.9999909867512559,0.9999864801275107
3,1e-09,0.1,0.01231165940486223,0.018467489107293344,0.030778943628449067,0.030778943615813716,1.2635351098744252e-11,-9.896528041508645e-13,0.9999846375794931,0.999976956369745
3,1e-09,0.1125,0.015573431910108404,0.023360147865162606,0.03893316507456571,0.038933165075202475,-6.367614768798546e-13,-2.483568906086475e-13,0.9999754173745883,0.9999631260620118
3,1e-09,0.125,0.01921471959676957,0.028822079395154354,0.0480360200386539,0.048036020065044066,-2.6390167828793665e-11,-7.062794793455396e-12,0.9999625747281412,0.9999438620957373
3,1e-09,0.1375,0.023234118679127613,0.03485117801869142,0.05808391942832906,0.05808391945022473,-2.1895672774885355e-11,-4.204858683465318e-12,0.9999452743896756,0.9999179115866006
3,1e-09,0.15000000000000002,0.027630079602323443,0.041445119403485164,0.06907288256767949,0.06907288259438966,-2.6710175737854058e-11,-5.331846075762314e-12,0.9999225987851558,0.9998838981805027
3,1e-09,0.1625,0.03240090763974024,0.04860136145961036,0.08099853331078394,0.08099853339721233,-8.642839222083865e-11,-2.011824040693e-11,0.9998935496754913,0.9998403245236747
3,1e-09,0.17500000000000002,0.03754476354635272,0.05631714531952908,0.09385609589507263,0.09385609606504691,-1.6997428464726738e-10,-3.9176328847645436e-11,0.9998570499156784,0.9997855748939889
3,1e-09,0.1875,0.043059664267791176,0.06458949640168676,0.10764039057040406,0.10764039075366733,-1.8326326567397189e-10,-4.784206364405463e-11,0.9998119453798218,0.9997179180956965
3,1e-09,0.2,0.04894348370484647,0.0734152255572697,0.12234582904081003,0.12234582907744734,-3.663731817926674e-11,-4.299205436097964e-11,0.9997570070620123,0.9996355106194172
3,1e-09,0.21250000000000002,0.05519395353312195,0.08279093029968293,0.1379664097573728,0.13796640947933525,2.780375374378252e-10,-3.745714849401338e-11,0.9996909333475895,0.9995364000513801
3,1e-09,0.225,0.06180866407751584,0.09271299611627376,0.15449571309922333,0.15449571245597754,6.432457899663291e-10,-4.759093119588442e-11,0.9996123524328099,0.9994185286967886
3,1e-09,0.23750000000000002,0.06878506524119643,0.10317759786179465,0.17192689647422602,0.17192689563234542,8.418805930165973e-10,-7.123546197362884e-11,0.999519824853226,0.9992797373616212
3,1e-09,0.25,0.07612046748871326,0.11418070123306989,0.19025268936056658,0.1902526886802177,6.803488883377895e-10,-7.561640202879971e-11,0.999411846062138,0.9991177692151593
3,1e-09,0.2625,0.08381204288286404,0.12571806432429605,0.20946538829422368,0.2094653880748751,2.193485670876072e-10,-2.75784950432012e-11,0.9992868489803274,0.998930273631962
3,1e-09,0.275,0.09185682617491875,0.13778523926237812,0.22955685180779412,0.22955685178467783,2.3116286662627772e-11,2.6216806503498447e-12,0.9991432064871117,0.9987148099846732
3,1e-09,0.28750000000000003,0.1002517159477786,0.1503775739216679,0.25051849586552716,0.25051849585074415,1.4783008150942578e-11,2.3216983890961274e-12,0.9989792353531682,0.9984688534610233
3,1e-09,0.30000000000000004,0.1089934758116321,0.16349021371744815,0.272341289107324,0.2723412890911445,1.617950218246733e-11,3.006928039894774e-12,0.9987931990680448,0.9981897993160063
3,1e-09,0.3125,0.11807873565164495,0.17711810347746743,0.29501574819544535,0.29501574821958637,-2.414102251435679e-11,-2.6505464489900987e-12,0.998583310692135,0.9978749671992344
3,1e-09,0.325,0.12750399292720282,0.19125598939080424,0.318531933556576,0.3185319336482227,-9.164669023675742e-11,-7.346789843154511e-12,0.9983477363838978,0.9975216064224266
3,1e-09,0.3375,0.13726561402220816,0.20589842103331224,0.34287944532049336,0.34287944542613685,-1.056434939528117e-10,-1.8107737531636303e-12,0.9980845987859541,0.997126901053806
3,1e-09,0.35000000000000003,0.14735983564590782,0.22103975346886173,0.36804741956343145,0.3680474195719878,-8.556322317332388e-12,9.36362098968857e-12,0.9977919804835286,0.9966879751265592
3,1e-09,0.36250000000000004,0.15778276628371346,0.2366741494255702,0.39402452491675993,0.39402452476698824,1.4977169504604149e-10,1.1264544852451763e-11,0.9974679275788916,0.9962018980142789
3,1e-09,0.375,0.16853038769745476,0.25279558154618215,0.4207989595915236,0.4207989593743884,2.1713519871013887e-10,4.360956040727615e-13,0.9971104533936543,0.9956656899910952
3,1e-09,0.3875,0.17959855647448641,0.2693978347117296,0.44835844884730464,0.4483584487516402,9.566442082942217e-11,-2.3105961588498758e-12,0.9967175422755643,0.9950763279552706
3,1e-09,0.4,0.19098300562505255,0.2864745084375788,0.4766902429022854,0.4766902428839301,1.8355317266127713e-11,2.034150625718212e-12,0.9962871534398153,0.9944307512384476
3,1e-09,0.41250000000000003,0.2026793462272929,0.30401901934093933,0.5057811154275059,0.505781115412113,1.5392909169520408e-11,2.667865928174251e-12,0.9958172247500666,0.9937258673149103
3,1e-09,0.42500000000000004,0.21468306911925517,0.32202460367888275,0.5356173626158222,0.5356173626090325,6.789679929397607e-12,1.1226575225009583e-12,0.9953056767177701,0.9929585578300393
3,1e-09,0.4375,0.226989546637263,0.3404843199558945,0.5661848028462145,0.5661848028969607,-5.074618503186912e-11,-7.563727422166266e-12,0.994750416547941,0.9921256847274837
3,1e-09,0.45,0.23959403439996907,0.3593910515999536,0.5974687770710289,0.5974687771659898,-9.496092800986844e-11,-9.20785669933366e-12,0.9941493422836811,0.9912240965119485
3,1e-09,0.4625,0.25249167313740317,0.37873750970610476,0.6294541498228535,0.6294541498549958,-3.214228883052783e-11,5.2804427497221695e-12,0.993500346869686,0.990250634432667
3,1e-09,0.47500000000000003,0.26567749056431444,0.39851623584647167,0.6621253109391241,0.6621253108254075,1.1371659169867598e-10,2.1816326523094176e-11,0.9928013222349444,0.9892021387084845
3,1e-09,0.48750000000000004,0.2791464032970813,0.41871960494562194,0.6954661781090508,0.6954661779441266,1.6492418541957932e-10,1.862177079203775e-11,0.9920501635030485,0.988075454939599
3,1e-09,0.5,0.2928932188134524,0.43933982822017864,0.7294602003244823,0.7294602002919571,3.252520475172105e-11,3.0235813852641513e-12,0.9912447733989412,0.986867440812071
3,1e-09,0.5125000000000001,0.30691263745436415,0.4603689561815462,0.7640903621573044,0.764090362148321,8.983369603754454e-12,8.666400930223972e-13,0.9903830666757124,0.9855749728742447
3,1e-09,0.525,0.3211992544670582,0.4817988817005873,0.7993391885642868,0.7993391885534163,1.0870415678709833e-11,1.934896687316723e-12,0.9894629739538616,0.9841949525106549
3,1e-09,0.5375,0.33574756208871825,0.5036213431330774,0.835188750979567,0.8351887510052829,-2.5715873874787576e-11,-6.752154391165277e-12,0.988482446308532,0.9827243129795485
3,1e-09,0.55,0.35055195166981645,0.5258279275047246,0.8716206742673109,0.8716206743459591,-7.864819906444609e-11,-1.6185053297590457e-11,0.9874394596662589,0.9811600262081401
3,1e-09,0.5625,0.3656067158363545,0.5484100737545318,0.9086161445462849,0.9086161445856923,-3.940736625906993e-11,-3.0311309018316024e-12,0.9863320191492198,0.9794991095566171
3,1e-09,0.5750000000000001,0.38090605069016603,0.571359076035249,0.9461559178497584,0.9461559177549449,9.481349039219822e-11,2.5641710976742615e-11,0.9851581633091552,0.977738632474329
3,1e-09,0.5875,0.39644405804642857,0.5946660870696429,0.9842203298420789,0.9842203297152208,1.2685807959655904e-10,2.6639579431275706e-11,0.9839159684503321,0.9758757233029804
3,1e-09,0.6000000000000001,0.412214747707527,0.6183221215612904,1.0227893068554614,1.0227893068464995,8.961942299379189e-12,9.65005853004186e-13,0.9826035532558737,0.9739075765144237
3,1e-09,0.6125,0.42821203977238775,0.6423180596585816,1.0618423777763377,1.0618423777756225,7.152056724635258e-13,-3.198552533945076e-13,0.9812190832451579,0.9718314597794018
3,1e-09,0.625,0.4444297669803977,0.6666446504705965,1.101358686325557,1.1013586863296954,-4.1384673465927335e-12,-1.6266987756807794e-12,0.9797607746569349,0.9696447203162609
3,1e-09,0.6375000000000001,0.46086167708899983,0.6912925156334997,1.1413170051860426,1.1413170052675357,-8.149303454274559e-11,-2.7110869105229085e-11,0.978226899113786,0.9673447923173207
3,1e-09,0.65,0.4775014352840511,0.7162521529260766,1.1816957510231332,1.181695751175909,-1.5277579201722347e-10,-4.413269749647952e-11,0.9766157880236678,0.9649292040562346
3,1e-09,0.6625000000000001,0.49434262662201545,0.7415139399330232,1.2224730002476796,1.222473000292811,-4.5131454129432313e-11,-1.0272893646856573e-12,0.9749258368365536,0.9623955848779269
3,1e-09,0.675,0.511378758503045,0.7670681377545676,1.2636265055308773,1.2636265053501565,1.8072077168085343e-10,6.89819312782447e-11,0.9731555091293268,0.9597416720286867
3,1e-09,0.6875,0.5286032631740022,0.7929048947610033,1.305133713648772,1.3051337135050178,1.4375411971911944e-10,4.7120973789560594e-11,0.9713033408439883,0.9569653177188064
3,1e-09,0.7000000000000001,0.5460095002604533,0.8190142503906799,1.3469717854016199,1.3469717854083627,-6.742828517758426e-12,-2.2039037261833982e-12,0.969367945078633,0.9540644969108454
3,1e-09,0.7125,0.563590759326658,0.845386138989987,1.3891176149148405,1.3891176149229536,-8.113065774750794e-12,-1.298516849601583e-12,0.96734801595371,0.9510373140370871
3,1e-09,0.7250000000000001,0.5813402624625721,0.8720103936938581,1.4315478498538161,1.4315478498787175,-2.490141426392256e-11,-1.184607967275042e-11,0.9652423324512442,0.9478820097364878
3,1e-09,0.7375,0.5992511668968591,0.8988767503452886,1.47423891399226,1.4742389140824033,-9.014322621681004e-11,-4.0756620300896884e-11,0.963049762896303,0.9445969684183434
3,1e-09,0.75,0.6173165676349102,0.9259748514523652,1.517167029959229,1.5171670300610052,-1.0177614306883243e-10,-2.8062885348845157e-11,0.9607692689727685,0.9411807253003361
3,1e-09,0.7625000000000001,0.6355295001208504,0.9532942501812756,1.5603082424627575,1.5603082424268075,3.594990971578227e-11,4.52236026404762e-11,0.9583999096491064,0.9376319734320225
3,1e-09,0.775,0.653882942922507,0.9808244143837606,1.603638442351379,1.6036384422593846,9.199441208807002e-11,5.356937116118843e-11,0.9559408449789679,0.9339495706068627
3,1e-09,0.7875000000000001,0.6723698204383066,1.00855473065746,1.64713339294053,1.6471333929578311,-1.7301049481943664e-11,-4.133804409889308e-12,0.9533913402192198,0.9301325466206669
3,1e-09,0.8,0.6909830056250525,1.0364745084375788,1.690768756124493,1.6907687561432345,-1.8741452834092343e-11,-3.634537115715375e-12,0.9507507696759743,0.9261801103125942
3,1e-09,0.8125,0.7097153227455377,1.0645729841183065,1.734520117923907,1.7345201179392566,-1.534972149386249e-11,-1.2685408279367039e-11,0.9480186200907892,0.9220916561577264
3,1e-09,0.8250000000000001,0.7285595501349257,1.0928393252023885,1.778363017023384,1.7783630170727731,-4.938915942886979e-11,-3.634970102694979e-11,0.9451944944735106,0.917866771293929
3,1e-09,0.8375,0.7475084229848421,1.1212626344772632,1.822272972893101,1.82227297299176,-9.865885886028991e-11,-1.7498336113419555e-11,0.9422781155832165,0.9135052422068458
3,1e-09,0.8500000000000001,0.7665546361440947,1.149831954216142,1.86622551411032,1.866225514145625,-3.530509218307998e-11,4.505307238389378e-11,0.9392693294520318,0.9090070615761072
3,1e-09,0.8625,0.7856908469349493,1.1785362704024238,1.910196207281794,1.910196207293949,-1.2154943718201139e-11,1.1701084545734375e-11,0.9361681085753155,0.9043724346767718
3,1e-09,0.875,0.8049096779838717,1.2073645169758076,1.9541606883179763,1.954160688340072,-2.2095658636089865e-11,-6.050715484207103e-12,0.9329745550834779,0.8996017855598254
3,1e-09,0.8875000000000001,0.8242037200656456,1.2363055800984684,1.998094691142537,1.9980946911636936,-2.1156632001861908e-11,-6.630251903061435e-12,0.9296889039178822,0.8946957636158943
3,1e-09,0.9,0.843565534959769,1.2653483024396537,2.0419740785204685,2.0419740784947567,2.5711877071898925e-11,-1.8876233909281837e-11,0.9263115257391803,0.8896552495750822
3,1e-09,0.9125000000000001,0.862987658318032,1.294481487477048,2.0857748730053065,2.0857748730656245,-6.03179728386749e-11,-2.8809177265998187e-11,0.9228429294654357,0.8844813609823683
3,1e-09,0.925,0.8824626025421622,1.3236939038132434,2.129473287890283,2.129473288069269,-1.7898571513796924e-10,9.280576307446609e-12,0.9192837651771162,0.8791754582428232
3,1e-09,0.9375,0.9019828596704392,1.352974289505659,2.1730457576888726,2.173045757770291,-8.141842755549078e-11,1.9933166228724986e-11,0.9156348267101257,0.8737391502825292
3,1e-09,0.9500000000000001,0.921540904272155,1.3823113564082323,2.2164689697670075,2.216468969795151,-2.8143709585037868e-11,-7.76645414646282e-12,0.911897053274788,0.8681742986112264
3,1e-09,0.9625,0.941129196348811,1.4116937945232164,2.2597198954495505,2.259719895485097,-3.554667671323841e-11,-8.37152569488353e-12,0.9080715318721786,0.8624830225894381
3,1e-09,0.9750000000000001,0.9607401842409315,1.4411102763613974,2.302775820295496,2.3027758202064375,8.905853832175126e-11,-5.589750884382738e-12,0.9041594994134077,0.8566677043166552
3,1e-09,0.9875,0.9803663075393717,1.4705494613090575,2.3456143748746343,2.345614374852961,2.1673329797522456e-11,-1.9208856727459533e-11,0.9001623437099141,0.8507309916829061
3,1e-09,1.0,0.9999999999999999,1.4999999999999998,2.388213565365583,2.388213565678069,-3.1248603704625566e-10,-1.6822099269120372e-11,0.8960816052476157,0.8446758025172957
3,1e-09,1.0125,1.0196336924606282,1.5294505386909423,2.430551803304684,2.4305518035177185,-2.130344789463834e-10,1.6509016376176078e-12,0.8919189789194133,0.8385053286630443
3,1e-09,1.0250000000000001,1.0392598157590687,1.558889723638603,2.472607934397725,2.472607934431355,-3.362998768352554e-11,-9.579670390280626e-12,0.8876763136787378,0.8322230368563599
3,1e-09,1.0375,1.0588708036511891,1.5883062054767838,2.5143612679013883,2.5143612679462692,-4.488098781507688e-11,-1.0887735157893985e-11,0.8833556135374983,0.8258326713920241
3,1e-09,1.05,1.0784590957278448,1.6176886435917672,2.55579160446145,2.5557916042611577,2.0029222724815554e-10,1.1227019314219433e-11,0.8789590386552573,0.8193382569234822
3,1e-09,1.0625,1.0980171403295607,1.6470257104943409,2.596879262552165,2.596879262445996,1.0616885148806432e-10,-3.798961145662361e-12,0.8744889041470874,0.8127440976996443
3,1e-09,1.075,1.1175373974578375,1.6763060961867562,2.637605105638546,2.6376051061772925,-5.387463808403936e-10,-4.894651350895174e-11,0.8699476804311841,0.8060547788306691
3,1e-09,1.0875000000000001,1.137012341681968,1.705518512522952,2.677950568007713,2.6779505683453753,-3.376623425310754e-10,-2.587940972631486e-11,0.8653379935899592,0.7992751674585266
3,1e-09,1.1,1.156434465040231,1.7346516975603463,2.717897676639452,2.7178976766720178,-3.256594993672479e-11,-1.0759615420852242e-11,0.8606626221813787,0.7924104085737609
3,1e-09,1.1125,1.1757962799343544,1.7636944199015316,2.7574290756548683,2.757429075689627,-3.47588624549644e-11,-1.1256995335884312e-11,0.8559244970019741,0.7854659247724185
3,1e-09,1.125,1.1950903220161282,1.7926354830241924,2.796528048354984,2.7965280479317287,4.232552086591568e-10,4.341060844126332e-11,0.8511267001703957,0.778447414893868
3,1e-09,1.1375,1.2143091530650505,1.8214637295975757,2.835178535046409,2.8351785349105043,1.3590462089041466e-10,7.0035088839404125e-12,0.8462724613224462,0.7713608482179459
3,1e-09,1.1500000000000001,1.2334453638559055,1.8501680457838583,2.873365154188056,2.8733651551449086,-9.568528192005488e-10,-1.0824008356280501e-10,0.8413651564418099,0.7642124620465534
3,1e-09,1.1625,1.252491577015158,1.8787373655227368,2.9110732204477587,2.9110732208094086,-3.6164982120112654e-10,-4.508327045016358e-11,0.8364083061277411,0.7570087583022336
3,1e-09,1.175,1.2714404498650742,1.9071606747976113,2.948288754589168,2.9482887546291203,-3.9952485764160883e-11,-1.3343104399154981e-11,0.8314055685977856,0.7497564922748132
3,1e-09,1.1875,1.290284677254462,1.935427015881693,2.984998501965826,2.9849985019182896,4.75361972007704e-11,-1.6142642778049776e-12,0.8263607390988468,0.7424626700667721
3,1e-09,1.2000000000000002,1.3090169943749475,1.9635254915624212,3.021189943490667,3.0211899426938835,7.967835280453528e-10,9.871969908203937e-11,0.8212777453849492,0.7351345401794008
3,1e-09,1.2125000000000001,1.3276301795616936,1.9914452693425404,3.056851301737221,3.056851301765314,-2.809308341511496e-11,-8.93063401008476e-12,0.8161606414700652,0.7277795823183616
3,1e-09,1.225,1.3461170570774932,2.0191755856162397,3.091971554396864,3.091971555984096,-1.5872321235121944e-09,-2.038906821155706e-10,0.8110136049498973,0.7204055006745519
3,1e-09,1.2375,1.3644704998791497,2.0467057498187247,3.126540439738613,3.1265404399576098,-2.1899682067783033e-10,-3.869760067942707e-11,0.8058409321681816,0.7130202139991613
3,1e-09,1.25,1.3826834323650896,2.0740251485476344,3.1605484506004604,3.1605484506868833,-8.642286886129114e-11,-2.1899815294545988e-11,0.8006470273743976,0.7056318367528499
3,1e-09,1.2625000000000002,1.4007488331031412,2.101123249654712,3.193986847792459,3.1939868474940414,2.9841773496741553e-10,3.2545743877676614e-11,0.7954364024120638,0.698248674546228
3,1e-09,1.2750000000000001,1.4186597375374284,2.1279896063061425,3.2268476533173307,3.226847652058243,1.2590875009266256e-09,1.6851431361430969e-10,0.7902136672461898,0.6908792064368093
3,1e-09,1.2875,1.4364092406733424,2.154613861010014,3.259123644607221,3.2591236452038843,-5.966631633214092e-10,-8.564482456563383e-11,0.7849835221318562,0.6835320691300483
3,1e-09,1.3,1.4539904997395467,2.18098574960932,3.2908083592176065,3.290808361457187,-2.2395805210351227e-09,-3.100699697000664e-10,0.7797507533639756,0.6762160454845101
3,1e-09,1.3125,1.4713967368259977,2.2070951052389964,3.32189608152613,3.3218960816888323,-1.62702296080397e-10,-3.501621215207251e-11,0.7745202241891339,0.6689400462674185
3,1e-09,1.3250000000000002,1.488621241496955,2.2329318622454326,3.3523818231851474,3.3523818233516036,-1.6645618217125957e-10,-3.558986438889633e-11,0.7692968624111962,0.661713086738503
3,1e-09,1.3375000000000001,1.5056573733779848,2.258486060066977,3.382261328730322,3.382261327921236,8.090856873366192e-10,1.0451373100295314e-10,0.7640856585804578,0.6545442773222063
3,1e-09,1.35,1.5224985647159488,2.283747847073923,3.4115310483506125,3.41153104680245,1.5481624870972155e-09,2.129485476842774e-10,0.7588916527804297,0.6474427984417588
3,1e-09,1.3625,1.5391383229110003,2.3087074843665003,3.440188122793239,3.44018812453012,-1.7368808613582587e-09,-2.497395623635157e-10,0.7537199259010186,0.6404178809675461
3,1e-09,1.375,1.555570233019602,2.333355349529403,3.4682303779397476,3.4682303803212005,-2.3814528127275025e-09,-3.4533842452333374e-10,0.7485755936893278,0.633478789835237
3,1e-09,1.3875000000000002,1.5717879602276126,2.357681940341419,3.4956562868220535,3.4956562869308523,-1.0879874778879639e-10,-2.931499487601741e-11,0.7434637930323685,0.6266347973922546
3,1e-09,1.4000000000000001,1.587785252292473,2.381677878438709,3.5224649472075287,3.5224649473734657,-1.6593704188494485e-10,-3.756861488568575e-11,0.7383896714883939,0.6198951603265428
3,1e-09,1.4125,1.6035559419535714,2.4053339129303573,3.5486560719474274,3.548656070395189,1.5522383378652194e-09,2.0909718401185273e-10,0.7333583815717862,0.6132691026254539
3,1e-09,1.425,1.6190939493098342,2.4286409239647515,3.574229944186498,3.5742299430374413,1.1490568496697051e-09,1.5587842128184093e-10,0.7283750662865781,0.6067657870346065
3,1e-09,1.4375,1.6343932841636453,2.451589926245468,3.5991873988909693,3.5991874021516814,-3.260712144736999e-09,-4.72355932146229e-10,0.7234448504893384,0.6003942934016978
3,1e-09,1.4500000000000002,1.6494480483301839,2.474172072495276,3.623529803165597,3.6235298044927347,-1.327137510998e-09,-2.0383250642908024e-10,0.7185728328796145,0.5941635976869106
3,1e-09,1.4625000000000001,1.6642524379112817,2.4963786568669226,3.6472589932850834,3.647258993448077,-1.6299361860205863e-10,-3.8890224374199533e-11,0.7137640693031854,0.5880825403179257
3,1e-09,1.475,1.678800745532942,2.518201118299413,3.6703772664778,3.670377266290521,1.8727908113191916e-10,1.0708545161719485e-11,0.7090235669783058,0.582159807364015
3,1e-09,1.4875,1.6930873625456357,2.5396310438184537,3.6928873414716596,3.6928873393077275,2.163932144583214e-09,2.925300002232234e-10,0.7043562731643539,0.5764039050579888
3,1e-09,1.5,1.7071067811865475,2.560660171779821,3.7147923106418803,3.7147923111558447,-5.139644265739207e-10,-8.293776776469031e-11,0.6997670629493264,0.5708231334438625
3,1e-09,1.5125000000000002,1.7208535967029188,2.581280395054378,3.736095622585152,3.736095626594437,-4.009284904071819e-09,-5.82522585723666e-10,0.6952607312787482,0.5654255642333605
3,1e-09,1.5250000000000001,1.7343225094356858,2.601483764153529,3.7568010380831076,3.756801038396179,-3.1307134662483804e-10,-6.117051309928456e-11,0.6908419825240001,0.5602190166563311
3,1e-09,1.5375,1.7475083268625968,2.621262490293895,3.776912567057373,3.7769125673980053,-3.4063241116655263e-10,-6.505851413152186e-11,0.6865154165611709,0.5552110294955939
3,1e-09,1.55,1.760405965600031,2.640608948400047,3.7964344660882388,3.7964344649646726,1.1235661290243115e-09,1.3928591613421304e-10,0.6822855243100138,0.5504088430315257
3,1e-09,1.5625,1.7730104533627369,2.6595156800441053,3.8153711740064273,3.815371172355714,1.6507133437926313e-09,2.1579227293955228e-10,0.6781566750919392,0.5458193732249346
3,1e-09,1.5750000000000002,1.785316930880745,2.6779753963211177,3.833727278059312,3.8337272811757392,-3.116427116367504e-09,-4.5027970241307003e-10,0.6741331080142559,0.5414491899093073
3,1e-09,1.5875000000000001,1.7973206537727073,2.695980980659061,3.8515074924801063,3.8515074944307623,-1.950656081106672e-09,-2.917466268570479e-10,0.6702189248307412,0.5373044963203041
3,1e-09,1.6,1.8090169943749475,2.713525491562421,3.868716585374335,3.8687165856462586,-2.7192381679697064e-10,-5.6402993386939215e-11,0.6664180788108299,0.5333911070507483
3,1e-09,1.6125,1.8204014435255136,2.7306021652882704,3.8853593605178194,3.8853593604619676,5.5851767655212825e-11,-1.1515788322924436e-11,0.6627343683399987,0.5297144290774116
3,1e-09,1.625,1.8314696123025453,2.7472044184538182,3.901440620103224,3.9014406181871313,1.9160926179040416e-09,2.446178815063149e-10,0.6591714297001525,0.5262794433719536
3,1e-09,1.6375000000000002,1.8422172337162865,2.7633258505744296,3.9169651124110247,3.9169651134450567,-1.0340319711588108e-09,-1.5858547808278445e-10,0.655732729230154,0.5230906873973954
3,1e-09,1.6500000000000001,1.8526401643540922,2.7789602465311383,3.9319375163514216,3.9319375199720095,-3.6205878295447746e-09,-5.181333140313882e-10,0.6524215577017443,0.5201522381880027
3,1e-09,1.6625,1.8627343859777918,2.794101578966688,3.946362394232281,3.946362394571636,-3.39354766509814e-10,-6.610345604229906e-11,0.6492410242854677,0.5174676981189906
3,1e-09,1.675,1.8724960070727972,2.8087440106091957,3.9602441417170953,3.9602441420951227,-3.78027387171187e-10,-7.131450985298216e-11,0.6461940503333605,0.5150401815341019
3,1e-09,1.6875,1.881921264348355,2.8228818965225324,3.973586984754228,3.9735869834089192,1.3453087532866448e-09,1.6115109247039072e-10,0.6432833660970222,0.5128723018911954
3,1e-09,1.7000000000000002,1.891006524188368,2.836509786282552,3.9863949236968783,3.9863949233610154,3.3586289305276296e-10,2.651612263093739e-11,0.6405115059368525,0.510966162455163
3,1e-09,1.7125000000000001,1.8997482840522215,2.8496224260783323,3.998671717819912,3.998671721492658,-3.6727461072416645e-09,-5.171991723784686e-10,0.637880805050792,0.5093233462304076
3,1e-09,1.725,1.9081431738250814,2.862214760737622,4.010420864081171,4.010420864528041,-4.468700964821437e-10,-8.069622747797212e-11,0.6353933969548362,0.5079449082455372
3,1e-09,1.7375,1.9161879571171359,2.874281935675704,4.021645539663374,4.021645540129721,-4.663469610477478e-10,-8.330991452254466e-11,0.6330512110254108,0.5068313727737848
3,1e-09,1.75,1.9238795325112867,2.88581929876693,4.03234861491348,4.032348614147583,7.658966794110711e-10,8.04987188018913e-11,0.6308559714360208,0.5059827262163638
3,1e-09,1.7625000000000002,1.9312149347588035,2.896822402138205,4.042532610014986,4.042532609106039,9.089466956879733e-10,1.0043432752127046e-10,0.6288091963218145,0.505398417196217
3,1e-09,1.7750000000000001,1.9381913359224843,2.9072870038837264,4.052199682349414,4.052199685508888,-3.15947357165669e-09,-4.423587052215794e-10,0.6269121976304886,0.5050773556072675
3,1e-09,1.7875,1.9448060464668782,2.9172090697003172,4.061351624868699,4.06135162565326,-7.845608607226495e-10,-1.260084259158134e-10,0.6251660814907943,0.5050179122041557
3,1e-09,1.8,1.9510565162951536,2.9265847744427305,4.069989819138872,4.06998981960913,-4.702584988081071e-10,-8.385903083052426e-11,0.6235717498573947,0.5052179261996654
3,1e-09,1.8125,1.9569403357322088,2.9354105035983133,4.078115254633436,4.078115254244485,3.8895020537665914e-10,2.9407143387061296e-11,0.622129901845571,0.5056747063874675
3,1e-09,1.8250000000000002,1.9624552364536472,2.9436828546804708,4.085728505661537,4.085728504598438,1.063098942211127e-09,1.1876455374704165e-10,0.6208410363534282,0.5063850398865173
3,1e-09,1.8375000000000001,1.9675990923602598,2.9513986385403896,4.092829725289416,4.092829727988093,-2.6986768375536485e-09,-3.782892887826961e-10,0.6197054550158468,0.5073452008312743
3,1e-09,1.85,1.9723699203976766,2.9585548805965147,4.0994186595958375,4.099418660771628,-1.1757901319242592e-09,-1.7745316327477667e-10,0.6187232652293456,0.5085509581652048
3,1e-09,1.8625,1.9767658813208724,2.9651488219813085,4.10549461734768,4.105494617820786,-4.731059988216657e-10,-8.416756180906759e-11,0.6178943849177426,0.5099975918980495
3,1e-09,1.875,1.9807852804032304,2.9711779206048456,4.111056494749621,4.1110564945652195,1.844018271413006e-10,2.3718804698091844e-12,0.6172185464008221,0.5116799035492299
3,1e-09,1.8875000000000002,1.9844265680898916,2.9766398521348374,4.116102772774402,4.116102771712142,1.06226050178293e-09,1.1814105249641216e-10,0.6166953014714072,0.5135922323215161
3,1e-09,1.9000000000000001,1.9876883405951378,2.9815325108927064,4.120631520084966,4.120631522519634,-2.4346684668330454e-09,-3.4288127892523335e-10,0.6163240268122349,0.5157284724816296
3,1e-09,1.9125,1.9905693404435771,2.9858540106653657,4.1246404211236944,4.124640422488117,-1.3644223528785915e-09,-2.02022065742824e-10,0.6161039291440857,0.5180820890948687
3,1e-09,1.925,1.9930684569549264,2.9896026854323896,4.128126761209316,4.128126761694058,-4.84742024298157e-10,-8.552003549766596e-11,0.6160340519039158,0.520646141067379
3,1e-09,1.9375,1.9951847266721967,2.9927770900082953,4.131087459327066,4.131087459239669,8.739675649849232e-11,-9.837242131993662e-12,0.6161132810158929,0.5234132996955457
3,1e-09,1.9500000000000002,1.996917333733128,2.995376000599692,4.13351908109065,4.133519080070299,1.0203518030493797e-09,1.1369993835330661e-10,0.6163403514128177,0.526375871029688
3,1e-09,1.9625000000000001,1.998265610184716,2.997398415277074,4.1354178515882785,4.1354178539217115,-2.3334330023772054e-09,-3.3062963478158736e-10,0.6167138538337429,0.5295258197609647
3,1e-09,1.975,1.999229036240723,2.9988435543610845,4.136779694801468,4.136779696211172,-1.409704353250163e-09,-2.0835677627673022e-10,0.6172322412392448,0.5328547915187534
3,1e-09,1.9875,1.9998072404820648,2.999710860723097,4.137600230425904,4.137600230959261,-5.333573582788631e-10,-9.183853677541265e-11,0.6178938361493593,0.5363541403515736
3,1e-09,2.0,2.0,3.0,4.137874814774811,4.137874815308395,-5.335838437758866e-10,-9.186884586398492e-11,0.618696837297819,0.540014953123011
3,1e-11,0.0,0.0,0.0,0.0,0.0,0.0,0.0,1.0,1.0
3,1e-11,0.0125,0.00019275951793518153,0.0002891392769027723,0.00048189879405180995,0.00048189879406870004,-1.6890080913739558e-14,-1.3766765505351941e-14,0.999999996235293,0.9999999943529465
3,1e-11,0.025,0.000770963759277099,0.0011564456389156486,0.0019274093478934664,0.0019274093480717439,-1.7827753162613647e-13,-1.3711254354120683e-13,0.9999999397754573,0.9999999096632541
3,1e-11,0.037500000000000006,0.0017343898152840653,0.002601584722926098,0.004335973965528408,0.004335973965769959,-2.415507030506525e-13,-1.9739765377835283e-13,0.9999996952030262,0.9999995428046375
3,1e-11,0.05,0.003082666266872036,0.004623999400308054,0.0077066624515859695,0.0077066624521445245,-5.585549384123922e-13,-9.896528041508645e-13,0.999999037094997,0.9999985556429873
3,1e-11,0.0625,0.004815273327803071,0.007222909991704607,0.012038171063206102,0.012038171060440403,2.765699128048915e-12,-1.5381029783156919e-12,0.9999976504184751,0.9999964756284766
3,1e-11,0.07500000000000001,0.006931543045073707,0.01039731456761056,0.017328821052737906,0.017328821040590137,1.2147768901904499e-11,-1.3379297669757761e-12,0.9999951310977685,0.9999926966473215
3,1e-11,0.08750000000000001,0.009430659556422749,0.014145989334634124,0.02357655681164663,0.023576556791568573,2.0078057272332472e-11,-1.2329026688462363e-12,0.9999909867512559,0.9999864801275107
3,1e-11,0.1,0.01231165940486223,0.018467489107293344,0.030778943628449067,0.030778943615813716,1.2635351098744252e-11,-9.896528041508645e-13,0.9999846375794931,0.999976956369745
3,1e-11,0.1125,0.015573431910108404,0.023360147865162606,0.03893316507454597,0.03893316507436039,1.8558071745999882e-13,7.771561172376096e-15,0.999975417374329,0.9999631260614945
3,1e-11,0.125,0.01921471959676957,0.028822079395154354,0.04803602003765356,0.04803602003771813,-6.457334666976067e-14,-5.739853037312059e-14,0.999962574716309,0.9999438620745111
3,1e-11,0.1375,0.023234118679127613,0.03485117801869142,0.058083919426929226,0.058083919427244585,-3.153588501447757e-13,-1.45328193923433e-13,0.9999452743744138,0.999917911561757
3,1e-11,0.15000000000000002,0.027630079602323443,0.041445119403485164,0.06907288256592246,0.06907288256748198,-1.5595164049031496e-12,-6.504796701278792e-13,0.9999225987695839,0.9998838981548812
3,1e-11,0.1625,0.03240090763974024,0.04860136145961036,0.08099853330474079,0.08099853330427081,4.699712841116366e-13,-7.661649092938205e-13,0.9998935496340945,0.9998403244520001
3,1e-11,0.17500000000000002,0.03754476354635272,0.05631714531952908,0.09385609587819589,0.09385609587035937,7.836523097104475e-12,-6.077360836798107e-13,0.9998570498143775,0.9997855747230476
3,1e-11,0.1875,0.043059664267791176,0.06458949640168676,0.10764039054144017,0.10764039052949588,1.1944292777066323e-11,-8.369971382649055e-13,0.9998119452253978,0.999717917841219
3,1e-11,0.2,0.04894348370484647,0.0734152255572697,0.12234582901359689,0.12234582901038568,3.2112090764258028e-12,-3.0830893393840597e-13,0.9997570069370637,0.9996355104115514
3,1e-11,0.21250000000000002,0.05519395353312195,0.08279093029968293,0.13796640975928534,0.13796640975904648,2.3886448374810243e-13,1.1102230246251565e-15,0.999690933371622,0.9995364000693658
3,1e-11,0.225,0.06180866407751584,0.09271299611627376,0.15449571316007055,0.15449571315986277,2.0777823905859805e-13,6.217248937900877e-15,0.9996123527013502,0.999418529075589
3,1e-11,0.23750000000000002,0.06878506524119643,0.10317759786179465,0.17192689659695518,0.17192689659769356,-7.38381578102576e-13,-1.3844481117075702e-13,0.9995198253314886,0.9992797380421422
3,1e-11,0.25,0.07612046748871326,0.11418070123306989,0.19025268949034327,0.1902526894907471,-4.038436252074007e-13,-7.283063041541027e-14,0.9994118465190772,0.999117769861126
3,1e-11,0.2625,0.08381204288286404,0.12571806432429605,0.20946538833938586,0.20946538833683948,2.5463797737046434e-12,-4.4297898682543746e-14,0.999286849121098,0.9989302738288253
3,1e-11,0.275,0.09185682617491875,0.13778523926237812,0.229556851802424,0.22955685180002072,2.4032720258304607e-12,-1.6620038678638593e-13,0.9991432064645592,0.9987148099523981
3,1e-11,0.28750000000000003,0.1002517159477786,0.1503775739216679,0.2505184958588768,0.25051849585855324,3.2357450052700187e-13,1.3100631690576847e-14,0.9989792353290071,0.998468853426021
3,1e-11,0.30000000000000004,0.1089934758116321,0.16349021371744815,0.27234128909932676,0.27234128909903127,2.954858580039854e-13,2.2426505097428162e-14,0.9987931990413327,0.9981897992775478
3,1e-11,0.3125,0.11807873565164495,0.17711810347746743,0.2950157481904502,0.2950157481909954,-5.452305273934144e-13,-7.216449660063518e-14,0.9985833106834924,0.997874967184335
3,1e-11,0.325,0.12750399292720282,0.19125598939080424,0.31853193355502357,0.318531933555371,-3.4744429555644274e-13,3.175237850427948e-14,0.9983477363991873,0.99752160643987
3,1e-11,0.3375,0.13726561402220816,0.20589842103331224,0.34287944531613285,0.34287944531432746,1.8053891714941983e-12,5.484501741648273e-14,0.9980845987981921,0.9971269010693651
3,1e-11,0.35000000000000003,0.14735983564590782,0.22103975346886173,0.36804741955149317,0.36804741955080267,6.905032101656161e-13,-2.7755575615628914e-15,0.9977919804563941,0.9966879750905998
3,1e-11,0.36250000000000004,0.15778276628371346,0.2366741494255702,0.3940245249023797,0.39402452490216716,2.1255219806448622e-13,1.509903313490213e-14,0.9974679275087922,0.9962018979174848
3,1e-11,0.375,0.16853038769745476,0.25279558154618215,0.42079895958326335,0.42079895958350283,-2.3947510641164627e-13,-5.218048215738236e-14,0.9971104533188067,0.9956656898826001
3,1e-11,0.3875,0.17959855647448641,0.2693978347117296,0.4483584488381842,0.4483584488400211,-1.8368639942423215e-12,-1.5121237595394632e-13,0.9967175422333852,0.9950763278921707
3,1e-11,0.4,0.19098300562505255,0.2864745084375788,0.4766902428884559,0.47669024288801437,4.4153569689342476e-13,1.9984014443252818e-13,0.9962871534134252,0.9944307511995977
3,1e-11,0.41250000000000003,0.2026793462272929,0.30401901934093933,0.5057811154110851,0.5057811154082288,2.8562707754531402e-12,1.4144241333724494e-13,0.995817224722277,0.9937258672741979
3,1e-11,0.42500000000000004,0.21468306911925517,0.32202460367888275,0.5356173626007551,0.5356173626004909,2.6423307986078726e-13,2.886579864025407e-15,0.9953056766942067,0.9929585577947618
3,1e-11,0.4375,0.226989546637263,0.3404843199558945,0.566184802850036,0.5661848028498345,2.015054789694659e-13,1.4876988529977098e-14,0.9947504165610606,0.9921256847411434
3,1e-11,0.45,0.23959403439996907,0.3593910515999536,0.5974687770847522,0.5974687770859379,-1.1857181902996672e-12,-1.9184653865522705e-13,0.9941493423164466,0.9912240965532108
3,1e-11,0.4625,0.25249167313740317,0.37873750970610476,0.6294541498080006,0.6294541498086271,-6.264988527959758e-13,3.6415315207705135e-14,0.9935003468537219,0.9902506344101343
3,1e-11,0.47500000000000003,0.26567749056431444,0.39851623584647167,0.6621253108725028,0.6621253108700165,2.486344463648038e-12,3.290701044988964e-13,0.992801322130004,0.98920213856516
3,1e-11,0.48750000000000004,0.2791464032970813,0.41871960494562194,0.6954661780293845,0.6954661780291344,2.5013324744804777e-13,1.7763568394002505e-15,0.9920501633764036,0.9880754547637767
3,1e-11,0.5,0.2928932188134524,0.43933982822017864,0.7294602002942299,0.7294602002940529,1.7696955012524995e-13,6.661338147750939e-15,0.9912447733612415,0.9868674407573175
3,1e-11,0.5125000000000001,0.30691263745436415,0.4603689561815462,0.7640903621328696,0.7640903621338929,-1.0232925617970068e-12,-2.2093438190040615e-13,0.990383066650616,0.9855749728367368
3,1e-11,0.525,0.3211992544670582,0.4817988817005873,0.799339188536267,0.7993391885364494,-1.8240964294591322e-13,4.907185768843192e-14,0.9894629739272174,0.9841949524712822
3,1e-11,0.5375,0.33574756208871825,0.5036213431330774,0.8351887509768761,0.8351887509749053,1.9707568910121154e-12,3.417266469796232e-13,0.9884824463095135,0.9827243129759539
3,1e-11,0.55,0.35055195166981645,0.5258279275047246,0.8716206742949273,0.8716206742947968,1.304512053934559e-13,-1.7208456881689926e-14,0.9874394596984659,0.9811600262453102
3,1e-11,0.5625,0.3656067158363545,0.5484100737545318,0.9086161445371387,0.9086161445371836,-4.496403249731884e-14,-5.3734794391857577e-14,0.9863320191464894,0.9794991095494336
3,1e-11,0.5750000000000001,0.38090605069016603,0.571359076035249,0.9461559177401097,0.9461559177411721,-1.0624834345662748e-12,-2.601252546696742e-13,0.9851581632116935,0.9777386323442558
3,1e-11,0.5875,0.39644405804642857,0.5946660870696429,0.984220329718037,0.9842203297168834,1.1535217225855376e-12,3.275157922644212e-13,0.9839159683417228,0.975875723157468
3,1e-11,0.6000000000000001,0.412214747707527,0.6183221215612904,1.0227893068226583,1.0227893068223965,2.617905892066119e-13,1.3322676295501878e-14,0.9826035532349777,0.9739075764835736
3,1e-11,0.6125,0.42821203977238775,0.6423180596585816,1.0618423777444346,1.0618423777443176,1.170175067954915e-13,-9.2148511043888e-15,0.9812190832273484,0.9718314597524386
3,1e-11,0.625,0.4444297669803977,0.6666446504705965,1.1013586862959175,1.1013586862966496,-7.320810624378282e-13,-2.6401103525586223e-13,0.9797607746421472,0.9696447202933401
3,1e-11,0.6375000000000001,0.46086167708899983,0.6912925156334997,1.1413170052435584,1.1413170052433639,1.9451107391432743e-13,1.1146639167236572e-13,0.9782268991496406,0.9673447923559686
3,1e-11,0.65,0.4775014352840511,0.7162521529260766,1.1816957511422264,1.181695751141546,6.803446694902959e-13,1.7119639039719914e-13,0.9766157880962067,0.9649292041396877
3,1e-11,0.6625000000000001,0.49434262662201545,0.7415139399330232,1.2224730002140316,1.2224730002139448,8.681944052568724e-14,-1.7763568394002505e-14,0.9749258368268305,0.9623955848623281
3,1e-11,0.675,0.511378758503045,0.7670681377545676,1.2636265052335853,1.2636265052340665,-4.811706588725428e-13,-2.384759056894836e-13,0.9731555089763969,0.9597416718397205
3,1e-11,0.6875,0.5286032631740022,0.7929048947610033,1.3051337134280836,1.3051337134281713,-8.770761894538737e-14,3.6415315207705135e-14,0.9713033407336972,0.9569653175819766
3,1e-11,0.7000000000000001,0.5460095002604533,0.8190142503906799,1.3469717853719145,1.346971785371402,5.124789481669723e-13,1.6764367671839864e-13,0.9693679450722726,0.9540644969009544
3,1e-11,0.7125,0.563590759326658,0.845386138989987,1.3891176148787652,1.3891176148787068,5.839773109528323e-14,-2.4868995751603507e-14,0.9673480159481131,0.9510373140288175
3,1e-11,0.7250000000000001,0.5813402624625721,0.8720103936938581,1.4315478498549274,1.4315478498553367,-4.092282068768327e-13,-2.610134330893743e-13,0.965242332454094,0.9478820097363184
3,1e-11,0.7375,0.5992511668968591,0.8988767503452886,1.4742389140990602,1.47423891409911,-4.973799150320701e-14,1.2212453270876722e-13,0.9630497629263706,0.944596968444572
3,1e-11,0.75,0.6173165676349102,0.9259748514523652,1.5171670300148563,1.5171670300147584,9.792167077193881e-14,-8.881784197001252e-16,0.9607692689994934,0.9411807253268583
3,1e-11,0.7625000000000001,0.6355295001208504,0.9532942501812756,1.5603082422376109,1.560308242237585,2.5979218776228663e-14,-3.941291737419306e-14,0.9583999096087145,0.9376319733952161
3,1e-11,0.775,0.653882942922507,0.9808244143837606,1.603638442096552,1.6036384420969594,-4.0745185003743245e-13,-2.9265478929119126e-13,0.9559408449251041,0.9339495705556748
3,1e-11,0.7875000000000001,0.6723698204383066,1.00855473065746,1.6471333929197287,1.6471333929197283,4.440892098500626e-16,2.950972799453666e-13,0.9533913402252563,0.9301325466290988
3,1e-11,0.8,0.6909830056250525,1.0364745084375788,1.6907687560987534,1.690768756098731,2.2426505097428162e-14,-4.596323321948148e-14,0.9507507696844362,0.9261801103248113
3,1e-11,0.8125,0.7097153227455377,1.0645729841183065,1.7345201179306085,1.7345201179305687,3.9745984281580604e-14,-1.0635936575909e-13,0.9480186200908269,0.922091656154246
3,1e-11,0.8250000000000001,0.7285595501349257,1.0928393252023885,1.7783630171139198,1.7783630171144535,-5.337952302397753e-13,-1.9251267247000214e-13,0.9451944944687067,0.9178667712729751
3,1e-11,0.8375,0.7475084229848421,1.1212626344772632,1.8222729729130624,1.8222729729131408,-7.838174553853605e-14,2.0539125955565396e-13,0.942278115608143,0.9135052422363938
3,1e-11,0.8500000000000001,0.7665546361440947,1.149831954216142,1.8662255138928814,1.8662255138929105,-2.90878432451791e-14,-4.907185768843192e-14,0.9392693294890857,0.9090070616522522
3,1e-11,0.8625,0.7856908469349493,1.1785362704024238,1.9101962072030827,1.9101962072029242,1.5853984791647235e-13,-2.1938006966593093e-13,0.936168108593884,0.9043724347111672
3,1e-11,0.875,0.8049096779838717,1.2073645169758076,1.9541606883100218,1.9541606883110654,-1.0436096431476471e-12,1.0524914273446484e-13,0.9329745550970003,0.8996017855780891
3,1e-11,0.8875000000000001,0.8242037200656456,1.2363055800984684,1.9980946911362987,1.9980946911363238,-2.5091040356528538e-14,-5.850875339774575e-14,0.9296889039314291,0.8946957636337379
3,1e-11,0.9,0.843565534959769,1.2653483024396537,2.04197407854547,2.0419740785452327,2.3714363805993344e-13,-8.282263763703668e-14,0.9263115257002179,0.8896552495112006
3,1e-11,0.9125000000000001,0.862987658318032,1.294481487477048,2.0857748730701675,2.0857748730707875,-6.199485369506874e-13,-1.858513343222512e-13,0.9228429294520457,0.8844813609504143
3,1e-11,0.925,0.8824626025421622,1.3236939038132434,2.1294732878391107,2.129473287839759,-6.483702463810914e-13,5.0182080713057076e-14,0.9192837652873362,0.8791754584081239
3,1e-11,0.9375,0.9019828596704392,1.352974289505659,2.1730457575999615,2.173045757600054,-9.237055564881302e-14,-6.838973831690964e-14,0.915634826793735,0.8737391504141749
3,1e-11,0.9500000000000001,0.921540904272155,1.3823113564082323,2.2164689697782993,2.2164689697775306,7.687184222504584e-13,-1.396660564978447e-13,0.911897053293244,0.8681742986336309
3,1e-11,0.9625,0.941129196348811,1.4116937945232164,2.2597198954643405,2.2597198954668714,-2.530864406935507e-12,-3.0309088572266774e-14,0.9080715318936873,0.8624830226152014
3,1e-11,0.9750000000000001,0.9607401842409315,1.4411102763613974,2.302775820262707,2.3027758202627346,-2.7533531010703882e-14,-7.061018436615996e-14,0.904159499345749,0.8566677042124979
3,1e-11,0.9875,0.9803663075393717,1.4705494613090575,2.3456143748928726,2.345614374891594,1.2785328351583303e-12,-1.1324274851176597e-14,0.9001623436418134,0.8507309915709369
3,1e-11,1.0,0.9999999999999999,1.4999999999999998,2.3882135654645866,2.388213565467213,-2.6263435870532703e-12,-2.4447111002245947e-13,0.8960816054149314,0.8446758027526113
3,1e-11,1.0125,1.0196336924606282,1.5294505386909423,2.430551803337574,2.430551803337767,-1.9273471707492718e-13,-9.514611321037592e-14,0.8919189790811594,0.8385053288984099
3,1e-11,1.0250000000000001,1.0392598157590687,1.558889723638603,2.472607934431334,2.4726079344307355,5.986322548778844e-13,-2.1760371282653068e-14,0.8876763136948813,0.8322230368697335
3,1e-11,1.0375,1.0588708036511891,1.5883062054767838,2.514361267942988,2.514361267943246,-2.580158309228864e-13,-1.454392162258955e-13,0.8833556135600507,0.8258326714132191
3,1e-11,1.05,1.0784590957278448,1.6176886435917672,2.555791604331545,2.5557916043337867,-2.241762331323116e-12,-2.1660451210436804e-13,0.878959038531802,0.8193382567373726
3,1e-11,1.0625,1.0980171403295607,1.6470257104943409,2.596879262486669,2.596879262486847,-1.780797731498751e-13,-1.0147438445073931e-13,0.874488904026872,0.8127440975105686
3,1e-11,1.075,1.1175373974578375,1.6763060961867562,2.6376051059655037,2.637605105962692,2.8115287875607464e-12,1.9340085088970227e-13,0.8699476806980395,0.8060547791963533
3,1e-11,1.0875000000000001,1.137012341681968,1.705518512522952,2.6779505682102567,2.6779505682169362,-6.679545805354792e-12,-6.912248551316225e-13,0.8653379937912552,0.7992751677367029
3,1e-11,1.1,1.156434465040231,1.7346516975603463,2.7178976766898626,2.7178976766900402,-1.7763568394002505e-13,-1.0969003483296547e-13,0.8606626221867903,0.7924104085643601
3,1e-11,1.1125,1.1757962799343544,1.7636944199015316,2.7574290757118387,2.7574290757073836,4.455102953215828e-12,4.4630965589931293e-13,0.8559244970096198,0.785465924764742
3,1e-11,1.125,1.1950903220161282,1.7926354830241924,2.796528048009143,2.7965280480174686,-8.325784506268974e-12,-1.007638417149792e-12,0.851126699946929,0.7784474145640454
3,1e-11,1.1375,1.2143091530650505,1.8214637295975757,2.8351785349254204,2.835178534925441,-2.042810365310288e-14,-9.736655925962623e-14,0.8462724611823774,0.7713608479961221
3,1e-11,1.1500000000000001,1.2334453638559055,1.8501680457838583,2.8733651549428094,2.8733651549390897,3.7196912217041245e-12,3.923528169025303e-13,0.8413651568681536,0.7642124626234136
3,1e-11,1.1625,1.252491577015158,1.8787373655227368,2.9110732207652474,2.911073220770191,-4.943601084050897e-12,-6.861178292183467e-13,0.8364083062894349,0.7570087585086629
3,1e-11,1.175,1.2714404498650742,1.9071606747976113,2.9482887546630314,2.9482887546635945,-5.631051180898794e-13,-1.8274270985330077e-13,0.8314055685901199,0.7497564922386443
3,1e-11,1.1875,1.290284677254462,1.935427015881693,2.9849985019595175,2.984998501958075,1.4424017535930034e-12,9.392486788328824e-14,0.8263607390569375,0.7424626699831567
3,1e-11,1.2000000000000002,1.3090169943749475,1.9635254915624212,3.021189942769447,3.021189942767334,2.112976460466598e-12,2.1604940059205546e-13,0.8212777450341094,0.7351345396725505
3,1e-11,1.2125000000000001,1.3276301795616936,1.9914452693425404,3.056851301736158,3.0568513017436443,-7.486455899652356e-12,-1.073918731719914e-12,0.816160641384645,0.7277795821667125
3,1e-11,1.225,1.3461170570774932,2.0191755856162397,3.0919715558380774,3.0919715558384846,-4.072298054325074e-13,-1.7219559111936178e-13,0.8110136055623414,0.7204055014924423
3,1e-11,1.2375,1.3644704998791497,2.0467057498187247,3.1265404400074046,3.126540439998264,9.140688206343839e-12,1.1926015730523432e-12,0.8058409322052611,0.7130202140167905
3,1e-11,1.25,1.3826834323650896,2.0740251485476344,3.1605484507184385,3.160548450736449,-1.801048199467914e-11,-2.538191878898033e-12,0.8006470273517541,0.7056318366882032
3,1e-11,1.2625000000000002,1.4007488331031412,2.101123249654712,3.193986847542747,3.1939868475433166,-5.697664562376303e-13,-2.0683454948766666e-13,0.7954364022766791,0.6982486743328836
3,1e-11,1.2750000000000001,1.4186597375374284,2.1279896063061425,3.2268476521009677,3.2268476520884586,1.2509104863056564e-11,1.6791013024430868e-12,0.7902136667806985,0.6908792057810972
3,1e-11,1.2875,1.4364092406733424,2.154613861010014,3.259123645151259,3.2591236451731502,-2.1891377599558837e-11,-3.1434854719236682e-12,0.7849835222121069,0.683532069196729
3,1e-11,1.3,1.4539904997395467,2.18098574960932,3.290808361432499,3.2908083614325205,-2.1316282072803006e-14,-1.389999226830696e-13,0.7797507540803057,0.6762160464180378
3,1e-11,1.3125,1.4713967368259977,2.2070951052389964,3.321896081764954,3.321896081753921,1.1032952329514956e-11,1.4641621248756564e-12,0.7745202241590806,0.6689400461857619
3,1e-11,1.3250000000000002,1.488621241496955,2.2329318622454326,3.352381823397894,3.352381823414096,-1.6201706642959834e-11,-2.3809842986111107e-12,0.7692968623792151,0.6617130866557969
3,1e-11,1.3375000000000001,1.5056573733779848,2.258486060066977,3.382261327951533,3.3822613279522056,-6.727951529228449e-13,-2.4569235534954714e-13,0.7640856583186016,0.6545442769512058
3,1e-11,1.35,1.5224985647159488,2.283747847073923,3.4115310467851665,3.4115310467786397,6.52677911716637e-12,7.993605777301127e-13,0.7588916522926806,0.6474427977770101
3,1e-11,1.3625,1.5391383229110003,2.3087074843665003,3.4401881245555517,3.4401881245600787,-4.527045405211538e-12,-7.324141293452158e-13,0.7537199262393696,0.6404178813577104
3,1e-11,1.375,1.555570233019602,2.333355349529403,3.4682303804167063,3.4682303804196946,-2.9882762930810713e-12,-5.880851361439454e-13,0.7485755942715591,0.6334787905530631
3,1e-11,1.3875000000000002,1.5717879602276126,2.357681940341419,3.49565628700103,3.4956562869990515,1.978417429882029e-12,1.2678746941219288e-13,0.743463792963033,0.6266347972615407
3,1e-11,1.4000000000000001,1.587785252292473,2.381677878438709,3.5224649474491074,3.52246494744179,7.317257910699482e-12,9.490186414495838e-13,0.73838967142948,0.6198951602095873
3,1e-11,1.4125,1.6035559419535714,2.4053339129303573,3.5486560703623766,3.5486560703781693,-1.5792700480687927e-11,-2.429723089392155e-12,0.7333583811977711,0.6132691021478966
3,1e-11,1.425,1.6190939493098342,2.4286409239647515,3.5742299430015443,3.5742299430023166,-7.722711359292589e-13,-2.814415367424772e-13,0.7283750659432577,0.6067657865821877
3,1e-11,1.4375,1.6343932841636453,2.451589926245468,3.599187402320606,3.599187402305138,1.546807126828753e-11,2.0894397323445446e-12,0.723444851033928,0.6003942940023441
3,1e-11,1.4500000000000002,1.6494480483301839,2.474172072495276,3.6235298045811897,3.6235298046093747,-2.8185009881553924e-11,-4.204858683465318e-12,0.7185728330431755,0.5941635978405282
3,1e-11,1.4625000000000001,1.6642524379112817,2.4963786568669226,3.6472589935140025,3.647258993515735,-1.7323920076250943e-12,-4.2787995369053533e-13,0.7137640692210014,0.5880825401792733
3,1e-11,1.475,1.678800745532942,2.518201118299413,3.670377266358788,3.6703772663395102,1.9277912599591218e-11,2.595479386968691e-12,0.7090235668577423,0.5821598071943952
3,1e-11,1.4875,1.6930873625456357,2.5396310438184537,3.6928873392114903,3.6928873392462798,-3.4789504610444055e-11,-5.1318949090273236e-12,0.7043562727782853,0.5764039046391425
3,1e-11,1.5,1.7071067811865475,2.560660171779821,3.7147923111973586,3.71479231119916,-1.801225835151854e-12,-4.4508841057222526e-13,0.6997670628896703,0.5708231333265036
3,1e-11,1.5125000000000002,1.7208535967029188,2.581280395054378,3.736095626847643,3.736095626827553,2.0089707675197133e-11,2.6687541065939513e-12,0.6952607317567223,0.5654255646645545
3,1e-11,1.5250000000000001,1.7343225094356858,2.601483764153529,3.756801038426813,3.7568010384635278,-3.6714631335144077e-11,-5.3764770413522456e-12,0.6908419824368114,0.5602190165197559
3,1e-11,1.5375,1.7475083268625968,2.621262490293895,3.7769125674634045,3.776912567465123,-1.7186252421197423e-12,-4.4009240696141205e-13,0.6865154164843006,0.5552110293735769
3,1e-11,1.55,1.760405965600031,2.640608948400047,3.7964344649864197,3.7964344649668593,1.9560353337055858e-11,2.55306886742801e-12,0.6822855241336905,0.5504088428805995
3,1e-11,1.5625,1.7730104533627369,2.6595156800441053,3.815371172281778,3.8153711723182915,-3.6513458923082e-11,-5.312195128226449e-12,0.6781566748506564,0.545819373031678
3,1e-11,1.5750000000000002,1.785316930880745,2.6779753963211177,3.833727281339152,3.8337272813409164,-1.7643664307342988e-12,-4.518607710224387e-13,0.674133108179568,0.5414491899297349
3,1e-11,1.5875000000000001,1.7973206537727073,2.695980980659061,3.851507494583365,3.851507494564578,1.87871940227069e-11,2.4065194281774893e-12,0.6702189249144879,0.5373044963139715
3,1e-11,1.6,1.8090169943749475,2.713525491562421,3.8687165856670713,3.868716585702943,-3.587175001484866e-11,-5.184297435789631e-12,0.6664180787353328,0.5333911069611585
3,1e-11,1.6125,1.8204014435255136,2.7306021652882704,3.885359360505255,3.885359360507236,-1.9806378759312793e-12,-4.86166662483356e-13,0.6627343682619461,0.5297144290149131
3,1e-11,1.625,1.8314696123025453,2.7472044184538182,3.9014406181862875,3.901440618168136,1.815170236341146e-11,2.283728761653947e-12,0.6591714295593489,0.5262794433893029
3,1e-11,1.6375000000000002,1.8422172337162865,2.7633258505744296,3.9169651134771195,3.9169651135122328,-3.511324564442475e-11,-5.039968442588361e-12,0.6557327291923712,0.523090687306023
3,1e-11,1.6500000000000001,1.8526401643540922,2.7789602465311383,3.931937520131286,3.9319375201336224,-2.3363533330211794e-12,-5.379030554308883e-13,0.6524215578017065,0.5201522380482281
3,1e-11,1.6625,1.8627343859777918,2.794101578966688,3.9463623946451474,3.946362394627722,1.7425172416096757e-11,2.1529444893531036e-12,0.6492410242346366,0.5174676980774123
3,1e-11,1.675,1.8724960070727972,2.8087440106091957,3.9602441421161876,3.9602441421495445,-3.3356872819467753e-11,-4.7624126864320715e-12,0.6461940502895179,0.5150401815082544
3,1e-11,1.6875,1.881921264348355,2.8228818965225324,3.9735869834262587,3.9735869834289703,-2.7116087153444823e-12,-5.911937606128959e-13,0.6432833660589066,0.5128723020451391
3,1e-11,1.7000000000000002,1.891006524188368,2.836509786282552,3.9863949234126936,3.9863949233968263,1.5867307467942737e-11,1.915134717478395e-12,0.6405115059005166,0.5109661625162526
3,1e-11,1.7125000000000001,1.8997482840522215,2.8496224260783323,3.9986717215801195,3.998671721609007,-2.8887559011536723e-11,-4.1247005810873816e-12,0.6378808050596662,0.5093233459434885
3,1e-11,1.725,1.9081431738250814,2.862214760737622,4.010420864581472,4.010420864584224,-2.751576744230988e-12,-5.982991879704969e-13,0.6353933969359915,0.5079449082625564
3,1e-11,1.7375,1.9161879571171359,2.874281935675704,4.021645540198743,4.021645540186387,1.2356338174868142e-11,1.4239720513842258e-12,0.6330512110151361,0.5068313728027252
3,1e-11,1.75,1.9238795325112867,2.88581929876693,4.03234861417414,4.0323486141942855,-2.014566291563824e-11,-2.9282132274488504e-12,0.630855971459068,0.5059827264257499
3,1e-11,1.7625000000000002,1.9312149347588035,2.896822402138205,4.042532609148123,4.042532609149942,-1.8189894035458565e-12,-4.759526106568046e-13,0.628809196351826,0.5053984174369965
3,1e-11,1.7750000000000001,1.9381913359224843,2.9072870038837264,4.05219968559035,4.0521996855846005,5.749178910718911e-12,5.31574784190525e-13,0.6269121976067629,0.5050773553291641
3,1e-11,1.7875,1.9448060464668782,2.9172090697003172,4.061351625706405,4.061351625714771,-8.36575253515548e-12,-1.3472556403826275e-12,0.6251660815089084,0.5050179122524743
3,1e-11,1.8,1.9510565162951536,2.9265847744427305,4.069989819670116,4.06998981966934,7.762679388179095e-13,-1.34781075189494e-13,0.623571749888254,0.5052179263036737
3,1e-11,1.8125,1.9569403357322088,2.9354105035983133,4.078115254301709,4.078115254306084,-4.375166895442817e-12,-8.134604101428522e-13,0.6221299019093746,0.5056747066250068
3,1e-11,1.8250000000000002,1.9624552364536472,2.9436828546804708,4.085728504656808,4.085728504659698,-2.8892443992845074e-12,-6.193934254383748e-13,0.6208410364441467,0.5063850402380383
3,1e-11,1.8375000000000001,1.9675990923602598,2.9513986385403896,4.092829728051335,4.092829728046192,5.142553050063725e-12,4.3876013933186186e-13,0.6197054550152625,0.5073452006587225
3,1e-11,1.85,1.9723699203976766,2.9585548805965147,4.099418660818643,4.099418660835262,-1.6618706411009043e-11,-2.42816877715768e-12,0.618723265275835,0.5085509582230529
3,1e-11,1.8625,1.9767658813208724,2.9651488219813085,4.105494617884471,4.105494617886742,-2.2710722191732202e-12,-5.38680211548126e-13,0.6178943849904848,0.5099975920717972
3,1e-11,1.875,1.9807852804032304,2.9711779206048456,4.111056494645142,4.111056494634989,1.0153655694011832e-11,1.0980105713542798e-12,0.6172185464982357,0.5116799038130878
3,1e-11,1.8875000000000002,1.9844265680898916,2.9766398521348374,4.11610277175831,4.1161027717853145,-2.7004176672562608e-11,-3.79674069961311e-12,0.6166953016027329,0.5135922327204026
3,1e-11,1.9000000000000001,1.9876883405951378,2.9815325108927064,4.120631522574081,4.120631522576682,-2.6005864128819667e-12,-5.816458426011195e-13,0.616324026857769,0.5157284724380943
3,1e-11,1.9125,1.9905693404435771,2.9858540106653657,4.1246404225666815,4.12464042255337,1.3311129976045777e-11,1.517674874662589e-12,0.6161039292221572,0.5180820891922823
3,1e-11,1.925,1.9930684569549264,2.9896026854323896,4.1281267617353565,4.128126761765046,-2.9689140035316086e-11,-4.156452959591661e-12,0.6160340520145029,0.5206461413011823
3,1e-11,1.9375,1.9951847266721967,2.9927770900082953,4.13108745930951,4.1310874593128535,-3.3431035717512714e-12,-6.791234241632083e-13,0.6161132811414541,0.5234132999834631
3,1e-11,1.9500000000000002,1.996917333733128,2.995376000599692,4.133519080156749,4.133519080145088,1.1661782650662644e-11,1.3078427230084344e-12,0.6163403515638192,0.526375871419316
3,1e-11,1.9625000000000001,1.998265610184716,2.997398415277074,4.1354178539647535,4.135417853985467,-2.071320892582662e-11,-2.9807267765136203e-12,0.616713853930402,0.5295258198465549
3,1e-11,1.975,1.999229036240723,2.9988435543610845,4.136779696277695,4.136779696280016,-2.3208102106764272e-12,-5.428990590417015e-13,0.6172322413547231,0.5328547916900875
3,1e-11,1.9875,1.9998072404820648,2.999710860723097,4.137600231031378,4.137600231031622,-2.4424906541753444e-13,-2.653433028854124e-13,0.6178938362894926,0.53635414062566
3,1e-11,2.0,2.0,3.0,4.13787481537759,4.137874815380833,-3.2427394103251572e-12,-6.654676809603188e-13,0.6186968374421449,0.5400149534016856
4,1e-11,0.0,0.0,0.0,0.0,0.0,0.0,0.0,1.0,1.0
4,1e-11,0.0125,0.00019275951793518153,0.0002891392769027723,0.00048189879405180995,0.0004818987940686999,-1.688997249352231e-14,-1.3766765505351941e-14,0.999999996235293,0.9999999943529465
4,1e-11,0.025,0.000770963759277099,0.0011564456389156486,0.0019274093478934664,0.0019274093480717439,-1.7827753162613647e-13,-1.3711254354120683e-13,0.9999999397754573,0.9999999096632541
4,1e-11,0.037500000000000006,0.0017343898152840653,0.002601584722926098,0.004335973965528408,0.004335973965769959,-2.415507030506525e-13,-1.9739765377835283e-13,0.9999996952030262,0.9999995428046375
4,1e-11,0.05,0.003082666266872036,0.004623999400308054,0.0077066624515859695,0.0077066624521445245,-5.585549384123922e-13,-9.896528041508645e-13,0.999999037094997,0.9999985556429873
4,1e-11,0.0625,0.004815273327803071,0.007222909991704607,0.012038171063206102,0.012038171060440403,2.765699128048915e-12,-1.5381029783156919e-12,0.9999976504184751,0.9999964756284766
4,1e-11,0.07500000000000001,0.006931543045073707,0.01039731456761056,0.017328821052737906,0.017328821040590137,1.2147768901904499e-11,-1.3379297669757761e-12,0.9999951310977685,0.9999926966473215
4,1e-11,0.08750000000000001,0.009430659556422749,0.014145989334634124,0.02357655681164663,0.023576556791568573,2.0078057272332472e-11,-1.2329026688462363e-12,0.9999909867512559,0.9999864801275107
4,1e-11,0.1,0.01231165940486223,0.018467489107293344,0.030778943628449067,0.030778943615813716,1.2635351098744252e-11,-9.896528041508645e-13,0.9999846375794931,0.999976956369745
4,1e-11,0.1125,0.015573431910108404,0.023360147865162606,0.03893316507454617,0.0389331650743663,1.7987000777708317e-13,5.995204332975845e-15,0.9999754173743316,0.9999631260614994
4,1e-11,0.125,0.01921471959676957,0.028822079395154354,0.048036020037658736,0.0480360200378156,-1.568606355917268e-13,-8.37108160567368e-14,0.999962574716376,0.9999438620746244
4,1e-11,0.1375,0.023234118679127613,0.03485117801869142,0.058083919426934416,0.058083919427322925,-3.885086696797657e-13,-1.6053824936079764e-13,0.9999452743744712,0.9999179115618504
4,1e-11,0.15000000000000002,0.027630079602323443,0.041445119403485164,0.06907288256595591,0.06907288256797324,-2.0173307468951407e-12,-7.823741654533478e-13,0.9999225987698628,0.9998838981553648
4,1e-11,0.1625,0.03240090763974024,0.04860136145961036,0.08099853330484261,0.08099853330513263,-2.900180096077065e-13,-1.0060841049153169e-12,0.9998935496348524,0.9998403244532538
4,1e-11,0.17500000000000002,0.03754476354635272,0.05631714531952908,0.09385609587827752,0.09385609586996997,8.307549093089506e-12,-7.852607453173732e-13,0.999857049814898,0.9997855747239136
4,1e-11,0.1875,0.043059664267791176,0.06458949640168676,0.10764039054120104,0.1076403905257446,1.5456441682104582e-11,-1.0299538999447577e-12,0.9998119452238458,0.9997179178389897
4,1e-11,0.2,0.04894348370484647,0.0734152255572697,0.12234582901305688,0.1223458290056326,7.424283410273347e-12,-7.257527911974648e-13,0.9997570069339643,0.9996355104071214
4,1e-11,0.21250000000000002,0.05519395353312195,0.08279093029968293,0.137966409759287,0.1379664097589602,3.2679414729841483e-13,6.217248937900877e-15,0.9996909333716476,0.9995364000694013
4,1e-11,0.225,0.06180866407751584,0.09271299611627376,0.15449571316008287,0.1544957131597793,3.0356273050813343e-13,2.4646951146678475e-14,0.999612352701436,0.9994185290757076
4,1e-11,0.23750000000000002,0.06878506524119643,0.10317759786179465,0.17192689659695276,0.17192689659753563,-5.828670879282072e-13,-1.2856382625159313e-13,0.9995198253315224,0.9992797380421877
4,1e-11,0.25,0.07612046748871326,0.11418070123306989,0.19025268949039065,0.1902526894916058,-1.2151391004522338e-12,-1.5376588891058418e-13,0.9994118465190983,0.9991177698612044
4,1e-11,0.2625,0.08381204288286404,0.12571806432429605,0.20946538833951397,0.2094653883377966,1.717376241217039e-12,-7.105427357601002e-15,0.9992868491213748,0.9989302738292247
4,1e-11,0.275,0.09185682617491875,0.13778523926237812,0.2295568518022614,0.22955685179818908,4.07232580990069e-12,-2.1094237467877974e-13,0.9991432064643464,0.9987148099520914
4,1e-11,0.28750000000000003,0.1002517159477786,0.1503775739216679,0.25051849585888236,0.25051849585836017,5.221933996324424e-13,1.9984014443252818e-14,0.998979235329067,0.9984688534261056
4,1e-11,0.30000000000000004,0.1089934758116321,0.16349021371744815,0.2723412890993498,0.2723412890990019,3.478883847662928e-13,2.708944180085382e-14,0.998793199041412,0.9981897992776643
4,1e-11,0.3125,0.11807873565164495,0.17711810347746743,0.29501574819049076,0.2950157481906181,-1.2734258092450546e-13,-4.296563105299356e-14,0.9985833106836974,0.9978749671846221
4,1e-11,0.325,0.12750399292720282,0.19125598939080424,0.31853193355498377,0.3185319335560925,-1.1087242235419126e-12,-6.794564910705958e-14,0.9983477363989011,0.997521606439507
4,1e-11,0.3375,0.13726561402220816,0.20589842103331224,0.34287944531619885,0.3428794453153558,8.430478537491126e-13,1.1945999744966684e-13,0.9980845987981142,0.9971269010692304
4,1e-11,0.35000000000000003,0.14735983564590782,0.22103975346886173,0.3680474195515062,0.36804741954914666,2.359556994235845e-12,-1.84297022087776e-14,0.9977919804569071,0.9966879750913452
4,1e-11,0.36250000000000004,0.15778276628371346,0.2366741494255702,0.3940245249023846,0.39402452490203105,3.535505221918811e-13,9.547918011776346e-15,0.997467927508829,0.9962018979175425
4,1e-11,0.375,0.16853038769745476,0.25279558154618215,0.4207989595834293,0.42079895958315233,2.769451334927453e-13,3.4638958368304884e-14,0.9971104533192201,0.9956656898831648
4,1e-11,0.3875,0.17959855647448641,0.2693978347117296,0.44835844883824916,0.4483584488395607,-1.3115619701409287e-12,-1.8707257964933888e-13,0.9967175422335959,0.9950763278924962
4,1e-11,0.4,0.19098300562505255,0.2864745084375788,0.4766902428879224,0.4766902428901393,-2.2168933355715126e-12,-8.415490526658687e-14,0.9962871534119301,0.994430751197574
4,1e-11,0.41250000000000003,0.2026793462272929,0.30401901934093933,0.5057811154112719,0.5057811154089595,2.312372515689276e-12,3.597122599785507e-13,0.9958172247224925,0.9937258672744155
4,1e-11,0.42500000000000004,0.21468306911925517,0.32202460367888275,0.5356173626012334,0.5356173625986589,2.5744961718032755e-12,8.37108160567368e-14,0.9953056766955519,0.9929585577966652
4,1e-11,0.4375,0.226989546637263,0.3404843199558945,0.5661848028500366,0.5661848028498713,1.653122083666858e-13,-1.0769163338864018e-14,0.9947504165610489,0.9921256847411375
4,1e-11,0.45,0.23959403439996907,0.3593910515999536,0.5974687770852368,0.597468777085261,-2.4202861936828413e-14,-3.0309088572266774e-14,0.9941493423172474,0.9912240965542887
4,1e-11,0.4625,0.25249167313740317,0.37873750970610476,0.6294541498073478,0.6294541498093532,-2.0053958493804203e-12,-2.9110047705671604e-13,0.9935003468526151,0.9902506344086749
4,1e-11,0.47500000000000003,0.26567749056431444,0.39851623584647167,0.662125310871784,0.6621253108717609,2.3092638912203256e-14,1.787459069646502e-13,0.992801322128625,0.9892021385632225
4,1e-11,0.48750000000000004,0.2791464032970813,0.41871960494562194,0.6954661780307904,0.6954661780276554,3.1349367546340545e-12,3.9679370900103095e-13,0.9920501633785574,0.9880754547666527
4,1e-11,0.5,0.2928932188134524,0.43933982822017864,0.729460200294228,0.7294602002940402,1.8773871346411397e-13,-1.454392162258955e-14,0.9912447733610864,0.9868674407570223
4,1e-11,0.5125000000000001,0.30691263745436415,0.4603689561815462,0.7640903621335536,0.7640903621334575,9.614531393253856e-14,-1.2656542480726785e-14,0.9903830666511558,0.9855749728372852
4,1e-11,0.525,0.3211992544670582,0.4817988817005873,0.7993391885352618,0.7993391885368195,-1.5577539258515571e-12,-3.2795988147427124e-13,0.9894629739256264,0.9841949524689384
4,1e-11,0.5375,0.33574756208871825,0.5036213431330774,0.8351887509759146,0.8351887509758996,1.4988010832439613e-14,1.1834977442504169e-13,0.9884824463076236,0.9827243129729852
4,1e-11,0.55,0.35055195166981645,0.5258279275047246,0.8716206742965,0.8716206742941067,2.39330777418445e-12,4.39870362356487e-13,0.9874394596990614,0.9811600262453879
4,1e-11,0.5625,0.3656067158363545,0.5484100737545318,0.9086161445370766,0.9086161445369866,9.00390872971002e-14,-2.9531932455029164e-14,0.9863320191446094,0.979499109545829
4,1e-11,0.5750000000000001,0.38090605069016603,0.571359076035249,0.9461559177404545,0.9461559177405906,-1.361133428190442e-13,-8.08242361927114e-14,0.9851581632091361,0.9777386323391241
4,1e-11,0.5875,0.39644405804642857,0.5946660870696429,0.98422032971517,0.9842203297166157,-1.4456214003644163e-12,-3.6637359812630166e-13,0.9839159683348845,0.9758757231458619
4,1e-11,0.6000000000000001,0.412214747707527,0.6183221215612904,1.0227893068231193,1.0227893068218608,1.2585488207150775e-12,4.014566457044566e-13,0.9826035532285006,0.9739075764709542
4,1e-11,0.6125,0.42821203977238775,0.6423180596585816,1.0618423777432509,1.0618423777428017,4.4919623576333834e-13,6.23945339839338e-14,0.9812190832160836,0.9718314597315448
4,1e-11,0.625,0.4444297669803977,0.6666446504705965,1.1013586862944478,1.1013586862943705,7.72715225139109e-14,-1.865174681370263e-14,0.9797607746253229,0.9696447202621847
4,1e-11,0.6375000000000001,0.46086167708899983,0.6912925156334997,1.141317005238408,1.1413170052392594,-8.5131901528257e-13,-3.2152058793144533e-13,0.978226899122832,0.9673447923076314
4,1e-11,0.65,0.4775014352840511,0.7162521529260766,1.1816957511360089,1.181695751136288,-2.7911006839076435e-13,-1.021405182655144e-14,0.9766157880574324,0.9649292040696463
4,1e-11,0.6625000000000001,0.49434262662201545,0.7415139399330232,1.2224730002070825,1.222473000205832,1.2505552149377763e-12,4.0456527017340704e-13,0.9749258367715088,0.9623955847620691
4,1e-11,0.675,0.511378758503045,0.7670681377545676,1.2636265052214641,1.2636265052214435,2.0650148258027912e-14,-4.04121180963557e-14,0.973155508894957,0.9597416716935222
4,1e-11,0.6875,0.5286032631740022,0.7929048947610033,1.305133713407991,1.305133713408405,-4.1389114358025836e-13,-2.2926105458509483e-13,0.9713033406155122,0.9569653173715045
4,1e-11,0.7000000000000001,0.5460095002604533,0.8190142503906799,1.3469717853425307,1.3469717853432392,-7.085443343157749e-13,-1.979527652906654e-13,0.9693679449032447,0.9540644966016356
4,1e-11,0.7125,0.563590759326658,0.845386138989987,1.389117614839572,1.389117614838558,1.014077710692618e-12,4.771738559838923e-13,0.9673480157098607,0.9510373136082998
4,1e-11,0.7250000000000001,0.5813402624625721,0.8720103936938581,1.4315478497961645,1.4315478497961738,-9.325873406851315e-15,-5.206945985491984e-14,0.9652423321177492,0.9478820091465079
4,1e-11,0.7375,0.5992511668968591,0.8988767503452886,1.4742389140122822,1.4742389140125538,-2.715605518233133e-13,-2.1804780203638074e-13,0.9630497624557003,0.9445969676242865
4,1e-11,0.75,0.6173165676349102,0.9259748514523652,1.5171670298925022,1.5171670298932147,-7.125411372044255e-13,-1.963984530561902e-13,0.9607692683463156,0.9411807241947932
4,1e-11,0.7625000000000001,0.6355295001208504,0.9532942501812756,1.5603082420670449,1.56030824206652,5.24913446042774e-13,3.8746783559417963e-13,0.9583999087089102,0.9376319718440622
4,1e-11,0.775,0.653882942922507,0.9808244143837606,1.60363844185568,1.6036384418557217,-4.1744385725905886e-14,-5.639932965095795e-14,0.9559408436924832,0.9339495684431653
4,1e-11,0.7875000000000001,0.6723698204383066,1.00855473065746,1.647133392580781,1.64713339258099,-2.0894397323445446e-13,-2.7267077484793845e-13,0.9533913385480434,0.9301325437714623
4,1e-11,0.8,0.6909830056250525,1.0364745084375788,1.690768755632682,1.6907687556334094,-7.274181257344026e-13,-4.39648317751562e-14,0.9507507674166146,0.9261801064827102
4,1e-11,0.8125,0.7097153227455377,1.0645729841183065,1.7345201172903577,1.7345201172903297,2.7977620220553945e-14,9.703349235223868e-14,0.9480186170434337,0.9220916510208688
4,1e-11,0.8250000000000001,0.7285595501349257,1.0928393252023885,1.7783630162387984,1.778363016238887,-8.859579736508749e-14,-6.417089082333405e-14,0.9451944903979568,0.917866764455135
4,1e-11,0.8375,0.7475084229848421,1.1212626344772632,1.8222729717229265,1.8222729717230632,-1.3677947663381929e-13,-3.4083846855992306e-13,0.942278110202029,0.9135052332342866
4,1e-11,0.8500000000000001,0.7665546361440947,1.149831954216142,1.8662255122909532,1.8662255122919782,-1.0249578963339445e-12,2.0805579481475434e-13,0.9392693223485551,0.9090070498301511
4,1e-11,0.8625,0.7856908469349493,1.1785362704024238,1.910196205054283,1.9101962050543837,-1.0080825063596421e-13,-7.760458942129844e-14,0.9361680992159238,0.9043724192739407
4,1e-11,0.875,0.8049096779838717,1.2073645169758076,1.9541606854445803,1.9541606854445013,7.904787935331115e-14,-1.0913492332065289e-13,0.9329745428473137,0.8996017655294223
4,1e-11,0.8875000000000001,0.8242037200656456,1.2363055800984684,1.9980946873388041,1.99809468733933,-5.258016244624741e-13,-2.964295475749168e-13,0.9296888880121723,0.8946957377288176
4,1e-11,0.9,0.843565534959769,1.2653483024396537,2.0419740735421663,2.041974073543334,-1.1675105326958146e-12,2.162714451969805e-13,0.926311505117454,0.889655216209374
4,1e-11,0.9125000000000001,0.862987658318032,1.294481487477048,2.0857748665110294,2.0857748665111786,-1.4921397450962104e-13,-8.770761894538737e-14,0.9228429029754631,0.8844813183576787
4,1e-11,0.925,0.8824626025421622,1.3236939038132434,2.1294732792865005,2.1294732792856745,8.260059303211165e-13,-1.73749903353837e-13,0.919283731395164,0.8791754041971742
4,1e-11,0.9375,0.9019828596704392,1.352974289505659,2.173045746506732,2.1730457465091617,-2.4296120670896926e-12,-1.0724754417879012e-13,0.9156347836115775,0.8737390817373611
4,1e-11,0.9500000000000001,0.921540904272155,1.3823113564082323,2.2164689554631654,2.216468955463403,-2.375877272697835e-13,-1.056932319443149e-13,0.9118969985355958,0.86817421204157
4,1e-11,0.9625,0.941129196348811,1.4116937945232164,2.259719877084092,2.259719877083872,2.2026824808563106e-13,-8.382183835919932e-14,0.9080714627770312,0.8624829139346067
4,1e-11,0.9750000000000001,0.9607401842409315,1.4411102763613974,2.3027757967758973,2.3027757967758244,7.283063041541027e-14,-2.16382467499443e-13,0.9041594124900494,0.8566675684090663
4,1e-11,0.9875,0.9803663075393717,1.4705494613090575,2.3456143450233102,2.3456143450263554,-3.0451197119418794e-12,-8.37108160567368e-14,0.9001622349709184,0.8507308226130896
4,1e-11,1.0,0.9999999999999999,1.4999999999999998,2.388213527659961,2.3882135276602265,-2.6556534749033744e-13,-1.177946629127291e-13,0.8960814700424578,0.8446755934569373
4,1e-11,1.0125,1.0196336924606282,1.5294505386909423,2.4305517557055443,2.430551755703128,2.4162893907941907e-12,4.8627768478581856e-14,0.8919188111509416,0.8385050707117656
4,1e-11,1.0250000000000001,1.0392598157590687,1.558889723638603,2.472607874680676,2.4726078746860085,-5.332623231879552e-12,-4.505285033928885e-13,0.8876761062309373,0.8322227196693499
4,1e-11,1.0375,1.0588708036511891,1.5883062054767838,2.5143611933306937,2.5143611933308856,-1.9184653865522705e-13,-1.2101430968414206e-13,0.8833553583028775,0.8258322832905826
4,1e-11,1.05,1.0784590957278448,1.6176886435917672,2.5557915115613055,2.5557915115598546,1.4508394485801546e-12,4.440892098500626e-14,0.8789587257177576,0.8193377837057683
4,1e-11,1.0625,1.0980171403295607,1.6470257104943409,2.596879147621586,2.59687914762277,-1.183941833460267e-12,-2.554623179662485e-13,0.8744885221675317,0.8127435232173427
4,1e-11,1.075,1.1175373974578375,1.6763060961867562,2.637604964335061,2.637604964338171,-3.1099567365799885e-12,-3.5293989952833726e-13,0.8699472163383647,0.8060540846110089
4,1e-11,1.0875000000000001,1.137012341681968,1.705518512522952,2.677950394306042,2.677950394306395,-3.530509218307998e-13,-1.5187850976872141e-13,0.8653374312432306,0.7992743308109758
4,1e-11,1.1,1.156434465040231,1.7346516975603463,2.717897464001595,2.717897463996812,4.7832848792950244e-12,4.2321701698710967e-13,0.8606619431981571,0.7924094038071541
4,1e-11,1.1125,1.1757962799343544,1.7636944199015316,2.7574288165996523,2.757428816610593,-1.0940581773866143e-11,-1.2332357357536239e-12,0.8559236804472069,0.7854647228465009
4,1e-11,1.125,1.1950903220161282,1.7926354830241924,2.796527733606808,2.7965277336069665,-1.5853984791647235e-13,-1.376676550535194e-13,0.8511257214692217,0.7784459819135274
4,1e-11,1.1375,1.2143091530650505,1.8214637295975757,2.8351781548621204,2.835178154856195,5.9254823270293855e-12,6.374900607397649e-13,0.8462712927868145,0.7713591462320555
4,1e-11,1.1500000000000001,1.2334453638559055,1.8501680457838583,2.873364697214729,2.8733646972237876,-9.058531702521577e-12,-1.183941833460267e-12,0.8413637665086865,0.764210448094411
4,1e-11,1.1625,1.252491577015158,1.8787373655227368,2.9110726715739093,2.911072671574586,-6.767919558114954e-13,-2.2226664952995634e-13,0.8364066574427375,0.7570063817713248
4,1e-11,1.175,1.2714404498650742,1.9071606747976113,2.9482880981063917,2.948288098104343,2.048583525038339e-12,1.4921397450962104e-13,0.8314036197365071,0.7497536974305964
4,1e-11,1.1875,1.290284677254462,1.935427015881693,2.9849977198568154,2.984997719854237,2.5783819523894635e-12,2.5202062658991053e-13,0.8263584432031627,0.7424593942650224
4,1e-11,1.2000000000000002,1.3090169943749475,1.9635254915624212,3.021189014384142,3.021189014395133,-1.099120794378905e-11,-1.518341008477364e-12,0.8212750491676257,0.7351307125882901
4,1e-11,1.2125000000000001,1.3276301795616936,1.9914452693425404,3.0568502035727443,3.0568502035735694,-8.251177519014163e-13,-2.582378755278114e-13,0.816157485948182,0.7277751250455895
4,1e-11,1.225,1.3461170570774932,2.0191755856162397,3.0919702612740405,3.0919702612615985,1.2442047392369204e-11,1.6111556533360272e-12,0.8110099238376216,0.7204003267393939
4,1e-11,1.2375,1.3644704998791497,2.0467057498187247,3.126538919011103,3.1265389190346773,-2.3574475704890574e-11,-3.270272941335861e-12,0.8058366497314269,0.7130142244656994
4,1e-11,1.25,1.3826834323650896,2.0740251485476344,3.1605466697375157,3.1605466697376436,-1.2789769243681803e-13,-1.730837695390619e-13,0.8006420613859516,0.7056249250238913
4,1e-11,1.2625000000000002,1.4007488331031412,2.101123249654712,3.193984768907503,3.193984768895768,1.1735057370287905e-11,1.525446435834965e-12,0.7954306610808972,0.6982407222946184
4,1e-11,1.2750000000000001,1.4186597375374284,2.1279896063061425,3.2268452338821456,3.226845233897603,-1.545741312725113e-11,-2.235100993175365e-12,0.7902070490751568,0.6908700836044547
4,1e-11,1.2875,1.4364092406733424,2.154613861010014,3.259120840957211,3.2591208409584254,-1.2141398997300712e-12,-3.462785613805863e-13,0.7849759165953615,0.6835216350217317
4,1e-11,1.3,1.4539904997395467,2.18098574960932,3.290805119827679,3.2908051198238955,3.7836400679225335e-12,3.7614356074300304e-13,0.7797420383581981,0.676204145593515
4,1e-11,1.3125,1.4713967368259977,2.2070951052389964,3.321892346196047,3.3218923461901895,5.857536677922326e-12,7.4495964952348e-13,0.7745102648417875,0.6689265108073125
4,1e-11,1.3250000000000002,1.488621241496955,2.2329318622454326,3.3523775318383815,3.3523775318571882,-1.8806733947940302e-11,-2.826738842998111e-12,0.769285514115491,0.661697735033171
4,1e-11,1.3375000000000001,1.5056573733779848,2.258486060066977,3.382256412619876,3.3822564126212313,-1.3553602684623911e-12,-3.829159211932165e-13,0.7640727633953446,0.6545269131752767
4,1e-11,1.35,1.5224985647159488,2.283747847073923,3.41152543392053,3.4115254338995387,2.099120877119276e-11,2.886579864025407e-12,0.7588770401814029,0.6474232113566954
4,1e-11,1.3625,1.5391383229110003,2.3087074843665003,3.440181734104618,3.4401817341436565,-3.9038550170289454e-11,-5.7263083164116324e-12,0.7537034131800973,0.6403958469183583
4,1e-11,1.375,1.555570233019602,2.333355349529403,3.4682231260875342,3.468223126088303,-7.687184222504584e-13,-3.1297187064183163e-13,0.7485569829980062,0.6334540677222266
4,1e-11,1.3875000000000002,1.5717879602276126,2.357681940341419,3.495648075850756,3.495648075830082,2.0674129075359815e-11,2.7995383788947947e-12,0.7434428723899551,0.626607130518321
4,1e-11,1.4000000000000001,1.587785252292473,2.381677878438709,3.5224556798399163,3.522455679871487,-3.15707460174508e-11,-4.665823283289683e-12,0.7383662165084219,0.6198642789550919
4,1e-11,1.4125,1.6035559419535714,2.4053339129303573,3.5486456401687247,3.548645640169694,-9.694467451026867e-13,-3.568256801145253e-13,0.7333321528973458,0.6132347209323905
4,1e-11,1.425,1.6190939493098342,2.4286409239647515,3.57421823725441,3.5742182372436355,1.077449240938222e-11,1.3358203432289883e-12,0.7283458112260042,0.6067276053428486
4,1e-11,1.4375,1.6343932841636453,2.451589926245468,3.5991743014909656,3.5991743014985786,-7.613021324459623e-12,-1.2392309400865997e-12,0.7234123030598646,0.6003519985796789
4,1e-11,1.4500000000000002,1.6494480483301839,2.474172072495276,3.6235151828234144,3.623515182828858,-5.4436455343420675e-12,-1.0096368185941174e-12,0.7185367114678548,0.5941168606109748
4,1e-11,1.4625000000000001,1.6642524379112817,2.4963786568669226,3.647242718625214,3.6472427186236405,1.5734080704987718e-12,-6.5503158452884236e-15,0.7137240805807082,0.5880310208057924
4,1e-11,1.475,1.678800745532942,2.518201118299413,3.6703592003233227,3.6703592003094707,1.3852030633643153e-11,1.7954526754238032e-12,0.7089794051710177,0.5821031536280752
4,1e-11,1.4875,1.6930873625456357,2.5396310438184537,3.6928673385281803,3.6928673385580746,-2.9894309250266815e-11,-4.498845740386059e-12,0.7043076202452776,0.5763417542412875
4,1e-11,1.5,1.7071067811865475,2.560660171779821,3.7147702273237257,3.714770227326108,-2.382094521635736e-12,-5.81534820298657e-13,0.6997135907547468,0.5707551141842492
4,1e-11,1.5125000000000002,1.7208535967029188,2.581280395054378,3.7360713068455276,3.7360713068211133,2.4414248400717042e-11,3.239852830461132e-12,0.6952021013345925,0.5653512970897929
4,1e-11,1.5250000000000001,1.7343225094356858,2.601483764153529,3.756774325581577,3.7567743256275272,-4.595035463239583e-11,-6.743272606968276e-12,0.6907778462836152,0.5601381147159266
4,1e-11,1.5375,1.7475083268625968,2.621262490293895,3.776883302129919,3.776883302132545,-2.6258994978434202e-12,-6.24389429049188e-13,0.6864454197394216,0.5551231032872894
4,1e-11,1.55,1.760405965600031,2.640608948400047,3.7964024853901086,3.796402485364414,2.5694557592714773e-11,3.3590907833058736e-12,0.6822093059999776,0.5503135002065015
4,1e-11,1.5625,1.7730104533627369,2.6595156800441053,3.8153363154809234,3.8153363155285698,-4.764633132481322e-11,-6.926681450636352e-12,0.6780738702354351,0.5457162213864662
4,1e-11,1.5750000000000002,1.785316930880745,2.6779753963211177,3.8336893843566013,3.833689384358603,-2.0015100687942322e-12,-5.451195050909519e-13,0.67404334948449,0.541337839173607
4,1e-11,1.5875000000000001,1.7973206537727073,2.695980980659061,3.8514663954538877,3.8514663954314043,2.248334851628897e-11,2.856825886965453e-12,0.6701218439502659,0.5371845610026769
4,1e-11,1.6,1.8090169943749475,2.713525491562421,3.8686721246869005,3.868672124728898,-4.199751657552042e-11,-6.083578085736008e-12,0.6663133087743515,0.5332622089239716
4,1e-11,1.6125,1.8204014435255136,2.7306021652882704,3.8853113815633837,3.885311381565206,-1.822098028014807e-12,-5.274669589994119e-13,0.6626215462053661,0.529576200032104
4,1e-11,1.625,1.8314696123025453,2.7472044184538182,3.9013889700687803,3.9013889700503634,1.8416823621691947e-11,2.2521984277545926e-12,0.6590501982029002,0.5261315279555057
4,1e-11,1.6375000000000002,1.8422172337162865,2.7633258505744296,3.916909651309697,3.9169096513449464,-3.524958103184872e-11,-5.10658182406587e-12,0.6556027395833016,0.5229327454543211
4,1e-11,1.6500000000000001,1.8526401643540922,2.7789602465311383,3.9318781068322357,3.9318781068342914,-2.05568895239594e-12,-5.651035195342047e-13,0.6522824716637889,0.5199839482128551
4,1e-11,1.6625,1.8627343859777918,2.794101578966688,3.9462989024096693,3.9462989023944637,1.5205614545266144e-11,1.780131597683976e-12,0.6490925164452245,0.5172887599716769
4,1e-11,1.675,1.8724960070727972,2.8087440106091957,3.960176453938515,3.9601764539689186,-3.040367957396484e-11,-4.409805853811122e-12,0.6460358113875938,0.5148503189878436
4,1e-11,1.6875,1.881921264348355,2.8228818965225324,3.973514994584088,3.973514994586458,-2.369660023759934e-12,-6.119549311733863e-13,0.6431151047621871,0.5126712659346736
4,1e-11,1.7000000000000002,1.891006524188368,2.836509786282552,3.98631854299094,3.986318542977627,1.3312906332885177e-11,1.4979129048242612e-12,0.6403329516110137,0.5107537333650276
4,1e-11,1.7125000000000001,1.8997482840522215,2.8496224260783323,3.998590873942164,3.998590873970424,-2.8260060958018585e-11,-4.0921710464658645e-12,0.6376917103321769,0.5090993366855417
4,1e-11,1.725,1.9081431738250814,2.862214760737622,4.0103354907816025,4.010335490784185,-2.582822844487964e-12,-6.437073096776658e-13,0.6351935398868166,0.5077091667533187
4,1e-11,1.7375,1.9161879571171359,2.874281935675704,4.02155559936543,4.021555599352751,1.2679635119638988e-11,1.3928858066947214e-12,0.6328403976471684,0.5065837841994604
4,1e-11,1.75,1.9238795325112867,2.88581929876693,4.032254084787944,4.032254084816562,-2.8617996861157735e-11,-4.117706176032243e-12,0.6306340378783915,0.5057232153887996
4,1e-11,1.7625000000000002,1.9312149347588035,2.896822402138205,4.042433490275518,4.042433490278214,-2.6965096822095802e-12,-6.613598557692058e-13,0.628576010851311,0.50512695011611
4,1e-11,1.7750000000000001,1.9381913359224843,2.9072870038837264,4.052095997931975,4.052095997918893,1.3081979943763145e-11,1.4308554341369017e-12,0.6266676625956825,0.5047939411254492
4,1e-11,1.7875,1.9448060464668782,2.9172090697003172,4.061243412539295,4.0612434125701595,-3.086420008457935e-11,-4.3977044228427076e-12,0.6249101352645408,0.5047226053198571
4,1e-11,1.8,1.9510565162951536,2.9265847744427305,4.069877147799584,4.069877147802388,-2.8039792709932954e-12,-6.776801342311956e-13,0.6233043681042708,0.5049108267491123
4,1e-11,1.8125,1.9569403357322088,2.9354105035983133,4.077998214602565,4.077998214588351,1.4214407428880804e-11,1.5694112676101213e-12,0.6218510990310501,0.5053559614441798
4,1e-11,1.8250000000000002,1.9624552364536472,2.9436828546804708,4.085607212553782,4.085607212587919,-3.4137137561174313e-11,-4.8162585031263916e-12,0.6205508667644679,0.5060548439198999
4,1e-11,1.8375000000000001,1.9675990923602598,2.9513986385403896,4.092704324073976,4.092704324077016,-3.0402347306335287e-12,-7.09432512735475e-13,0.6194040135100063,0.5070037954239661
4,1e-11,1.85,1.9723699203976766,2.9585548805965147,4.0992893105530595,4.099289310537388,1.567102003718901e-11,1.7559287357471476e-12,0.618410688182573,0.5081986339798039
4,1e-11,1.8625,1.9767658813208724,2.9651488219813085,4.1053615118660725,4.105361511903381,-3.730882269792346e-11,-5.227152044540162e-12,0.6175708501053327,0.5096346860018938
4,1e-11,1.875,1.9807852804032304,2.9711779206048456,4.110919848445833,4.110919848449324,-3.4914293678411923e-12,-7.691625114603085e-13,0.6168842731734819,0.5113067995540966
4,1e-11,1.8875000000000002,1.9844265680898916,2.9766398521348374,4.115962825308062,4.115962825291178,1.688338358007968e-11,1.91580085129317e-12,0.616350550466713,0.5132093592721543
4,1e-11,1.9000000000000001,1.9876883405951378,2.9815325108927064,4.120488539411962,4.120488539450974,-3.90114607284886e-11,-5.452083229329219e-12,0.6159690992335557,0.5153363026979672
4,1e-11,1.9125,1.9905693404435771,2.9858540106653657,4.124494689425211,4.124494689429284,-4.073186232744774e-12,-8.455458555545192e-13,0.6157391662358684,0.5176811380868485
4,1e-11,1.925,1.9930684569549264,2.9896026854323896,4.127978587234951,4.127978587217781,1.717026520964282e-11,1.9604318168831014e-12,0.6156598334285499,0.5202369636755673
4,1e-11,1.9375,1.9951847266721967,2.9927770900082953,4.13093717262062,4.1309371726584825,-3.786215785339664e-11,-5.311195927504286e-12,0.6157300238946424,0.5229964881495378
4,1e-11,1.9500000000000002,1.996917333733128,2.995376000599692,4.133367030055257,4.133367030059771,-4.5146109073357366e-12,-9.032774528350274e-13,0.6159485080222704,0.5259520523536027
4,1e-11,1.9625000000000001,1.998265610184716,2.997398415277074,4.1352644069789735,4.135264406963103,1.5870860181621538e-11,1.801447879756779e-12,0.6163139098900674,0.5290956521952118
4,1e-11,1.975,1.999229036240723,2.9988435543610845,4.136625234901274,4.136625234934234,-3.296030115507165e-11,-4.67981209339996e-12,0.6168247137875391,0.5324189624960056
4,1e-11,1.9875,1.9998072404820648,2.999710860723097,4.137445152254047,4.137445152258247,-4.200195746761892e-12,-8.615330671091215e-13,0.6174792708534228,0.535913361807913
4,1e-11,2.0,2.0,3.0,4.137719528396125,4.137719528400475,-4.350297899691213e-12,-8.815170815523743e-13,0.6182758057923832,0.5395699581044968
