s,a,x,Fdrive,Jrz,Jkin,J0,Sx2,C,Z,Wdrive,Wexact,energy_work_residual,energy_work_relative,max_r2_error,raw_f_min,raw_f_max,raw_f_mean
0.0,0.0,0.0,0.0,-2.6645352591003757e-15,2.6645352591003757e-15,0.0,0.0,0.10656954138947113,0.9960361257249283,0.0,3.3000393332498245e-15,0.0,0.0,4.440892098500626e-16,-2.220446049250313e-16,2.220446049250313e-16,1.6102386152420954e-18
0.1,-3.2965324329384176e-18,-2.342440755275371e-15,5.4173128523318617e-17,-2.6645352591003757e-15,2.6645352591003757e-15,0.0,1.4872621070824114e-48,0.10656954138947113,0.9960361257249283,-8.912825493024876e-27,2.941037359092476e-15,-3.5900197414843555e-16,7.211670784399571e-16,4.440892098500626e-16,-2.220446049250313e-16,2.220446049250313e-16,1.5296538633535787e-18
0.2,-2.213165008257001e-12,2.338871346359569e-10,2.5583013895423085e-08,-1.2674306049120787e-12,1.736477628355715e-11,1.609734567864507e-11,9.578455072652455e-37,0.10656954138947108,0.9960361257249283,-8.543908275887695e-19,2.876938137173981e-15,-4.222468052482549e-16,8.482139844601089e-16,4.440892098500626e-16,-2.220446049250313e-16,2.220446049250313e-16,2.577139126570871e-18
0.30000000000000004,-6.88211617215301e-09,3.8867675955088107e-07,1.9538570710754258e-05,-5.984013284887624e-09,5.39987450309809e-08,4.8014731746093275e-08,3.2427454058808086e-27,0.1065695413894711,0.9960361257249283,7.525652895246541e-14,8.016572184159156e-14,1.6091535558763147e-15,3.2324852012450894e-15,6.661338147750939e-16,-2.220446049250313e-16,2.220446049250313e-16,8.22990125890822e-18
0.4,-5.37613352584222e-07,1.816182618687633e-05,0.0005314950053165182,-1.0348605163912339e-06,4.218244042064612e-06,3.183383525673378e-06,5.534160836329118e-22,0.1065695413894711,0.9960361257249283,1.64353485447644e-10,1.643561140184731e-10,-6.714685041707227e-16,1.3488532495284564e-15,6.661338147750939e-16,-2.220446049250313e-16,6.98885394001536e-14,4.257190868060577e-16
0.5,-8.617258083750362e-06,0.00019691825028656057,0.0038045301052811974,-2.7091252574606983e-05,6.761308555880419e-05,4.0521832984197204e-05,1.0428034026631632e-18,0.10656954138947085,0.9960361257249283,1.9328400997086327e-08,1.9328402899185022e-08,-1.397940638358378e-15,2.808198390520726e-15,6.661338147750939e-16,-1.1102230246251565e-16,1.7936208074331716e-11,9.656098680584572e-14
0.6000000000000001,-6.061316180321045e-05,0.0010114501227565253,0.013956039834743908,-0.0002580698420828753,0.0004755854884397337,0.00021751564635685838,1.9351617335035783e-16,0.10656954138945963,0.9960361257249294,5.101422008336708e-07,5.101421641389692e-07,-3.999474091753025e-14,8.034187145871434e-14,8.881784197001252e-16,7.771561172376096e-16,8.842535037523191e-10,4.224420367011021e-12
0.7000000000000001,-0.000261623237546643,0.003357984539583787,0.034905440528406266,-0.0013442376780048448,0.0020527590297563236,0.0007085213517514788,9.206511497743405e-15,0.10656954138925745,0.9960361257249479,5.625118944106427e-06,5.625118966306615e-06,1.8900148542847373e-14,3.796682438601529e-14,1.5543122344752192e-15,1.049160758270773e-14,1.639256896890373e-08,6.95219180454903e-11
0.8,-0.0008231920612733283,0.008436650701628872,0.06865195657471022,-0.004760513777352315,0.006458963480010738,0.0016984497026584222,1.8285340269107619e-13,0.10656954138735632,0.9960361257251222,3.5520220305442575e-05,3.552022030750629e-05,-1.2363225135487987e-15,2.483538139923671e-15,9.992007221626409e-16,6.766809335090329e-14,1.612477574797211e-07,6.128369481134626e-10
0.9,-0.0020829537635809253,0.01753094896668872,0.11492532934679696,-0.013003470189810074,0.016343357661582125,0.0033398874717720517,1.997810132753263e-12,0.10656954137593094,0.99603612572617,0.00015342627570034083,0.00015342627569395575,-9.685123796704387e-15,1.9455582241201568e-14,1.5543122344752192e-15,2.9476421303797906e-13,1.0241322138671016e-06,3.5345437757068792e-09
1.0,-0.004502232617163227,0.03180173063707378,0.17169442521388753,-0.029580520821434142,0.03532560301388621,0.005745082192452067,1.4210253946632182e-11,0.10656954132621202,0.9960361257307292,0.0005050579385739781,0.0005050579383246961,-2.5258202647482353e-13,5.073895276798052e-13,1.354472090042691e-14,9.735545702937998e-13,4.738562908390698e-06,1.5055966053689185e-08
1.1,-0.008646165787597844,0.05214714860597748,0.23589237227962495,-0.05884017200214142,0.06783990155279973,0.008999729550658309,7.338151435280238e-11,0.1065695411561635,0.9960361257463229,0.0013584844234184072,0.0013584844236836984,2.6199116660852173e-13,5.262907109308079e-13,1.354472090042691e-14,2.621514116896151e-12,1.7278733970504945e-05,5.11861263014522e-08
1.2000000000000002,-0.015153353326970579,0.0791314109768284,0.3040356215300072,-0.10572025593309942,0.118896861039687,0.01317660510658758,2.96204763320287e-10,0.10656954067276501,0.9960361257906512,0.0031293462188186076,0.0031293462188249697,3.0622206159680587e-15,6.15142214856791e-15,1.2212453270876722e-15,6.034450716896345e-12,5.238772441518158e-05,1.462844720450958e-07
1.3,-0.02470117399950504,0.11296614241580712,0.3726520245383043,-0.17547576280501076,0.19381135043867115,0.01833558763366039,9.844670289779032e-10,0.10656953948462242,0.9960361258996053,0.006380104388390309,0.0063801043884393555,4.574639278498438e-14,9.18958524174391e-14,9.2148511043888e-15,1.2275125360616812e-11,0.0001371670084263643,3.643024911277237e-07
1.4000000000000001,-0.037971084360496246,0.15352583845759155,0.43853746051307874,-0.2734232620481638,0.2979302177629872,0.02450695571482342,2.7978588722705974e-09,0.1065695368859966,0.9960361261379025,0.011789254474444738,0.011789254474452596,4.558853294867049e-15,9.157874185773384e-15,1.3322676295501878e-15,2.2597035354010586e-11,0.0003188102149015437,8.11125018855116e-07
1.5,-0.05561653363463814,0.20038267556534536,0.49888867060768893,-0.4047177589351447,0.4363805204665878,0.031662761531443095,6.9936791254607085e-09,0.10656953171880987,0.9960361266117399,0.020093478094996557,0.02009347809499046,-9.395262345890387e-15,1.8873305399599944e-14,2.4424906541753444e-15,3.8309522221169345e-11,0.000671369633122143,1.6452602889382045e-06
1.6,-0.07823489122632206,0.2528506362498377,0.5513572501130387,-0.5741600141160275,0.6138492211050917,0.039689206989064196,1.5707611893972657e-08,0.10656952222397079,0.9960361274824284,0.032010644575059415,0.03201064457503739,-2.5326962749261384e-14,5.0877078809852137e-14,5.995204332975845e-15,6.060524304629666e-11,0.0013008754975527559,3.0833432081407017e-06
1.7000000000000002,-0.1063439816395517,0.3100327605232164,0.5940586318316589,-0.7860259530729383,0.8343990073021681,0.04837305422922977,3.221224116429996e-08,0.10656950590028952,0.9960361289793301,0.048154050919761694,0.04815405091977187,6.869504964868156e-15,1.379953644431606e-14,1.3322676295501878e-15,9.037437465053699e-11,0.00234661119104701,5.396939436547651e-06
1.8,-0.14036334777298998,0.3708680578704191,0.6255589637981878,-1.0439095760286046,1.1013211788353443,0.05741160280673974,6.102985860616468e-08,0.10656947940473323,0.9960361314090054,0.06894873298082824,0.06894873298083627,4.73232564246473e-15,9.506347328306619e-15,1.3322676295501878e-15,1.280358041810814e-10,0.003975930088401192,8.898200476851367e-06
1.9000000000000001,-0.18060011390413094,0.4341764312909471,0.6448544096702044,-1.3505809130456603,1.4170245897517324,0.0664436767060721,1.0774796016599577e-07,0.10656943854499919,0.9960361351558936,0.09455974667479788,0.09455974667481062,9.43689570931383e-15,1.895693895380792e-14,3.552713678800501e-15,1.7340989755254554e-10,0.006369873982290608,1.3913863838639533e-05
2.0,-0.22723922041896794,0.49870119914579397,0.6513516286300068,-1.707871935416966,1.7829588609888125,0.07508692557184649,1.786194229348099e-07,0.10656937837840966,0.9960361406732443,0.12484059060566488,0.12484059060567372,5.537237335317968e-15,1.1123262709660823e-14,1.5543122344752192e-15,2.2565438406729754e-10,0.009697464639652542,2.0749353108861684e-05
2.1,-0.2803378055299893,0.5631496353016526,0.6448544096702044,-2.1166069247268284,2.1995701120493374,0.08296318732250896,2.8048441200342614e-07,0.10656929328700336,0.9960361484762315,0.1593078362850195,0.15930783628502967,6.8833827526759706e-15,1.3827414295718717e-14,4.884981308350689e-15,2.8327390433346977e-10,0.014078553551204409,2.9646702933263992e-05
2.2,-0.33982357917761186,0.6262324490921178,0.6255589637981871,-2.576584002833595,2.666288017556864,0.08970401472326905,4.207545981419628e-07,0.10656917688614718,0.9960361591503339,0.19714578658155812,0.19714578658156603,4.6074255521944e-15,9.25544666568269e-15,4.218847493575595e-15,3.4420560846015746e-10,0.019539044130071792,4.0741486009921484e-05
2.3000000000000003,-0.40549713624856576,0.6867032587443677,0.5940586318316589,-3.0865933261964402,3.181543801290603,0.09495047509416299,6.050531468825143e-07,0.10656902215883006,0.9960361733390203,0.2372426861735028,0.23724268617351235,6.2450045135165055e-15,1.2545033131196417e-14,1.7763568394002505e-15,4.059747538143199e-10,0.025967725373958195,5.402512103652693e-05
2.4000000000000004,-0.47703825395047356,0.7433989170617274,0.5513572501130387,-3.644447704463092,3.742819550396229,0.09837184593313708,8.342339994095879e-07,0.10656882232841837,0.9960361916637163,0.27825765204929437,0.27825765204930497,7.327471962526033e-15,1.4719505540603797e-14,2.220446049250313e-15,4.659004848583947e-10,0.03308873254438671,6.931999693411698e-05
2.5,-0.5540162873696302,0.795281207141588,0.49888867060768893,-4.247016158310036,4.3467297735085495,0.09971361519851385,1.1084809381698944e-06,0.10656857125914407,0.9960362146870793,0.3187150379156072,0.3187150379156274,1.6930901125533637e-14,3.4010978711243624e-14,6.217248937900877e-15,5.213344200782899e-10,0.04222622361610684,8.627490079622255e-05
2.6,-0.6359048126052906,0.8414801063519434,0.43853746051307874,-4.8902829653686934,4.989136395662164,0.09885343029347027,1.4274820382955086e-06,0.10656826269857705,0.9960362429824648,0.3571203714516907,0.357120371451683,-1.0935696792557792e-14,2.196774690529506e-14,8.43769498715119e-15,5.699009597570637e-10,0.05192137814509662,0.00010438577910964815
2.7,-0.7221006693710099,0.8813384278866022,0.3726520245383043,-5.569467793886438,5.665298387480579,0.09583059359414126,1.7799421571532143e-06,0.10656789134257211,0.9960362770362698,0.3920893223477149,0.3920893223477247,6.5503158452884236e-15,1.3158345862054909e-14,2.220446049250313e-15,6.097145011096927e-10,0.061468756918622414,0.00012304143586424094
2.8000000000000003,-0.8119474962941197,0.9144567202247273,0.3040356215300069,-6.279216197888008,6.370056745264428,0.09084054737641978,2.1561446872180834e-06,0.10656745388283785,0.9960363171518686,0.4224784290632435,0.42247842906333277,8.598677325721837e-14,1.7273116729087335e-13,2.4424906541753444e-14,6.395549645432652e-10,0.07009844759139444,0.00014158736358256923
2.9000000000000004,-0.9047636528486478,0.9407353693014896,0.23589237227962495,-7.0138370574789,7.098053951046138,0.0842168935672376,2.549104569818311e-06,0.10656694723791782,0.9960363636118345,0.4475036685025472,0.44750366850254314,-7.327471962526033e-15,1.4719505540603797e-14,5.995204332975845e-15,6.589728762662617e-10,0.07706746459513081,0.0001593965522332624
3.0,-0.9998739726619732,0.96040779928534,0.17169442521388753,-7.7675651126049265,7.843983495060823,0.0764183824558966,2.9395696593745943e-06,0.10656637012675714,0.9960364165336417,0.46683067838996434,0.4668306783902847,3.170796958329447e-13,6.369531488479461e-13,7.127631818093505e-14,6.683175679533804e-10,0.08578056603392326,0.0001759351718947826
3.1,-1.0966439897922002,0.9740546729552816,0.11492532934679686,-8.534850537423296,8.602858727173604,0.06800818975030865,3.323548850770541e-06,0.10656572288858415,0.9960364758861827,0.4806190248185512,0.48061902481856794,1.3489209749195652e-14,2.7097271563384262e-14,2.220446049250313e-15,6.686790010590471e-10,0.09279295864647458,0.00019081269164222171
3.2,-1.1945140406056882,0.9825843600743156,0.0686519565747101,-9.310667755246342,9.3702805837592,0.059612828512857874,3.6932451107509794e-06,0.10656500559932694,0.9960365416624948,0.4895031216782805,0.48950312167791493,-3.68816088780477e-13,7.408817788770577e-13,8.815170815523743e-14,6.617356107518901e-10,0.09706613711673173,0.00020380951360793147
3.3000000000000003,-1.29302896098312,0.9871611693334659,0.034905440528406176,-10.090800477166596,10.142670557777063,0.05187008061046683,4.042803301691837e-06,0.10656422013691899,0.9960366136903691,0.49449567943994305,0.49449567943895895,-9.87376846950383e-13,1.9834533715963617e-12,1.907363156306019e-13,6.495179394327977e-10,0.09907329750115462,0.0002148802637125882
3.4000000000000004,-1.3918572764951473,0.989065148154191,0.013956039834743857,-10.872053291354774,10.917421038103212,0.04536774674843791,4.382740243440664e-06,0.10656336742117971,0.9960366918854572,0.49680908229561566,0.49680908229505544,-5.634936961484982e-13,1.1319522783535541e-12,9.214851104388799e-14,6.341048797153803e-10,0.10306782271883713,0.00022413574356686876
3.5,-1.4907929270848317,0.9894865272138184,0.0038045301052811974,-11.652347075938254,11.692908505961169,0.040561430022915346,4.70978675194466e-06,0.10656244821791577,0.9960367761775334,0.497612719914098,0.4976127199153145,1.213251721310371e-12,2.4371932810260345e-12,2.0317081350640365e-13,6.172888866728954e-10,0.10396072939125822,0.00023180912293682755
3.6,-1.5897350444279923,0.9893066810700628,0.0005314950053165163,-12.430643194177085,12.468334579507495,0.03769138533040994,5.0364694762900645e-06,0.10656146327887443,0.9960368664976618,0.4977890339969979,0.497789033999169,2.1678214778830807e-12,4.354743411906511e-12,3.2862601528904634e-13,6.002959795914364e-10,0.10330545333991004,0.00023821263419095823
3.7,-1.6886498612719256,0.9889831488109443,1.9538570710754048e-05,-13.206673420219232,13.243427061173055,0.0367536409538225,5.3645368920664815e-06,0.10656041169336625,0.9960369629293535,0.4978065537421375,0.49780655374228766,1.468825061579082e-13,2.9505917924573975e-13,3.3306690738754696e-14,5.837015870646667e-10,0.10448737277369224,0.00024369149084576142
3.8000000000000003,-1.787531226157006,0.9886426675511435,2.558301389542245e-08,-13.980580608946944,14.01813024086592,0.03754963191897609,5.692277500281977e-06,0.10655929361205205,0.996037065458793,0.4978069364285551,0.4978069364285505,-7.882583474838611e-15,1.5834619596710146e-14,1.787459069646502e-14,5.67628333225656e-10,0.10264375086736877,0.0002485820531997266
3.9000000000000004,-1.8863779128931524,0.9882876542443794,5.417312852331053e-17,-14.75266000837387,14.792427000635692,0.03976699226182312,6.026940622509214e-06,0.10655810805707044,0.9960371741756512,0.49780693665989856,0.4978069366599165,1.4654943925052066e-14,2.9439011081207595e-14,4.629630012686903e-14,5.520543466808192e-10,0.10348439819620281,0.0002531800552832896
4.0,-1.9851879022863268,0.987907125775436,0.0,-15.523270936323353,15.566294000559662,0.04302306423630853,6.359990084041593e-06,0.10655685442755308,0.9960372891350285,0.49780693665989856,0.4978069366599141,1.226796442210798e-14,2.4644020639950297e-14,6.872280522429719e-14,5.369500399865501e-10,0.10244666092887172,0.00025772085327436606
4.1000000000000005,-2.083958229435441,0.9874934749135608,0.0,-16.292812514570546,16.33970048841567,0.046887973845123554,6.698530774098307e-06,0.1065555324634708,0.99603741036077,0.49780693665989856,0.4978069366598732,-2.864375403532904e-14,5.753988529508757e-14,7.394085344003543e-14,5.222922649927852e-10,0.10202846047727532,0.0002623700537191052
4.2,-2.1826853695381985,0.9870431232901928,0.0,-17.061687277799965,17.112611327115328,0.05092404931536265,7.03942959555476e-06,0.1065541408930765,0.9960375379694963,0.49780693665989856,0.4978069366598606,-4.1244785364824565e-14,8.285297436870167e-14,1.0014211682118912e-13,5.080629250642232e-10,0.10199965631476426,0.00026722288286695035
4.3,-2.28136563687626,0.9865563636283026,0.0,-17.830252403889602,17.884990122483682,0.05473771859407961,7.381129015370711e-06,0.10655267967363201,0.9960376719651268,0.49780693665989856,0.4978069366598534,-4.8405723873656825e-14,9.723794569247357e-14,1.396660564978447e-13,4.942489750803247e-10,0.09954294988473383,0.00027231134967359034
4.4,-2.3799955422882855,0.9860366704737694,0.0,-18.598759898442317,18.656802022608918,0.05804212416660093,7.7296389836184e-06,0.10655114763736029,0.9960378124547479,0.49780693665989856,0.4978069366598432,-5.861977570020827e-14,1.1775604432483038e-13,1.8418599978531347e-13,4.808408671230779e-10,0.10059824830935171,0.00027761816357627355
4.5,-2.47857205279094,0.9854894412859719,0.0,-19.36730202532786,19.42801574789942,0.060713722571559714,8.077266768611991e-06,0.10654954413155944,0.9960379594982132,0.49780693665989856,0.4978069366598733,-2.853273173286652e-14,5.73168624838663e-14,3.2651659154225854e-13,4.678311626982179e-10,0.09880554730531654,0.00028309563498382363
4.6000000000000005,-2.577092703781599,0.9849203652001804,0.0,-20.135793457380913,20.198604465061372,0.06281100768045889,8.431448218311614e-06,0.10654786861657148,0.99603811314501,0.49780693665989856,0.49780693665989817,-3.6637359812630166e-15,7.359752770301899e-15,5.276890036043369e-13,4.552117016665136e-10,0.09822364456480442,0.0002886862769960475
4.7,-2.6755555484281723,0.9843338915279546,0.0,-20.904012300444933,20.96854538614854,0.0645330857036086,8.788345705346021e-06,0.10654611971377546,0.9960382735215596,0.49780693665989856,0.49780693665991393,1.2101430968414206e-14,2.4309486423118393e-14,7.793765632868599e-13,4.429741018441291e-10,0.09768850723624012,0.00029434051551630237
4.800000000000001,-2.7739589811635827,0.9837323130421008,0.0,-21.671685166073935,21.737818383588735,0.06613321751479972,9.147809592291895e-06,0.10654429714186676,0.996038440653658,0.49780693665989856,0.49780693665982223,-7.960299086562372e-14,1.5990735564565034e-13,6.591394097199554e-13,4.311072610008182e-10,0.09592318038796382,0.00030002731501054637
4.9,-2.872301511692619,0.9831157007597613,0.0,-22.438577044835586,22.50640422019216,0.06782717535657312,9.514524656853782e-06,0.10654239948908856,0.9960386146707649,0.49780693665989856,0.4978069366597108,-1.9101387138675818e-13,3.8371074670619443e-13,5.576650252692161e-13,4.1959874463870506e-10,0.09679692866187029,0.0003057359904384002
5.0,-2.970581571086511,0.9824825634565263,0.0,-23.204550807587843,23.274283032479737,0.06973222489189368,9.881637424617647e-06,0.10654042597263631,0.9960387956446646,0.49780693665989856,0.49780693666043385,5.32018873400375e-13,1.0687253113723242e-12,2.7637891975018647e-12,4.0843467496998187e-10,0.09493614622294133,0.0003114706244442896
5.1000000000000005,-3.0687974048068862,0.9818308524717219,0.0,-23.969579397025168,24.041433495561087,0.07185409853591906,1.0256289071926372e-05,0.10653837574045512,0.9960389836534915,0.49780693665989856,0.49780693667130915,1.1407319533418558e-11,2.2915147807363013e-11,2.844302571247681e-11,3.9760267300792407e-10,0.09652041131283973,0.000317240779146862
5.2,-3.166947064921594,0.9811588718051799,0.0,-24.733714082927293,24.807832764023054,0.07411868109576147,1.063395550925276e-05,0.10653624731344816,0.9960391788328807,0.49780693665989856,0.49780693667358855,1.3686718425276467e-11,2.74940291445469e-11,4.9424686565657794e-11,3.870896936319923e-10,0.09605331890834462,0.00032305274815438187
5.300000000000001,-3.265028473905813,0.9804657623255972,0.0,-25.497029333374773,25.57345697193469,0.07642763855991674,1.1015584252897424e-05,0.10653404016705054,0.9960393812309354,0.49780693665989856,0.49780693666357595,3.674116566543262e-12,7.380605403151087e-12,2.9712454718833214e-11,3.768850787011502e-10,0.09607252289967577,0.0003289044344843965
5.4,-3.363039511900589,0.9797515093662866,0.0,-26.259582355180036,26.338281915102655,0.07869955992261879,1.1404504761879803e-05,0.10653175269557288,0.9960395909948991,0.49780693665989856,0.497806936655193,-4.708844425493908e-12,9.45917800373332e-12,9.249045973547254e-12,3.669793913196884e-10,0.09692296718351034,0.00033478454868291006
5.5,-3.4609780915814214,0.9790167481668275,0.0,-27.021411275118894,27.102283635453638,0.08087236033474454,1.1794986704757487e-05,0.10652938398869094,0.9960398082082501,0.49780693665989856,0.4978069366504508,-9.451051052877801e-12,1.8985374362238632e-11,5.4174664754214064e-11,3.573629170361414e-10,0.09503129036419605,0.0003406745345555088
5.6000000000000005,-3.5588422166004836,0.9782626558105626,0.0,-27.782549724130163,27.865438876221102,0.08288915209093872,1.2193770452316634e-05,0.10652693289697245,0.9960400329763924,0.49780693665989856,0.49780693665383824,-6.063594071292755e-12,1.2180613857660863e-11,5.0293769149334366e-11,3.4802649651055617e-10,0.09688474470557218,0.0003465512863586766
5.7,-3.6566300331494572,0.9774908826030985,0.0,-28.54301665433148,28.6277254824345,0.08470882810301816,1.2596125567447439e-05,0.1065243978343154,0.9960402654447736,0.49780693665989856,0.49780693665880754,-1.0942913242217855e-12,2.1982243388024443e-12,2.4864554859505006e-12,3.3896252471521393e-10,0.09622708735929053,0.000352390275430545
5.800000000000001,-3.7543398649038555,0.9767032494529689,0.0,-29.302781700775316,29.38912267098968,0.08634097021436204,1.3004033860638005e-05,0.10652177798599638,0.996040505688105,0.49780693665989856,0.4978069366598528,-4.901634653720066e-14,9.846457115419055e-14,1.4484968779981955e-11,3.301642292896645e-10,0.09597566891554321,0.00035816974524536155
5.9,-3.8519702031177854,0.9759011883472632,0.0,-30.061752360077058,30.149610950608015,0.08785859053095635,1.3419605150581694e-05,0.1065190715327784,0.9960407538732127,0.49780693665989856,0.4978069366596781,-2.2370993946196904e-13,4.493909646108583e-13,1.0602074773657932e-11,3.216231725389207e-10,0.09656395134170698,0.00036387547991242327
6.0,-3.9495196420337217,0.9750852790422964,0.0,-30.81980586476445,30.90917161605367,0.08936575128921831,1.3838330439287202e-05,0.10651627736887961,0.9960410101014983,0.49780693665989856,0.4978069366599857,8.387734951043058e-14,1.6849373387766923e-13,2.1836088492932504e-11,3.13331305346054e-10,0.09443732997592147,0.00036950399199773095
6.1000000000000005,-4.046986786889634,0.974255187669579,0.0,-31.576836023210525,31.66778603017773,0.0909500069672049,1.4266237569374314e-05,0.10651339401702292,0.9960412745084298,0.49780693665989856,0.49780693666434783,4.445999124413902e-12,8.931171498166964e-12,9.25912679861085e-11,3.052803010383798e-10,0.09616420503314371,0.00037506236749925597
6.2,-4.144370175327149,0.973409962408585,0.0,-32.332778764678,32.4254350118316,0.09265624715360588,1.4698545126398435e-05,0.10651041975024887,0.9960415472523719,0.49780693665989856,0.4978069366725245,1.2622680678475717e-11,2.535657852180225e-11,2.7347790698684094e-10,2.974618884543645e-10,0.09527041231334266,0.00038056505344230123
6.300000000000001,-4.241668235926389,0.9725484381184035,0.0,-33.08761084026884,33.18209851407389,0.0944876738050553,1.5137873058092597e-05,0.10650735343297783,0.9960418284374584,0.49780693665989856,0.49780693666960013,9.698297720461824e-12,1.94820461628284e-11,2.807729604370479e-10,2.898679074547772e-10,0.09520229687535653,0.0003860293499276269
6.4,-4.338879284080387,0.9716695575461416,0.0,-33.84133501064145,33.93775559348802,0.0964205828465694,1.5585113612872193e-05,0.10650419304751184,0.9960421182487146,0.49780693665989856,0.49780693667414505,1.4243217716369827e-11,2.8611930985793514e-11,4.712907841764036e-10,2.8249036443384057e-10,0.09557265386501768,0.00039147135085389987
6.5,-4.436001542483097,0.9707725390574553,0.0,-34.59396325190873,34.692384570953514,0.0984213190447818,1.6036935711030743e-05,0.10650093727647819,0.9960424168069454,0.49780693665989856,0.4978069366683462,8.44435632529894e-12,1.6963115021489768e-11,3.676245974304493e-10,2.75322153964197e-10,0.09379319996261493,0.00039690327712013195
6.6000000000000005,-4.533033171291537,0.9698569123599595,0.0,-35.34550645740705,35.44596326727578,0.10045680986873151,1.64984849450753e-05,0.10649758434032895,0.9960427242753376,0.49780693665989856,0.49780693666975373,9.851897075918714e-12,1.9790598222153024e-11,4.5265891035484174e-10,2.683562816407914e-10,0.0954146779208982,0.0004023323005487646
6.7,-4.629972298553148,0.9689225037663232,0.0,-36.09597418072772,36.19846924030439,0.10249505957666827,1.6965252023633507e-05,0.10649413237091895,0.9960430408252021,0.49780693665989856,0.49780693666514136,5.2395310312647325e-12,1.0525227041370988e-11,2.9329050299509163e-10,2.6158664123698827e-10,0.09433872741097188,0.00040776039532453516
6.800000000000001,-4.726817050073865,0.9679694477950836,0.0,-36.845379527081505,36.9498800171721,0.1045004900905937,1.7440341828024337e-05,0.10649057990224398,0.9960433665909736,0.49780693665989856,0.4978069366599246,2.275957200481571e-14,4.571967630036028e-14,7.138667434958279e-11,2.550067934592448e-10,0.09465740126642103,0.00041318470312256433
6.9,-4.82356558204852,0.9669982204995599,0.0,-37.593737382066934,37.700173347284014,0.10643596521708076,1.7923727922012727e-05,0.10648692471862434,0.9960437017758326,0.49780693665989856,0.49780693665990405,2.220446049250313e-15,4.460456224425393e-15,7.201506058152063e-11,2.486108541255305e-10,0.0948118213829327,0.0004185983171676979
7.0,-4.920216114091159,0.9660095945809191,0.0,-38.34105030768578,38.44932745766863,0.10827714998285387,1.8413318675292973e-05,0.10648316524252892,0.9960440465244407,0.49780693665989856,0.49780693665967235,-2.2948309919001986e-13,4.609881507943644e-13,4.380940055170868e-11,2.4239393825453703e-10,0.09327510228266883,0.00042399181190982526
7.1000000000000005,-5.016766950420933,0.9650044460250996,0.0,-39.087293415383,39.1973212157809,0.11002780039790139,1.8913345501023333e-05,0.10647929937316696,0.9960444010294428,0.49780693665989856,0.49780693665823683,-1.6650014700303473e-12,3.344673099885381e-12,1.744631106248562e-10,2.363507722868974e-10,0.09464970791449223,0.0004293556270737246
7.2,-5.1132164760390095,0.9639834642070467,0.0,-39.83240995529541,39.94413409808904,0.11172414279362641,1.941982439690405e-05,0.10647532504612515,0.9960447654801483,0.49780693665989856,0.49780693665932657,-5.752620602095249e-13,1.1555926963430087e-12,1.5183332369161917e-10,2.3047636021900075e-10,0.09336010123199334,0.0004346827184082395
7.300000000000001,-5.209563124460543,0.9629469016365824,0.0,-40.5763254237039,40.68974593863445,0.11342051493055294,1.993607235156956e-05,0.10647124041814372,0.9960451400455864,0.49780693665989856,0.49780693666260745,2.7056135110115065e-12,5.4350659094623414e-12,4.4227643769545466e-10,2.247654840026314e-10,0.09390332557922909,0.00043997038148654605
7.4,-5.305805330335436,0.9618945513023479,0.0,-41.31897998458784,41.4341365614612,0.11515657687336045,2.0461308063737537e-05,0.1064670430434237,0.99604552495004,0.49780693665989856,0.49780693665993103,2.919886554764162e-14,5.865499935119392e-14,1.2819767469807175e-10,2.1921281456727115e-10,0.09382586256411302,0.0004452201867454089
7.5,-5.401941494741286,0.9608260060663931,0.0,-42.060350169496814,42.177285512208314,0.11693534271149986,2.0994480547338256e-05,0.10646273102867403,0.996045920367126,0.49780693665989856,0.4978069366587429,-1.1589063042549697e-12,2.3280236149332233e-12,8.161893383373808e-11,2.138134114204604e-10,0.09262425035063004,0.00045043601896066693
7.6000000000000005,-5.497969981330704,0.9597409617601658,0.0,-42.80043621108209,42.91917202896894,0.11873581788684362,2.1538778318641128e-05,0.1064583019443032,0.9960463265196411,0.49780693665989856,0.4978069366608502,9.483525076348087e-13,1.9050608534520853e-12,2.980209412584145e-10,2.0856261162549572e-10,0.09375117470907085,0.00045562170187751885
7.7,-5.593889133538615,0.958639314849875,0.0,-43.53923633433497,43.65977517586445,0.12053884152948058,2.20908374858017e-05,0.10645375349541421,0.9960467436180301,0.49780693665989856,0.49780693665988096,-2.0872192862952943e-14,4.1928288509598695e-14,1.156660323076153e-10,2.0345564122337123e-10,0.09225151822625,0.00046077972435188286
7.800000000000001,-5.689697291548948,0.9575210869153341,0.0,-44.276738024215746,44.399073974385516,0.12233595016977006,2.2653916097578203e-05,0.10644908345214622,0.9960471718667742,0.49780693665989856,0.4978069366608703,9.68447544380524e-13,1.9454279822831352e-12,5.539061431747427e-10,1.984880038108372e-10,0.0931089877778073,0.00046591117262186483
7.9,-5.785392800832902,0.9563863587919313,0.0,-45.01292652540275,45.13704746928967,0.12412094388692196,2.3226747172831968e-05,0.10644428913027433,0.9960476115120198,0.49780693665989856,0.49780693665992154,1.970645868709653e-14,3.958654899177536e-14,1.7217727243945546e-10,1.9365564707385374e-10,0.09279350799767605,0.0004710160403584933
8.0,-5.880974018243267,0.9552352810319343,0.0,-45.747789309499666,45.873674775470846,0.1258854659711801,2.3809217779823907e-05,0.10643936828530781,0.9960480627595898,0.49780693665989856,0.4978069366606601,7.582823258189819e-13,1.5232458006412718e-12,5.003277792070548e-10,1.8895429665377605e-10,0.09190426365226217,0.00047609345818337034
8.1,-5.976439318947977,0.954068059187131,0.0,-46.48130743068281,46.608935131122315,0.1276277004395041,2.4403577432125413e-05,0.10643431815128321,0.9960485258631263,0.49780693665989856,0.4978069366598701,-3.175237850427948e-14,6.378452400928311e-14,1.3063172765725994e-10,1.8438045534807657e-10,0.09276722559084372,0.0004811420852576246
8.200000000000001,-6.071787097740753,0.9528848634859813,0.0,-47.213451458242815,47.34280790742244,0.12935644917962463,2.5007236167394177e-05,0.10642913615089462,0.9960490010589715,0.49780693665989856,0.49780693666078646,8.846257060213247e-13,1.7770457598110765e-12,6.992518786219648e-10,1.7993018186501786e-10,0.0910454290755835,0.00048616074252028627
8.3,-6.167015761796704,0.9516857706974885,0.0,-47.944191627734185,48.07527255242442,0.13108092469023802,2.562320343560849e-05,0.1064238196390238,0.996049488589686,0.49780693665989856,0.4978069366594717,-4.301559108910169e-13,8.641018820768092e-13,2.688409495021915e-10,1.7559975695746743e-10,0.09219800441654158,0.0004911487820549605
8.4,-6.262123723031462,0.9504708144244726,0.0,-48.67350808670659,48.80630853210357,0.1328004453969811,2.624996712339047e-05,0.10641836565398947,0.9960499887268596,0.49780693665989856,0.4978069366603886,4.867772851468999e-13,9.778435157996568e-13,4.897641181500489e-10,1.7138540586714157e-10,0.09163409933048083,0.0004961058663056245
8.5,-6.357109398549526,0.9492400768962362,0.0,-49.40138867330387,49.53589533379615,0.13450666049227777,2.6888126213782753e-05,0.1064127715496016,0.9960505017131512,0.49780693665989856,0.4978069366599245,2.2648549702353193e-14,4.549665348913901e-14,4.259367303305339e-10,1.6728385343611762e-10,0.09109884957839692,0.0005010315189053205
8.6,-6.451971217348235,0.9479937071265941,0.0,-50.12781710879185,50.26401251763542,0.1361954088435695,2.7539069310276043e-05,0.10640703420403552,0.9960510278348361,0.49780693665989856,0.49780693665988585,-1.5987211554602254e-14,3.211528481586283e-14,1.5970691435995832e-10,1.6329176899532172e-10,0.09168735387195825,0.0005059250385642927
8.700000000000001,-6.546707623670503,0.9467318453871679,0.0,-50.8527673053839,50.990639742085946,0.13787243670204674,2.820100589477074e-05,0.10640115070207125,0.9960515673592435,0.49780693665989856,0.49780693665992076,1.892930256985892e-14,3.8025389313226474e-14,2.5919943968943926e-10,1.594058773868312e-10,0.08973693506769764,0.0005107858649119152
8.8,-6.641317072407216,0.9454545617070891,0.0,-51.57621152828169,51.7157567284806,0.13954520019890992,2.8876535399608118e-05,0.10639511796069599,0.9960521205690894,0.49780693665989856,0.49780693666057796,6.761258219967203e-13,1.3582089203375322e-12,1.0037224384973342e-09,1.556231810084796e-10,0.0912030275244532,0.0005156138785832211
8.9,-6.735798023001984,0.9441618889790878,0.0,-52.29812952964987,52.43934321424061,0.14121368459073835,2.9564134587503323e-05,0.10638893269896689,0.9960526877652405,0.49780693665989856,0.4978069366598399,-6.195044477408373e-14,1.2444672866146845e-13,3.3385183506595695e-10,1.5194073776925165e-10,0.09037922058494935,0.0005204092505886858
9.0,-6.830148939168854,0.9428538862102142,0.0,-53.018505218356594,53.16137895081557,0.14287373245897328,3.026489047884361e-05,0.10638259182423732,0.9960532692312961,0.49780693665989856,0.49780693665966286,-2.3897550605056495e-13,4.800566011537829e-13,1.226645451879449e-10,1.4835532802237594e-10,0.09020526015527608,0.0005251721116233513
9.1,-6.924368292052533,0.9415306371315513,0.0,-53.73731891754739,53.88184372796169,0.1445248104142962,3.097948339258655e-05,0.10637609183435806,0.9960538652884079,0.49780693665989856,0.4978069366598383,-6.356026815979021e-14,1.2768055942417687e-13,5.685385495723949e-11,1.4486423172144214e-10,0.09050532828923064,0.0005299024706778968
9.200000000000001,-7.018454560851431,0.9401922152792747,0.0,-54.45454854812694,54.60071737855503,0.14616883042809548,3.1706890187272736e-05,0.1063694294175032,0.9960544762402741,0.49780693665989856,0.4978069366598845,-1.7319479184152442e-14,3.479155855051806e-14,1.4448542362544003e-10,1.4146456228658622e-10,0.08871512004235793,0.0005346003128527305
9.3,-7.112406231379817,0.9388386816563906,0.0,-55.170173428521004,55.3179797676861,0.14780633916509345,3.244920262200168e-05,0.10636260102862587,0.9960551024119801,0.49780693665989856,0.497806936659912,1.0158540675320182e-14,2.0406587226746172e-14,3.1423263990859596e-10,1.3815382171600277e-10,0.09011515224490235,0.0005392656000251946
9.4,-7.206221795582782,0.9374701010467625,0.0,-55.88417503815738,56.03361078908267,0.14943575092529215,3.320508439955671e-05,0.10635560301662263,0.9960557441383365,0.49780693665989856,0.4978069366599046,2.7755575615628914e-15,5.575570280531741e-15,2.5633828393267777e-10,1.3492940098558392e-10,0.08901958132659854,0.0005438981611539865
9.5,-7.2998997532293455,0.9360865724185747,0.0,-56.59653954777545,56.747590378187475,0.15105083041202505,3.3975888318951335e-05,0.10634843179862735,0.9960564017478968,0.49780693665989856,0.49780693665990666,4.829470157119431e-15,9.70149228812523e-15,2.9150060143479095e-10,1.3178896862697798e-10,0.08922373477543938,0.0005484975332998692
9.600000000000001,-7.393438617458955,0.934688267183129,0.0,-57.30725492798925,57.459898554515675,0.1526436265264266,3.476178762090549e-05,0.10634108345808424,0.9960570755998136,0.49780693665989856,0.4978069366598691,-3.275157922644212e-14,6.579172931027454e-14,9.10508335394411e-11,1.2872986010492582e-10,0.08922038606433497,0.0005530628942691682
9.700000000000001,-7.486836921077312,0.9332753911434568,0.0,-58.016298991378555,58.1705154695185,0.15421647813994355,3.5562450965739025e-05,0.10633355422287134,0.9960577660399955,0.49780693665989856,0.49780693665982206,-7.97695243193175e-14,1.6024188986248224e-13,1.478839273261201e-10,1.257500215068319e-10,0.08785845768965311,0.0005575933935824384
9.8,-7.580093214266,0.9318480676672961,0.0,-58.72363807446169,58.87942138896858,0.1557833145068912,3.637944068686291e-05,0.10632584005406502,0.9960584734388166,0.49780693665989856,0.4978069366598583,-4.3520742565306136e-14,8.74249419987377e-14,4.0642589294037634e-10,1.2284689931973958e-10,0.08892671740901775,0.0005620887425818459
9.9,-7.6732060530949076,0.9304062979218296,0.0,-59.42924281528158,59.58659660561879,0.1573537903372042,3.721174658125194e-05,0.1063179368668859,0.9960591981708563,0.49780693665989856,0.4978069366600404,1.3855583347321954e-13,2.783324684041445e-13,9.648009058338403e-10,1.2001838411990207e-10,0.08754671553296645,0.0005665493536181773
10.0,-7.766173991458348,0.9289500598782349,0.0,-60.13309825325409,60.29202137833565,0.15892312508155726,3.806077263988291e-05,0.10630984054183024,0.9960599406138781,0.49780693665989856,0.4978069366599115,9.658940314238862e-15,1.940298457625046e-14,4.547654475217655e-10,1.1726247750587504e-10,0.08815060810490882,0.0005709757875412262
10.100000000000001,-7.858995584898262,0.9274794203228959,0.0,-60.83519699948229,60.99567596166997,0.16047896218767477,3.892637831082239e-05,0.1063015467025253,0.996060701169201,0.49780693665989856,0.4978069366599123,1.049160758270773e-14,2.107565566040998e-14,4.566305111808333e-10,1.1457695903160925e-10,0.08782863952447506,0.0005753681266715163
10.200000000000001,-7.951669400877461,0.925994541450139,0.0,-61.53552574139904,61.69754068413881,0.16201494273976635,3.9808772338612155e-05,0.10629305105322205,0.9960614802307503,0.49780693665989856,0.4978069366598307,-7.110978472724128e-14,1.428461105872232e-13,1.2116663228312063e-10,1.1195994131796283e-10,0.08691736608654221,0.0005797259034812663
10.3,-8.044194024211908,0.9244955907624517,0.0,-62.234060265029726,62.397595989481374,0.16353572445164843,4.070902337983367e-05,0.10628434902722764,0.9960622782172974,0.49780693665989856,0.4978069366599918,8.998357614586894e-14,1.8075998849483905e-13,8.510543381134994e-10,1.0940948147464269e-10,0.08763586351508174,0.0005840485475690785
10.4,-8.136568053584336,0.9229826756145522,0.0,-62.93077477295542,63.095822410308344,0.16504763735292727,4.162653930698514e-05,0.1062754360387652,0.9960630955493638,0.49780693665989856,0.49780693665991277,1.0935696792557792e-14,2.196774690529506e-14,5.188727225657885e-10,1.0692363661135573e-10,0.08595819019359041,0.0005883357625506566
10.5,-8.228790096309705,0.9214558700407813,0.0,-63.62564897128404,63.792200528738775,0.16655155745473138,4.2562631560004194e-05,0.10626630738542532,0.9960639326581662,0.49780693665989856,0.49780693665986886,-3.297362383136715e-14,6.623777493271709e-14,2.5558899441335825e-10,1.0450085241586748e-10,0.08698078014818167,0.000592587484245086
10.600000000000001,-8.32085876716512,0.9199152519499145,0.0,-64.31866447641833,64.48671096793677,0.16804649151843876,4.351705428934634e-05,0.10625695817279363,0.9960647899925285,0.49780693665989856,0.49780693665991216,1.0325074129013956e-14,2.0741121443578076e-14,5.49010836792263e-10,1.0213907497558239e-10,0.08632421651862232,0.0005968036895714123
10.700000000000001,-8.412772689303655,0.9183609133297452,0.0,-65.0098045250356,65.17933439943621,0.16952987440060951,4.449038759261978e-05,0.10624738351367553,0.9960656680006124,0.49780693665989856,0.4978069366599173,1.5487611193520934e-14,3.111168216536711e-14,8.459615230549389e-10,9.983669446711474e-11,0.08588605879572248,0.000600984276567883
10.8,-8.504530496658138,0.9167929801669011,0.0,-65.69905374862,65.87005156166153,0.17099781304152373,4.548329514992361e-05,0.10623757826699236,0.9960665671538612,0.49780693665989856,0.4978069366599126,1.0769163338864018e-14,2.1633212688463156e-14,5.777491818292901e-10,9.75920455559276e-11,0.08623610533888298,0.0006051290023882924
10.9,-8.596130836772437,0.9152115875260048,0.0,-66.38638981323508,66.5588432815758,0.17245346834071995,4.649560970547454e-05,0.10622753726956641,0.9960674879257447,0.49780693665989856,0.49780693665991205,1.021405182655144e-14,2.0518098632356808e-14,7.907491328396077e-10,9.540346290748403e-11,0.08438135319530926,0.0006092376362809846
11.0,-8.687572368067054,0.9136168104905944,0.0,-67.07178594769252,67.24569045443855,0.17390450674602675,4.752844129019496e-05,0.10621725518605116,0.9960684308055209,0.49780693665989856,0.4978069366598847,-1.715294573045867e-14,3.445702433368616e-14,1.1781320363724035e-10,9.326950323185201e-11,0.08570671362020321,0.000613310205167239
11.100000000000001,-8.778853754124567,0.9120086944943951,0.0,-67.75522628517567,67.93057400137177,0.17534771619610012,4.858160033128317e-05,0.10620672653615586,0.9960693962957391,0.49780693665989856,0.49780693665991305,1.1213252548714081e-14,2.2525303933348233e-14,6.074651892618022e-10,9.118861221679708e-11,0.08469930496100803,0.0006173468247297062
11.200000000000001,-8.869973666420528,0.9103873643976415,0.0,-68.43670265120778,68.61347489051263,0.17677223930485297,4.965587710066715e-05,0.10619594577441241,0.9960703849049256,0.49780693665989856,0.49780693665989795,-3.885780586188048e-15,7.805798392744437e-15,6.294778032156501e-10,8.915951310584092e-11,0.08475709138899812,0.0006213472989430849
11.3,-8.960930792332524,0.9087529895539708,0.0,-69.1161920555979,69.29437419755085,0.17818214195294502,5.075167222395092e-05,0.106184907128,0.9960713971624552,0.49780693665989856,0.49780693665990194,1.1102230246251565e-16,2.2302281122126965e-16,4.4897785489439457e-10,8.71805960755978e-11,0.08471967709114608,0.0006253112852575128
11.4,-9.051723831919062,0.9071056410780922,0.0,-69.79366365522971,69.9732530819612,0.17958942673149636,5.1869184578499526e-05,0.10617360477485095,0.9960724336022188,0.49780693665989856,0.497806936659912,1.0158540675320182e-14,2.0406587226746172e-14,6.113365369486701e-10,8.525058436958943e-11,0.08341500375369448,0.000629238775688659
11.5,-9.142351489664817,0.9054453729003329,0.0,-70.46910919516641,70.6500927258613,0.18098353069488837,5.3009285776159606e-05,0.1061620326907893,0.9960734947766405,0.49780693665989856,0.497806936659923,2.1149748619109232e-14,4.248584553765187e-14,8.355122149694694e-10,8.336809020903502e-11,0.08432039203338193,0.0006331298096210845
11.600000000000001,-9.232812482160892,0.903772371759545,0.0,-71.14251923365293,71.32487439213621,0.18235515848327566,5.4171976369398065e-05,0.10615018472924904,0.9960745812493684,0.49780693665989856,0.49780693665993325,3.141931159689193e-14,6.311545557561931e-14,1.2405170224383255e-09,8.153178132630501e-11,0.08294591771840254,0.0006369840564460984
11.700000000000001,-9.323105543731536,0.9020867537446123,0.0,-71.81385278480661,71.9975794668996,0.18372668209298126,5.53581073601278e-05,0.10613805461454129,0.9960756935958908,0.49780693665989856,0.4978069366599189,1.7041923427996153e-14,3.423400152246489e-14,1.1468102023570736e-09,7.974038096492109e-11,0.08352102775416553,0.0006408014700150156
11.8,-9.413229410863162,0.900388484592229,0.0,-72.4830930522546,72.6681893440352,0.18509629178059583,5.65679334091841e-05,0.10612563587237782,0.9960768324099077,0.49780693665989856,0.49780693665989645,-5.384581669432009e-15,1.0816606344231578e-14,1.8157964021270345e-10,7.799277890185863e-11,0.08307703957188162,0.0006445824098359766
11.9,-9.503182824800668,0.8986777450768242,0.0,-73.15025412256719,73.33668544557094,0.18643132300374532,5.7801945328587116e-05,0.10611292193791153,0.996077998293424,0.49780693665989856,0.49780693665990944,7.605027718682322e-15,1.527706256865697e-14,5.355921262051311e-10,7.628769838063931e-11,0.0823475476526786,0.0006483265435110188
12.0,-9.592964553161167,0.896954784522261,0.0,-73.81529034680607,74.00304938301237,0.18775903620630174,5.906083325210909e-05,0.10609990602972406,0.9960791918683041,0.49780693665989856,0.4978069366599056,3.774758283725532e-15,7.582775581523169e-15,2.960225398140892e-10,7.462402917823852e-11,0.08281093551819746,0.0006520334338866829
12.100000000000001,-9.6825733700289,0.8952194827462522,0.0,-74.47815730749744,74.66726280990974,0.1891055024123034,6.03447852161587e-05,0.10608658124408832,0.9960804137676281,0.49780693665989856,0.4978069366599105,8.659739592076221e-15,1.739577927525903e-14,6.542910657714174e-10,7.300066107163161e-11,0.08105361217053086,0.0006557036961807411
12.200000000000001,-9.77200804094197,0.893471940408671,0.0,-75.13890229810954,75.32930731179982,0.19040501369028107,6.165460908486427e-05,0.10607294050453896,0.9960816646403169,0.49780693665989856,0.4978069366599114,9.547918011776346e-15,1.917996176502919e-14,7.763900633506182e-10,7.141648383779398e-11,0.08216589766370463,0.0006593371786792865
12.3,-9.861267366994726,0.8917126283720346,0.0,-75.79748611169693,75.98916473381533,0.1916786221184026,6.299063620092486e-05,0.10605897654888517,0.9960829451523222,0.49780693665989856,0.4978069366599058,3.941291737419306e-15,7.917309798355073e-15,3.789917268903764e-10,6.987060929830591e-11,0.08129657231966486,0.0006629328649772024
12.4,-9.950350166410644,0.889941309839453,0.0,-76.45380624740832,76.6468170443793,0.1930107969709809,6.435347120619337e-05,0.10604468197447534,0.9960842559824764,0.49780693665989856,0.49780693665990494,3.1086244689504383e-15,6.24463871419555e-15,2.506399532364867e-10,6.836181620784032e-11,0.08116591414509444,0.0006664918146650791
12.5,-10.039255222578928,0.8881578585155878,0.0,-77.10796294099833,77.30224595296039,0.19428301196205666,6.574361791262138e-05,0.10603004917084277,0.9960855978286687,0.49780693665989856,0.497806936659906,4.163336342344337e-15,8.363355420797611e-15,4.745581705378754e-10,6.688916087682628e-11,0.08116546574307676,0.0006700144507166818
12.600000000000001,-10.12798136525555,0.8863631599748595,0.0,-77.75995022482547,77.95543351075364,0.19548328592816233,6.716162645798911e-05,0.10601507037853244,0.9960869714024506,0.49780693665989856,0.49780693665992387,2.2037927038809357e-14,4.427002802742202e-14,1.667966875729121e-09,6.545203268260025e-11,0.07984033380905786,0.0006734986251546212
12.700000000000001,-10.216527468878068,0.8845568631861493,0.0,-78.40954911273481,78.60636209744979,0.1968129847149811,6.860815987286757e-05,0.10599973762477591,0.9960883774349351,0.49780693665989856,0.4978069366599333,3.147482274812319e-14,6.322696698122994e-14,1.898965096280847e-09,6.404887731292774e-11,0.08067718963550091,0.0006769458719429535
12.8,-10.304892326504719,0.8827383535593123,0.0,-79.05694340139954,79.25501349575208,0.19807009435254486,7.008348332695859e-05,0.10598404277298018,0.9960898166722575,0.49780693665989856,0.4978069366599128,1.099120794378905e-14,2.2079258310905696e-14,9.395715316884434e-10,6.267908414514523e-11,0.07936464847175428,0.0006803578162932787
12.9,-10.393074789927867,0.8809092487218088,0.0,-79.70220367839913,79.90136992365399,0.19916624525485815,7.15885570069218e-05,0.10596797749462933,0.9960912898781532,0.49780693665989856,0.4978069366599107,8.881784197001252e-15,1.784182489770157e-14,6.333245039513713e-10,6.134193153428669e-11,0.07985393024176446,0.0006837303238891448
13.0,-10.481073808188842,0.8790690249015031,0.0,-80.3448948322027,80.54541431464753,0.20051948244483242,7.312378810518986e-05,0.1059515332301482,0.9960927978375459,0.49780693665989856,0.49780693665990755,5.717648576819556e-15,1.1485674777895386e-14,4.1500070047106874e-10,6.00364757907812e-11,0.07936852722524101,0.0006870655841777426
13.100000000000001,-10.568888167947279,0.8772162548581875,0.0,-80.98536900211882,81.18712841821497,0.20175941609615222,7.468951865348419e-05,0.10593470127525265,0.9960943413486291,0.49780693665989856,0.4978069366599202,1.837419105754634e-14,3.691027525712013e-14,1.393517967684943e-09,5.876160669160413e-11,0.07872262857505685,0.0006903670839054916
13.200000000000001,-10.656516748227572,0.8753539403222858,0.0,-81.62379387357208,81.8264946680136,0.2027007944415118,7.628689661539392e-05,0.10591747268420558,0.996095921231738,0.49780693665989856,0.49780693665991377,1.1934897514720433e-14,2.3974952206286485e-14,9.47386169514175e-10,5.751704668099933e-11,0.07903757016134305,0.0006936272445074152
13.3,-10.7439585992415,0.8734807900640265,0.0,-82.25932500232057,82.46349675231278,0.20417174999221288,7.791621452930558e-05,0.10589983828482831,0.9960975383279727,0.49780693665989856,0.4978069366599102,8.382183835919932e-15,1.6838222247205858e-14,5.212381637420549e-10,5.63017410470934e-11,0.07731389200060224,0.0006968506808824585
13.4,-10.831212441866306,0.8715942416870663,0.0,-82.89276896165507,83.09811596843272,0.20534700677765727,7.957771517908041e-05,0.10588178875220167,0.9960991934924398,0.49780693665989856,0.4978069366599133,1.149080830487037e-14,2.308286096140141e-14,1.064349053336855e-09,5.511452405571049e-11,0.0783921807223032,0.0007000430128098399
13.5,-10.918277219524803,0.8697003149736992,0.0,-83.52429252264486,83.73033524817897,0.20604272553411818,8.127301713156172e-05,0.10586331449844996,0.9961008876043594,0.49780693665989856,0.4978069366599086,6.772360450213455e-15,1.3604391484497449e-14,4.915825524420825e-10,5.395561775145552e-11,0.07740213458568984,0.0007031894112529705
13.600000000000001,-11.00515212822018,0.8677949929248595,0.0,-84.15228352801995,84.36013936436329,0.2078558363433416,8.300208859233838e-05,0.10584440566714454,0.9961026215675782,0.49780693665989856,0.49780693665991976,1.7930101847696278e-14,3.601818401223505e-14,2.264242793259541e-09,5.282363435554771e-11,0.0774569758126149,0.000706301992677396
13.700000000000001,-11.091835692537133,0.8658749340813917,0.0,-84.77876608329717,84.98750823570855,0.20874215241137506,8.476487587739454e-05,0.1058250523082114,0.9961043962945304,0.49780693665989856,0.4978069366599087,6.8833827526759706e-15,1.3827414295718717e-14,6.235296723389183e-10,5.1717352622659973e-11,0.07722671184768143,0.0007093866618814046
13.8,-11.178327067907487,0.8639520360622174,0.0,-85.40324852591189,85.61242637104895,0.20917784513706295,8.656434188707256e-05,0.10580524411588134,0.9961062127302676,0.49780693665989856,0.49780693665992903,2.7200464103316335e-14,5.464058874921106e-14,2.2408231936665857e-09,5.063777175351447e-11,0.07625997387617611,0.0007124157962700454
13.9,-11.264625570766045,0.8620138035804421,0.0,-86.02309741206842,86.23487944683532,0.21178203476689816,8.83987447149924e-05,0.10578497049415489,0.9961080718464561,0.49780693665989856,0.49780693665991793,1.609823385706477e-14,3.23383076270841e-14,8.977810717070156e-10,4.958244925745703e-11,0.07675784626989685,0.0007154223640300863
14.0,-11.350729299276885,0.8600612092144676,0.0,-86.64326173392898,86.8548443765498,0.21158264262082582,9.026881185529646e-05,0.10576422089891784,0.9961099746100043,0.49780693665989856,0.49780693665991405,1.2212453270876722e-14,2.453250923433966e-14,1.1977142611030445e-09,4.855099655642903e-11,0.0752458248368042,0.0007183987284849381
14.100000000000001,-11.436638085280402,0.8581133600493656,0.0,-87.25989280558443,87.47231058860078,0.21241778301634895,9.217934702313865e-05,0.10574298412481092,0.9961119220484574,0.49780693665989856,0.49780693665991216,1.0325074129013956e-14,2.0741121443578076e-14,6.875883196144628e-10,4.754530102957233e-11,0.07601793066675833,0.0007213050871502225
14.200000000000001,-11.522350925803815,0.8561374925256605,0.0,-87.87126195227174,88.08726150645663,0.21599955418489003,9.412402657369966e-05,0.10572124890255447,0.9961139151952224,0.49780693665989856,0.49780693665991427,1.2434497875801753e-14,2.49785548567822e-14,1.1179540626571338e-09,4.656031116212489e-11,0.07522133015108079,0.0007242188608455649
14.3,-11.607865495348296,0.8541587848864634,0.0,-88.48647383870274,88.69967111508151,0.2131972763787786,9.61089342964582e-05,0.10569900405724537,0.9961159550750517,0.49780693665989856,0.4978069366599256,2.375877272697835e-14,4.7726881601351706e-14,1.6195255136963738e-09,4.559874700049704e-11,0.07503243015065536,0.0007270739115308796
14.4,-11.693183055621697,0.8521862203145115,0.0,-89.09250262151109,89.30953911459147,0.21703649308038564,9.813703211375243e-05,0.10567623720810865,0.9961180428232775,0.49780693665989856,0.49780693665993314,3.1308289294429414e-14,6.289243276439804e-14,8.909567528192497e-10,4.46611636562011e-11,0.07492462226446978,0.0007298624072327181
14.5,-11.778300842501753,0.8501659467936038,0.0,-89.69771775751833,89.91683641690693,0.21911865938859876,0.00010019655355637293,0.10565293676336769,0.9961201795028805,0.49780693665989856,0.49780693665989595,-5.88418203051333e-15,1.182020899472729e-14,7.359154396979761e-10,4.374028916842576e-11,0.07382904776634674,0.0007326982381323251
14.600000000000001,-11.863217611172349,0.8481780874881479,0.0,-90.30733433424712,90.52154486985263,0.21421053560551684,0.00010230696499432026,0.10562909046683715,0.9961223662377675,0.49780693665989856,0.4978069366599157,1.3877787807814457e-14,2.7877851402658706e-14,1.3636249907023057e-09,4.284533838827542e-11,0.07437600332448291,0.0007353987011890487
14.700000000000001,-11.94793552331068,0.8461635704633349,0.0,-90.89960590517174,91.12367055756667,0.22406465239492945,0.00010445521649836786,0.10560468479508864,0.9961246042680539,0.49780693665989856,0.49780693665991194,1.0103029524088925e-14,2.029507582113554e-14,1.433864138533636e-09,4.196887282148509e-11,0.07299531498743084,0.0007381117258157906
14.8,-12.032448678793793,0.844109616816565,0.0,-91.50504129342929,91.72316229533045,0.21812100190116723,0.00010663843327746072,0.10557970825383933,0.9961268946477797,0.49780693665989856,0.4978069366599761,7.427392034742297e-14,1.492022607070294e-13,2.5796880187556326e-09,4.110867202200552e-11,0.07359845919398256,0.0007408441469835418
14.9,-12.11676033028644,0.842122505190963,0.0,-92.10108668231028,92.32003394515472,0.21894726284443777,0.00010888446915036157,0.10555414638965463,0.9961292387023426,0.49780693665989856,0.49780693665994225,4.04121180963557e-14,8.118030328454216e-14,1.055917908665549e-09,4.0276448842746504e-11,0.07286294153851863,0.0007433778927975645
15.0,-12.20086916948411,0.8400358992026544,0.0,-92.68462039613455,92.91426697944215,0.22964658330759846,0.00011115147859141062,0.10552798575416487,0.9961316376649748,0.49780693665989856,0.4978069366599165,1.4654943925052066e-14,2.9439011081207595e-14,1.2146171846083575e-09,3.9452940914230794e-11,0.07261697892547692,0.0007460785791123894
15.100000000000001,-12.284769336523052,0.8379942467343037,0.0,-93.29171363639132,93.5058108749451,0.2140972385537765,0.00011347757452842437,0.10550121406585826,0.9961340926619062,0.49780693665989856,0.49780693665988374,-1.8096635301390052e-14,3.635271822906695e-14,9.38922828375155e-10,3.865385789225684e-11,0.07249785445911966,0.0007486119903486702
15.200000000000001,-12.368468915208268,0.8359691000010263,0.0,-93.86389565977318,94.09471344609324,0.23081778632005978,0.00011585701842028088,0.10547381426784198,0.9961366052572748,0.49780693665989856,0.4978069366599658,6.394884621840902e-14,1.2846113926345131e-13,1.1170008251681907e-09,3.787553604084337e-11,0.07145783332131256,0.000751070435217456
15.3,-12.451958098119873,0.8338228729758528,0.0,-94.45506222665792,94.68089653928403,0.22583431262611953,0.00011825183259240022,0.10544577475652599,0.9961391765151443,0.49780693665989856,0.49780693665976417,-1.376676550535194e-13,2.7654828591437437e-13,4.487905602701403e-10,3.710259877109934e-11,0.07192066677491621,0.0007537256687887549
15.4,-12.535239792835354,0.8318261563021351,0.0,-95.04706473853389,95.26437156838718,0.21730682985328542,0.00012073933481675525,0.1054170794652087,0.996141807908851,0.49780693665989856,0.49780693665993925,3.7414515929867775e-14,7.515868738156788e-14,1.3043417457225814e-09,3.636341228130391e-11,0.07054034668349746,0.0007560036267559238
15.5,-12.618317764189815,0.829692133464632,0.0,-95.60384577813005,95.84515575698387,0.24130997885382044,0.00012323857668760553,0.10538771154556353,0.9961445009834072,0.49780693665989856,0.4978069366599366,3.47499806707674e-14,6.98061399122574e-14,1.2221421652469644e-09,3.5627556460582355e-11,0.07115380724898612,0.0007585341630842891
15.600000000000001,-12.701178861358873,0.8275749110572633,0.0,-96.20810526878496,96.42314823227886,0.21504296349390017,0.00012579419372954755,0.10535765983947672,0.9961472567620261,0.49780693665989856,0.4978069366598289,-7.294165271787278e-14,1.4652598697237415e-13,1.0782464920922052e-09,3.491057443127943e-11,0.07034667993861399,0.0007609586521112761
15.700000000000001,-12.783837113578475,0.8255579996827134,0.0,-96.764406695635,96.99843789893637,0.23403120330137028,0.0001284341806909161,0.10532690304911718,0.9961500771977447,0.49780693665989856,0.49780693665983944,-6.23945339839338e-14,1.2533881990635354e-13,2.520558317620214e-09,3.422001570996258e-11,0.07022089459108,0.0007631293493915736
15.8,-12.86628150396851,0.8233259353989046,0.0,-97.33471739421401,97.5709390617608,0.2362216675467863,0.00013106099522755806,0.10529542862099688,0.9961529634417338,0.49780693665989856,0.4978069366599305,2.864375403532904e-14,5.753988529508757e-14,1.9665009620695173e-09,3.3525071607698465e-11,0.06995758344879643,0.0007657011072055906
15.9,-12.94851090223547,0.8212987657285925,0.0,-97.92565752479635,98.14063514856099,0.21497762376463925,0.00013380786301102018,0.10526322010161658,0.9961559170027994,0.49780693665989856,0.49780693665991516,1.3322676295501878e-14,2.6762737346552358e-14,1.8087322750659496e-09,3.2865321575314965e-11,0.069146157178476,0.0007677800363437441
16.0,-13.030536267072282,0.8191491062434211,0.0,-98.45786594762095,98.70759313502649,0.24972718740554,0.0001365718970777311,0.10523025574643001,0.9961589398749432,0.49780693665989856,0.497806936659937,3.519406988061746e-14,7.069823115714248e-14,9.902314523912992e-10,3.220973487927381e-11,0.06939311031821788,0.0007700772770820055
16.1,-13.112338417470081,0.8169436985631368,0.0,-99.05094836911863,99.27167170927385,0.22072334015521733,0.00013937345983996833,0.10519652551003242,0.9961620329793415,0.49780693665989856,0.4978069366598896,-1.2212453270876722e-14,2.453250923433966e-14,1.8954985359087573e-09,3.156419570160551e-11,0.06795383517169007,0.000772431725573272
16.2,-13.193932885464179,0.8149251456862145,0.0,-99.60016931693048,99.83296934750865,0.23280003057817567,0.00014229783615845302,0.10516200485022136,0.9961651985665443,0.49780693665989856,0.49780693665991693,1.509903313490213e-14,3.0331102326092675e-14,1.8706143301017164e-09,3.0949964813231645e-11,0.06867437636849877,0.0007743440065333081
16.3,-13.27531272414637,0.8126478598430527,0.0,-100.14462901563944,100.391429442072,0.24680042643255717,0.00014519129008206883,0.10512667798045175,0.9961684380841976,0.49780693665989856,0.4978069366599075,5.662137425588298e-15,1.1374163372284752e-14,1.843488028896445e-09,3.0327185207568164e-11,0.06766461788424216,0.0007767534726285509
16.400000000000002,-13.356469909720989,0.8105475748016076,0.0,-100.73038152699264,100.94698851064068,0.21660698364803466,0.00014820768076747836,0.10509052944469485,0.9961717529496383,0.49780693665989856,0.49780693665991266,1.0824674490095276e-14,2.1744724094073792e-14,2.721460168331191e-09,2.973399304551094e-11,0.0678229442445995,0.0007787357453552206
16.5,-13.437420768649115,0.8084116104873004,0.0,-101.24914076416289,101.49974971093432,0.2506089467714361,0.0001512739576585912,0.10505353241665445,0.9961751456228708,0.49780693665989856,0.4978069366599146,1.27675647831893e-14,2.564762329044601e-14,1.954730044495534e-09,2.91512369798852e-11,0.06728471814637588,0.0007807446540490947
16.6,-13.518146312599821,0.8061300538338135,0.0,-101.81682093329687,102.0495748785172,0.2327539452203382,0.00015434756964558715,0.10501567558354072,0.9961786171412921,0.49780693665989856,0.4978069366598714,-3.042011087472929e-14,6.110825027462788e-14,1.6510988132267812e-09,2.8569591137284078e-11,0.06686034451111061,0.0007830135058435279
16.7,-13.598655892628654,0.8040678938978565,0.0,-102.36755849371833,102.59651948122362,0.22896098750528893,0.00015756948841796377,0.10497693424281206,0.9961821697701556,0.49780693665989856,0.4978069366599173,1.5487611193520934e-14,3.111168216536711e-14,2.0351714757893546e-09,2.8018976028221232e-11,0.06676205524883783,0.0007847660631385695
16.8,-13.678951663118339,0.8018057924048356,0.0,-102.88693289492117,103.14058966705997,0.2536567721387968,0.00016077901236655106,0.10493728631961698,0.9961858055337527,0.49780693665989856,0.49780693665990294,1.1102230246251565e-15,2.2302281122126964e-15,1.6429622107239084e-09,2.746497473893328e-11,0.06580764588075166,0.00078689462998518
16.900000000000002,-13.75901926360373,0.7995941762279274,0.0,-103.4561763810774,103.6816800087385,0.225503627661098,0.00016407407436167665,0.10489671757336058,0.9961895257379635,0.49780693665989856,0.4978069366599188,1.6986412276764895e-14,3.4122490116854253e-14,2.0767343400507343e-09,2.6927682306165934e-11,0.06611554557871874,0.0007888695092191702
17.0,-13.838874295857973,0.7974756103190049,0.0,-103.97620736025567,104.21988782818995,0.24368046793428277,0.0001674762329603658,0.10485519820486706,0.9961933331154091,0.49780693665989856,0.4978069366599252,2.3370194668359545e-14,4.694630176207726e-14,2.304639590278157e-09,2.6409041620212292e-11,0.06477651159733727,0.0007905943748213678
17.1,-13.918506364986555,0.7951589277491504,0.0,-104.50725507163328,104.75513485856851,0.24787978693522916,0.00017086402705902346,0.10481271106942244,0.9961972292382814,0.49780693665989856,0.4978069366599137,1.1879386363489175e-14,2.3863440800675853e-14,2.0665744671077846e-09,2.588779191015078e-11,0.06536412980272438,0.0007926977662297263
17.2,-13.997912592188971,0.7930002420102232,0.0,-105.05994361608018,105.28739395800753,0.22745034192735147,0.0001743895451414494,0.10476923485601557,0.996201216060826,0.49780693665989856,0.4978069366599178,1.5987211554602254e-14,3.211528481586283e-14,2.6116260265496294e-09,2.5389579327850242e-11,0.06442511462894102,0.0007944135799316984
17.3,-14.077104526701484,0.7907944970331565,0.0,-105.56323946553971,105.81673456258835,0.25349509704864204,0.00017796752241565664,0.10472473962758493,0.9962052963283088,0.49780693665989856,0.49780693665992937,2.7533531010703882e-14,5.530965718287487e-14,1.995168141810666e-09,2.489874972866346e-11,0.06452650494133139,0.0007961851372368109
17.400000000000002,-14.1560669475963,0.7884758079772999,0.0,-106.10242909454367,106.343047115063,0.24061802051933512,0.00018156691886429902,0.10467920980010784,0.9962094714698038,0.49780693665989856,0.49780693665991327,1.1435297153639112e-14,2.2971349555790773e-14,2.137187871120716e-09,2.4411361820853017e-11,0.06395793153815432,0.0007981500280241373
17.5,-14.234807010193256,0.78633564116301,0.0,-106.63168888219663,106.8663717826129,0.23468290041627426,0.00018532356061314332,0.10463261666883047,0.9962137441175725,0.49780693665989856,0.4978069366599174,1.554312234475219e-14,3.122319357097775e-14,2.271047461199771e-09,2.3947066551954777e-11,0.06362077714819969,0.0007996874394850292
17.6,-14.313327818151103,0.7840405806007555,0.0,-107.12841363561841,107.38672143931079,0.25830780369237516,0.00018908437478701474,0.10458493294487421,0.9962181167740387,0.49780693665989856,0.49780693665991493,1.3100631690576847e-14,2.6316691724109818e-14,3.140090298892062e-09,2.3482216171544223e-11,0.06339151373342494,0.0008015121686219892
17.7,-14.39161564064094,0.7817573481871871,0.0,-107.67010771428434,107.90399771741687,0.2338900031325295,0.0001929274157729024,0.1045361411010376,0.9962225910464686,0.49780693665989856,0.49780693665990894,7.105427357601002e-15,1.4273459918161257e-14,2.424860534588902e-09,2.3028579043682385e-11,0.06266408654057637,0.0008032615542896422
17.8,-14.469684193800221,0.7795927906626309,0.0,-108.17197587773416,108.41828394385774,0.24630806612358924,0.00019690972075764112,0.1044862060384171,0.9962271701534751,0.49780693665989856,0.4978069366599296,2.7755575615628914e-14,5.575570280531741e-14,1.95882177145279e-09,2.259281650651701e-11,0.06274222729701467,0.0008047189798941801
17.900000000000002,-14.54752611940459,0.777229383800122,0.0,-108.673518558047,108.92952423531788,0.25600567727089185,0.00020087276373940155,0.10443510504824245,0.9962318561774803,0.49780693665989856,0.4978069366599094,7.549516567451064e-15,1.5165551163046337e-14,2.0532070488243903e-09,2.2153778811428992e-11,0.06167228852094614,0.0008065508701350689
18.0,-14.625135653137805,0.7750014537645566,0.0,-109.20531167768755,109.437673798883,0.2323621211954503,0.00020498785360413302,0.10438281409507019,0.9962366513225643,0.49780693665989856,0.4978069366599168,1.4988010832439613e-14,3.01080795148714e-14,2.4826284361623152e-09,2.1732893262793596e-11,0.06202572057672523,0.0008080514746672786
18.1,-14.70252607633029,0.7727644381607142,0.0,-109.68526509014791,109.94281251875071,0.25754742860280544,0.00020918463724556663,0.10432929545014283,0.9962415590485009,0.49780693665989856,0.49780693665991604,1.4210854715202004e-14,2.8546919836322515e-14,2.5171890127850816e-09,2.1320667453750275e-11,0.06086889678978902,0.0008095309911394554
18.2,-14.779682756184089,0.7703842670954443,0.0,-110.1961389147504,110.44483794194429,0.24869902719387937,0.00021338966217985237,0.1042745296925031,0.9962465811362156,0.49780693665989856,0.49780693665991654,1.4710455076283324e-14,2.955052248681823e-14,2.522656528114453e-09,2.0908552667009417e-11,0.06125667155625969,0.0008112655678132
18.3,-14.856610505054212,0.7681889996590142,0.0,-110.70584306430278,110.94377483620394,0.23793177190115955,0.0002177859796920834,0.10421848330265016,0.9962517206594883,0.49780693665989856,0.49780693665991677,1.4932499681208355e-14,2.999656810926077e-14,2.5664529390567736e-09,2.05167549616192e-11,0.060372509604448676,0.0008125701262080301
18.400000000000002,-14.933315322446315,0.7658642259653743,0.0,-111.17617184443054,111.4396553317143,0.26348348728376436,0.00022220124587362812,0.10416112063072638,0.996256980887455,0.49780693665989856,0.4978069366599164,1.454392162258955e-14,2.921598826998632e-14,2.5974116191207486e-09,2.0125456856590063e-11,0.06044878349492233,0.000814105800990968
18.5,-15.009782273116773,0.7635118231060797,0.0,-111.69073569590466,111.93237648014038,0.2416407842357131,0.00022669214293311168,0.1041024209121799,0.9962623637242507,0.49780693665989856,0.4978069366599156,1.3766765505351941e-14,2.7654828591437435e-14,2.59595589469086e-09,1.9741208667767296e-11,0.059808298638759416,0.0008156541185054922
18.6,-15.08602372505993,0.7613069367923396,0.0,-112.17424065131692,112.42201177075594,0.2477711194390224,0.00023136752158741747,0.10404234183260394,0.9962678730501591,0.49780693665989856,0.4978069366599147,1.2878587085651816e-14,2.5870646101667278e-14,2.624499284564763e-09,1.9373558313162675e-11,0.059614736351886854,0.0008168558653543543
18.7,-15.162035934250282,0.7589109756789991,0.0,-112.64516986169687,112.90853079055714,0.26336092886026563,0.00023602556368997442,0.10398085224339823,0.996273511721545,0.49780693665989856,0.4978069366599076,5.773159728050814e-15,1.1597186183506022e-14,1.984405750832252e-09,1.900307688984526e-11,0.05918856726124655,0.0008184147341919545
18.8,-15.237809701785979,0.756607115301992,0.0,-113.15373749981062,113.39186883142843,0.23813133161780797,0.00024084053383345095,0.10391792481753308,0.996279282244331,0.49780693665989856,0.4978069366599126,1.0769163338864018e-14,2.1633212688463156e-14,2.462374082412566e-09,1.8645751609369654e-11,0.0587659360147178,0.0008197389512501882
18.900000000000002,-15.313359385539671,0.7543521462272297,0.0,-113.61357117637951,113.87211160103271,0.25854042465320504,0.0002457927416152568,0.10385351155111612,0.9962851890205336,0.49780693665989856,0.4978069366599056,3.774758283725532e-15,7.582775581523169e-15,3.924737979055237e-09,1.8298862425325524e-11,0.05852490148133005,0.0008209257859048431
19.0,-15.388672994789722,0.7519206198087559,0.0,-114.09093277100231,114.34917705104456,0.2582442800422484,0.0002507365614521875,0.1037875852877754,0.9962912345404255,0.49780693665989856,0.49780693665991593,1.4099832412739488e-14,2.8323897025101246e-14,2.8194271362025347e-09,1.794964177292968e-11,0.05791226563074425,0.0008224356847850707
19.1,-15.463750508681537,0.7496604346281822,0.0,-114.58297581861711,114.82305975468294,0.24008393606582956,0.00025590499625497147,0.10372010776678758,0.9962974223125622,0.49780693665989856,0.4978069366599165,1.4654943925052066e-14,2.9439011081207595e-14,2.85867018945396e-09,1.7617074465903215e-11,0.05782773000585417,0.0008235526337188229
19.200000000000003,-15.538602226869422,0.7473290983123517,0.0,-115.02716237314957,115.29381921764701,0.2666568444974473,0.00026114179398475267,0.10365102968146747,0.996303756858428,0.49780693665989856,0.4978069366599195,1.765254609153999e-14,3.5460626984181877e-14,2.2991051285004005e-09,1.7287782316799394e-11,0.05706219510950278,0.0008247802252469171
19.3,-15.613212595384683,0.7449048044648294,0.0,-115.5103429541675,115.76135243295526,0.2510094787877648,0.0002664309781118773,0.10358032400399615,0.9963102406565072,0.49780693665989856,0.49780693665992914,2.731148640577885e-14,5.486361156043233e-14,4.2287618962078e-09,1.6960821636047285e-11,0.05710606032818827,0.0008261572035639362
19.400000000000002,-15.687590463534496,0.7426589778284225,0.0,-115.97847077082598,116.22571004439746,0.24723927357148057,0.00027197234800681216,0.10350793956104284,0.9963168783994576,0.49780693665989856,0.49780693665991727,1.5432100042289676e-14,3.100017075975648e-14,2.9708508986203697e-09,1.6649737144547316e-11,0.05622299824385407,0.0008271323750112453
19.5,-15.76173786462234,0.7402514520769737,0.0,-116.41734339066804,116.68689971057461,0.26955631990657025,0.0002775257325301935,0.10343382936611058,0.996323674395999,0.49780693665989856,0.4978069366599156,1.3766765505351941e-14,2.7654828591437435e-14,2.212180216787374e-09,1.6337098340812872e-11,0.056367664751608204,0.0008284017725917134
19.6,-15.835641643682665,0.7378648241560081,0.0,-116.89934162879473,117.14483511704302,0.24549348824828598,0.0002832274942026855,0.10335796002303711,0.9963306317086008,0.49780693665989856,0.4978069366599213,1.9484414082171497e-14,3.914050336933282e-14,3.2272182703962926e-09,1.603200905364588e-11,0.05540054464940741,0.000829588946011336
19.700000000000003,-15.909315602161493,0.7355953541174328,0.0,-117.34281849310392,117.59959742686561,0.25677893376169436,0.0002891624956356755,0.10328026861660596,0.9963377561066662,0.49780693665989856,0.49780693665992,1.815214645262131e-14,3.6464229634677586e-14,2.8043588562454147e-09,1.5739132219749763e-11,0.05561918426183182,0.0008305036643502286
19.8,-15.982753023288112,0.7331350541924678,0.0,-117.78363274782129,118.05114073543074,0.2675079876094486,0.0002950962306418681,0.10320071078216715,0.9963450516584885,0.49780693665989856,0.4978069366599235,2.1649348980190553e-14,4.3489448188147584e-14,4.352882387870238e-09,1.544331329483839e-11,0.0545990395902462,0.0008317694732096858
19.900000000000002,-16.055947462238162,0.7307936926664276,0.0,-118.25557204029246,118.4994216115766,0.2438495712841302,0.0003012808367602785,0.10311923995294718,0.9963525226342983,0.49780693665989856,0.49780693665991804,1.6209256159527285e-14,3.2561330438305365e-14,3.066915277294413e-09,5.979605699479862e-12,0.054865820312557434,0.0008327567760125356
20.0,-16.1289125538633,0.7284712561647341,0.0,-118.67876306963754,118.9445196691082,0.265756599470663,0.00030764986378767204,0.10303578410444074,0.9963601756388321,0.49780693665989856,0.4978069366599191,1.7263968032921184e-14,3.468004714490743e-14,3.1758629059908117e-09,1.4881706977831755e-11,0.05385481969217437,0.0008336736550985543
