time,coupling,energy,integrated_work,work_defect,norm,last_character_probability
0.0,0.0,0.0,0.0,0.0,1.0,0.0
0.005,0.00015421177605168257,0.00015421177602691053,0.00015421177602666664,2.438912787006142e-16,1.0,0.0
0.01,0.0006168375916970614,0.0006168375901117213,0.0006168375901116651,5.616167253474913e-17,1.0,0.0
0.015,0.0013878489099972136,0.0013878488919406213,0.0013878488919696244,-2.9003058635290735e-14,0.9999999999999892,8.153086482126e-239
0.02,0.002467198171342,0.0024671980698984953,0.00246719806992622,-2.7724784273930325e-14,0.9999999999999897,6.5922231147435335e-239
0.025,0.003854818796385495,0.0038548184094606914,0.003854818409484502,-2.3810814431257654e-14,0.999999999999991,5.046652633327157e-239
0.03,0.005550625190149927,0.005550624034988611,0.005550624035070648,-8.203767526415717e-14,0.9999999999999624,1.8945067039124665e-237
0.035,0.007554512747310338,0.007554509834989921,0.0075545098350692985,-7.937747681374674e-14,0.9999999999999151,1.3009001516948573e-236
0.04,0.009866357858642205,0.009866351370893216,0.009866351370653881,2.3933459381009214e-13,0.9999999999998808,2.883143344035604e-236
0.045,0.012486017918649783,0.012486004769439271,0.012486004768384013,1.0552583112888314e-12,0.9999999999998767,2.283571524549734e-236
0.05,0.01541333133436018,0.01541330659877329,0.015413306596534249,2.2390405501893085e-12,0.9999999999998884,1.2485385457593475e-237
0.055,0.018648117535293718,0.018648073728360356,0.01864807372511853,3.2418269457767934e-12,0.9999999999998911,1.6735436875041053e-236
0.06,0.02219017698460002,0.022190103172834406,0.022190103169574673,3.259732761495826e-12,0.9999999999998869,5.315599686122328e-236
0.065,0.02603929119136761,0.026039171919914034,0.026039171918073194,1.8408399804492603e-12,0.9999999999999202,2.732653479033535e-236
0.07,0.030195222724101467,0.03019503674250555,0.03019503674241473,9.082318230824171e-14,0.9999999999999977,6.046687775466091e-239
0.075,0.034657715225368535,0.034657433995220865,0.03465743399531945,-9.85878045867139e-14,0.999999999999973,2.4338417039524514e-170
0.08,0.03942649342761062,0.03942607939565582,0.03942607939578215,-1.26329502414535e-13,0.9999999999999711,2.938650895702631e-170
0.085,0.044501263170125815,0.04450066779017164,0.04450066779025309,-8.145567553796695e-14,0.9999999999999841,7.94495389645044e-171
0.09,0.049881711417212315,0.04988087290482991,0.04988087290508929,-2.593758541280522e-13,0.999999999999939,2.097703209996493e-169
0.095,0.055567506277476864,0.055566347081461166,0.05556634708207513,-6.139672104055194e-13,0.9999999999998408,2.0957417112318838e-168
0.1,0.06155829702431115,0.06155672099918487,0.06155672099985919,-6.743217095817045e-13,0.9999999999997518,6.892242314745212e-168
0.105,0.06785371411752283,0.0678516033816356,0.06785160338146708,1.6851797735029095e-13,0.9999999999997264,1.019509188469583e-167
0.11,0.07445336922613066,0.07445058069017942,0.07445058068795705,2.2223611839677915e-12,0.9999999999997561,6.063686979727304e-168
0.115,0.08135685525232028,0.08135321680339623,0.0813532167982844,5.111827627857224e-12,0.9999999999997781,1.1892589960753012e-169
0.12,0.0885637463565564,0.08855905268310114,0.08855905267544192,7.659220480071838e-12,0.9999999999997367,5.607411200551588e-168
0.125,0.09607359798384785,0.09606760602716925,0.09606760601894254,8.226710979108987e-12,0.9999999999996615,1.7249404325683202e-167
0.13,0.10388594689117125,0.10387837090942048,0.10387837090371076,5.709724359981294e-12,0.9999999999996911,1.267799723723551e-167
0.135,0.11200031117604647,0.1119908174067794,0.11199081740544951,1.3298806500472438e-12,0.9999999999999173,7.974193369669738e-169
0.14,0.12041619030626283,0.120404391214072,0.12040439121400051,7.148448499805227e-14,1.0000000000000062,4.549238328312138e-142
0.145,0.1291330651507533,0.12911851324872073,0.1291185132486658,5.492828414332962e-14,1.0000000000000058,1.1616202503775757e-141
0.15,0.13815039801161721,0.13813257924202135,0.13813257924196448,5.687117443642364e-14,1.000000000000006,9.403736879458374e-142
0.155,0.14746763265728768,0.1474459593198025,0.14744595931985466,-5.215272658176673e-14,0.9999999999999902,4.884824110847225e-140
0.16,0.15708419435684462,0.15705799757266525,0.15705799757285543,-1.9018120411828932e-13,0.9999999999999751,2.922959222476413e-139
0.165,0.16699948991546365,0.16696801161577365,0.16696801161588398,-1.1032841307212493e-13,0.9999999999999835,4.310140102080918e-139
0.17,0.17721290771100962,0.17717529213878333,0.17717529213845296,3.3037461655283096e-13,0.9999999999999998,8.5286512891834e-140
0.17500000000000002,0.1877238177317636,0.18767910244631603,0.18767910244538943,9.265921363521556e-13,0.9999999999999918,1.8056727803090808e-139
0.18,0.19853157161528467,0.19847867798937827,0.1984786779882357,1.1425582702173642e-12,0.99999999999996,7.86653803461787e-139
0.185,0.20963550268840392,0.20957322588808558,0.20957322588749255,5.930256286035274e-13,0.9999999999999695,2.507143897981587e-139
0.19,0.2210349260083494,0.22096192444601026,0.2209619244459192,9.106604359487847e-14,1.0000000000000095,9.523111802679774e-125
0.195,0.23272913840499398,0.2326439226572763,0.232643922657201,7.530087664520124e-14,1.000000000000008,3.496704323377995e-123
0.2,0.24471741852423234,0.24461833970646124,0.2446183397063869,7.432943149865423e-14,1.0000000000000087,3.7844408377304065e-123
0.20500000000000002,0.256999026872477,0.25688426446120766,0.25688426446121837,-1.071365218763276e-14,0.9999999999999997,2.3919750989904877e-121
0.21,0.2695732058622735,0.26944075495894115,0.2694407549590416,-1.0041967257734541e-13,0.9999999999999981,1.0665937844737802e-120
0.215,0.282439179859032,0.2822868378877187,0.2822868378877267,-7.993605777301127e-15,1.000000000000011,6.646409423884635e-121
0.22,0.2955961552288727,0.29542150806184225,0.29542150806156053,2.8171909249863347e-13,1.0000000000000153,1.603194395295337e-121
0.225,0.3090433203875792,0.30884372789274045,0.3088437278922668,4.73676653456323e-13,0.9999999999999976,2.028321927625491e-120
0.23,0.3227798458506631,0.32255242685556035,0.3225524268553044,2.5596191832732984e-13,0.9999999999999959,4.792696069000821e-121
0.23500000000000001,0.3368048842845295,0.33654650095184974,0.3365465009517644,8.532063944244328e-14,1.0000000000000089,7.171934489006381e-109
0.24,0.3511175705587427,0.35082481216941513,0.35082481216933226,8.287814878826794e-14,1.0000000000000095,5.712708140315169e-109
0.245,0.365717021799396,0.36538618793941846,0.36538618793936084,5.762057497804562e-14,1.0000000000000069,2.0354946863349322e-107
0.25,0.3806023374435663,0.3802294205912317,0.38022942059126663,-3.4916514124461173e-14,1.0000000000000013,3.497951052851451e-106
0.255,0.3957725992948685,0.39535326680586963,0.39535326680591276,-4.313216450668733e-14,1.000000000000009,4.79358681537212e-106
0.26,0.4112268715800943,0.41075644706839987,0.4107564470682626,1.372790769949006e-13,1.0000000000000187,1.0197608951744231e-107
0.265,0.4269642010069319,0.4264376451199765,0.42643764511966625,3.102518242315e-13,1.0000000000000089,9.466795113005413e-106
0.27,0.44298361682277354,0.4423955074100303,0.4423955074098518,1.7852386235972517e-13,1.0000000000000038,1.795983394910875e-106
0.275,0.45928413087459374,0.4586286425490165,0.4586286425489414,7.505107646466058e-14,1.0000000000000073,2.102433462897187e-94
0.28,0.47586473766990267,0.475135620762684,0.47513562076260635,7.76601005725297e-14,1.0000000000000098,6.273312308812726e-95
0.28500000000000003,0.4927244144387716,0.49191497334814266,0.49191497334812373,1.892930256985892e-14,1.0000000000000036,5.319570137752377e-93
0.29,0.5098621211969218,0.5089651921324028,0.5089651921325412,-1.3844481117075702e-13,0.9999999999999951,6.450263967327848e-92
0.295,0.5272768008098744,0.5262847289339884,0.5262847289341182,-1.297850715786808e-13,1.0000000000000089,6.631699506413202e-92
0.3,0.5449673790581605,0.5438719950281619,0.5438719950279848,1.7708057242771247e-13,1.0000000000000273,8.15752676553398e-93
0.305,0.5629327647035837,0.5617253606164972,0.5617253606160733,4.239941731043473e-13,1.000000000000016,1.5802514129070193e-91
0.31,0.5811718495565327,0.5798431543013642,0.5798431543011848,1.794120407794253e-13,1.0000000000000056,1.3467779612612331e-92
0.315,0.5996835085443403,0.598223662565707,0.5982236625656371,6.994405055138486e-14,1.000000000000007,2.493709371055037e-81
0.32,0.6184665997806821,0.6168651292590508,0.6168651292589755,7.527312106958561e-14,1.0000000000000095,6.036599899983226e-82
0.325,0.6375199646360141,0.6357657550901632,0.6357657550901775,-1.432187701766452e-14,1.0,1.3145619171601222e-79
0.33,0.656842427809044,0.654923697127093,0.6549236971272222,-1.2922996006636822e-13,0.9999999999999966,6.695717019821092e-79
0.335,0.6764327973992246,0.6743370683050361,0.6743370683050309,5.218048215738236e-15,1.0000000000000162,9.658432342807974e-80
0.34,0.6962898649802818,0.6940039369427092,0.6940039369424061,3.0309088572266774e-13,1.0000000000000269,8.054512680817274e-79
0.34500000000000003,0.7164124056747517,0.713922326268032,0.7139223262677822,2.498001805406602e-13,1.0000000000000115,5.0606302249133004e-79
0.35000000000000003,0.7367991782295391,0.7340902139536679,0.7340902139535943,7.360778653264788e-14,1.0000000000000075,1.464330502819112e-69
0.355,0.7574489250924815,0.7545055316627013,0.7545055316626272,7.405187574249794e-14,1.000000000000009,5.6973495370905916e-70
0.36,0.7783603724899246,0.7751661646054973,0.775166164605489,8.215650382226158e-15,1.0000000000000013,1.4000015642115407e-67
0.365,0.7995322305052904,0.7960699511083648,0.796069951108466,-1.0125233984581428e-13,0.9999999999999948,9.420899503484613e-67
0.37,0.8209631931586486,0.8172146821943844,0.8172146821943596,2.4868995751603507e-14,1.0000000000000138,8.345710272025518e-68
0.375,0.8426519384872738,0.8385981011770076,0.8385981011767241,2.83550960489265e-13,1.0000000000000282,1.4098576304862932e-66
0.38,0.8645971286271908,0.8602179032674487,0.8602179032672844,1.6431300764452317e-13,1.0000000000000118,2.6494841379544942e-67
0.385,0.886797409895701,0.8820717351964887,0.8820717351964231,6.561418075534675e-14,1.0000000000000069,1.6038930532072742e-57
0.39,0.909251412874883,0.9041571948504799,0.9041571948504136,6.628031457012185e-14,1.0000000000000082,1.2194348688266275e-57
0.395,0.9319577524960648,0.9264718309231909,0.9264718309232279,-3.708144902248023e-14,0.9999999999999954,1.8150189230639583e-55
0.4,0.9549150281252627,0.9490131425839128,0.9490131425839906,-7.782663402622347e-14,0.9999999999999964,3.376877846507126e-55
0.405,0.9781218236495776,0.9717785791619217,0.9717785791617681,1.5354384430565915e-13,1.0000000000000242,1.0922954488319317e-55
0.41000000000000003,1.001576707564547,0.994765539848249,0.9947655398479875,2.6145752229922437e-13,1.000000000000026,6.0094950575564264e-55
0.41500000000000004,1.02527823306245,1.017971373416025,1.0179713734159528,7.216449660063518e-14,1.0000000000000075,1.7151462115953894e-47
0.42,1.049224938121548,1.0413933779591704,1.0413933779591025,6.794564910705958e-14,1.0000000000000084,4.3726850728086884e-47
0.425,1.0734153455962754,1.0650288006497979,1.0650288006497926,5.329070518200751e-15,0.9999999999999988,1.1682710315995314e-44
0.43,1.097847963308351,1.0888748375164463,1.0888748375165391,-9.281464485866309e-14,0.9999999999999885,6.91041644364887e-44
0.435,1.1225212841388277,1.112928633242424,1.1129286332423451,7.882583474838611e-14,1.0000000000000158,6.157058508761345e-46
0.44,1.1474337861210537,1.1371872809849388,1.137187280984668,2.708944180085382e-13,1.0000000000000342,1.2148584078844524e-43
0.445,1.1725839325345593,1.1616478222167494,1.1616478222166782,7.127631818093505e-14,1.0000000000000073,3.2086549875898314e-40
0.45,1.1979701719998452,1.1863072465905595,1.1863072465904958,6.372680161348399e-14,1.0000000000000073,5.518268464468125e-36
0.455,1.2235909385740822,1.2111624918250325,1.2111624918250197,1.2878587085651816e-14,0.9999999999999986,6.662511055302831e-34
0.46,1.249444651847702,1.236210443616149,1.2362104436162462,-9.725553695716371e-14,0.9999999999999839,5.445094112257544e-33
0.465,1.27552971704189,1.2614479355723949,1.2614479355723276,6.727951529228449e-14,1.000000000000014,3.407961341999265e-35
0.47000000000000003,1.3018445251069517,1.2868717491743475,1.2868717491740829,2.646771690706373e-13,1.0000000000000395,9.435119652159199e-33
0.47500000000000003,1.3283874528215722,1.312478613760886,1.3124786137608186,6.727951529228449e-14,1.0000000000000069,4.6297352810130744e-27
0.48,1.3551568628929422,1.3382652065421543,1.3382652065420928,6.150635556423367e-14,1.0000000000000073,1.4490583517739723e-25
0.485,1.3821511040577534,1.3642281526374882,1.3642281526374946,-6.439293542825908e-15,0.9999999999999939,4.471826177899475e-23
0.49,1.409368511184056,1.390364025143135,1.3903640251432372,-1.021405182655144e-13,0.99999999999998,2.123360468370867e-22
0.495,1.4368074053739732,1.4166693452273402,1.4166693452272292,1.1102230246251565e-13,1.0000000000000229,4.147082787723772e-23
0.5,1.4644660940672622,1.4431405822535956,1.443140582253361,2.347011474057581e-13,1.0000000000000395,2.8748360847285226e-22
0.505,1.492342871145721,1.4697741539351483,1.4697741539350846,6.372680161348399e-14,1.0000000000000064,8.2853348862221e-27
0.51,1.5204360170384286,1.4965664265191858,1.496566426519121,6.483702463810914e-14,1.0000000000000062,2.550969351971074e-26
0.515,1.548743798827814,1.5235137150005598,1.5235137150004954,6.439293542825908e-14,1.0000000000000062,1.2261007488447558e-26
0.52,1.5772644703565568,1.5506122833688423,1.5506122833687779,6.439293542825908e-14,1.0000000000000062,7.498416656202659e-27
0.525,1.605996272335291,1.5778583448867074,1.5778583448866432,6.417089082333405e-14,1.0000000000000064,3.436975725566936e-27
0.53,1.6349374324511334,1.6052480624013419,1.6052480624012773,6.461498003318411e-14,1.0000000000000064,3.7510123793205656e-27
0.535,1.6640861654770016,1.6327775486893614,1.6327775486892977,6.372680161348399e-14,1.0000000000000062,4.3599995452809893e-26
0.54,1.6934406733817409,1.6604428668359112,1.660442866835847,6.417089082333405e-14,1.0000000000000062,9.285452200055129e-27
0.545,1.7229991454410305,1.6882400306485805,1.6882400306485164,6.417089082333405e-14,1.000000000000006,4.183690571210208e-25
0.55,1.7527597583490824,1.7161650051068196,1.7161650051067547,6.483702463810914e-14,1.0000000000000064,3.871577649842968e-27
0.555,1.7827206763311054,1.744213706847486,1.744213706847422,6.394884621840902e-14,1.0000000000000064,1.8435912375557709e-25
0.56,1.8128800512565517,1.7723820046872054,1.772382004687141,6.439293542825908e-14,1.0000000000000062,2.774334728096879e-27
0.5650000000000001,1.843236022753112,1.8006657201821714,1.8006657201821072,6.417089082333405e-14,1.0000000000000062,1.373340719985582e-28
0.5700000000000001,1.873786718321474,1.8290606282260686,1.829060628226005,6.372680161348399e-14,1.000000000000006,1.4357918957200226e-26
0.5750000000000001,1.9045302534508302,1.8575624576867529,1.857562457686689,6.394884621840902e-14,1.0000000000000064,8.609134216189356e-25
0.58,1.935464731735117,1.8861668920823416,1.8861668920822772,6.439293542825908e-14,1.0000000000000062,1.3916685461860755e-26
0.585,1.9665882449900014,1.9148695702973728,1.9148695702973089,6.394884621840902e-14,1.0000000000000062,5.594322981670017e-26
0.59,1.9978988733705794,1.9436660873396665,1.943666087339602,6.439293542825908e-14,1.0000000000000062,6.551198885036114e-27
0.595,2.029394685489807,1.9725519951385317,1.9725519951384674,6.439293542825908e-14,1.0000000000000067,5.452575127881165e-27
0.6,2.061073738537634,2.0015228033849644,2.0015228033849004,6.394884621840902e-14,1.0000000000000064,5.276423358071235e-27
0.605,2.0929340784008463,2.030573980414457,2.0305739804143936,6.350475700855895e-14,1.0000000000000062,3.0021710029879874e-25
0.61,2.124973739783607,2.0597009541330547,2.0597009541329903,6.439293542825908e-14,1.0000000000000064,5.670194275515615e-26
0.615,2.1571907463286797,2.088899112987262,2.088899112987198,6.394884621840902e-14,1.0000000000000064,7.933517915579367e-24
0.62,2.1895831107393473,2.1181638069784405,2.1181638069783757,6.483702463810914e-14,1.0000000000000064,4.21697306317466e-26
0.625,2.2221488349019887,2.147490348722259,2.1474903487221946,6.439293542825908e-14,1.0000000000000062,1.273806638165974e-25
0.63,2.254885910009341,2.1768740145538303,2.1768740145537655,6.483702463810914e-14,1.0000000000000064,3.07312887965444e-26
0.635,2.2877923166844063,2.2063100456790803,2.2063100456790155,6.483702463810914e-14,1.0000000000000064,1.0127169971460247e-25
0.64,2.3208660251050173,2.235793649372942,2.2357936493728765,6.52811138479592e-14,1.0000000000000062,3.129192921877415e-26
0.645,2.354104995129047,2.2653200002249174,2.2653200002248526,6.483702463810914e-14,1.0000000000000062,1.030734779619724e-24
0.65,2.3875071764202556,2.2948842414325554,2.294884241432491,6.439293542825908e-14,1.0000000000000067,3.361186565114173e-26
0.655,2.4210705085747626,2.324481486143359,2.3244814861432945,6.439293542825908e-14,1.0000000000000064,6.2783338617302505e-25
0.66,2.454792921248144,2.354106818845632,2.3541068188455676,6.439293542825908e-14,1.000000000000006,2.025790851293602e-25
0.665,2.4886723342831374,2.3837552968087574,2.3837552968086935,6.394884621840902e-14,1.0000000000000064,4.502155565444059e-24
0.67,2.522706657837962,2.413421951573355,2.413421951573291,6.394884621840902e-14,1.0000000000000062,4.1639199725344525e-26
0.675,2.556893792515225,2.443101790491773,2.443101790491709,6.394884621840902e-14,1.0000000000000064,6.315593769683121e-25
0.68,2.591231629491424,2.4727897983193152,2.472789798319251,6.439293542825908e-14,1.0000000000000064,1.5112277869186084e-25
0.685,2.6257180506470275,2.5024809388566007,2.5024809388565363,6.439293542825908e-14,1.0000000000000064,4.557156656727166e-25
0.6900000000000001,2.660350928697133,2.532170156643405,2.5321701566433403,6.483702463810914e-14,1.0000000000000062,1.651009744592076e-25
0.6950000000000001,2.695128127322688,2.5618523787043106,2.5618523787042466,6.394884621840902e-14,1.0000000000000062,5.550169857086306e-25
0.7000000000000001,2.7300475013022663,2.591522516346455,2.5915225163463904,6.439293542825908e-14,1.000000000000006,9.322513264918994e-25
0.705,2.7651068966443937,2.6211754670096257,2.6211754670095617,6.394884621840902e-14,1.0000000000000062,4.2150183894830083e-26
0.71,2.8003041507204243,2.6508061161689325,2.6508061161688676,6.483702463810914e-14,1.0000000000000064,4.848429238683683e-25
0.715,2.8356370923979295,2.6804093392901924,2.6804093392901285,6.394884621840902e-14,1.0000000000000064,4.243734133312651e-26
0.72,2.8711035421746365,2.709980003838202,2.709980003838137,6.483702463810914e-14,1.0000000000000064,2.0247263310792687e-24
0.725,2.906701312312859,2.7395129713379265,2.7395129713378616,6.483702463810914e-14,1.0000000000000064,2.63437210952957e-26
0.73,2.942428206974456,2.7690030994886734,2.7690030994886086,6.483702463810914e-14,1.000000000000006,1.6284924067744696e-24
0.735,2.9782820223562743,2.798445244331199,2.798445244331134,6.483702463810914e-14,1.0000000000000064,2.273657863850844e-26
0.74,3.0142605468260975,2.8278342624676753,2.8278342624676096,6.572520305780927e-14,1.0000000000000062,6.550512798545737e-24
0.745,3.0503615610590584,2.8571650133343747,2.85716501333431,6.483702463810914e-14,1.0000000000000064,1.3722780576125914e-26
0.75,3.086582838174551,2.886432361526868,2.886432361526803,6.52811138479592e-14,1.0000000000000062,1.3462131608670965e-23
0.755,3.122922143873584,2.9156311791774554,2.915631179177391,6.439293542825908e-14,1.0000000000000062,1.4021488328590765e-23
0.76,3.159377236576609,2.944756348384495,2.9447563483844306,6.439293542825908e-14,1.000000000000006,9.835806638991994e-25
0.765,3.1959458675617913,2.9738027636932194,2.9738027636931537,6.572520305780927e-14,1.0000000000000062,7.284476787130571e-26
0.77,3.232625781103714,3.0027653346275245,3.0027653346274596,6.483702463810914e-14,1.0000000000000064,6.065568299097626e-25
0.775,3.269414714612535,3.0316389882721984,3.031638988272134,6.439293542825908e-14,1.0000000000000064,4.4938681844926065e-26
0.78,3.3063103987735425,3.060418671904883,3.060418671904818,6.52811138479592e-14,1.0000000000000064,3.2553081291847012e-24
0.785,3.343310557687146,3.089099355677071,3.0890993556770048,6.616929226765933e-14,1.0000000000000064,2.763569347492713e-26
0.79,3.3804129090092525,3.1176760353432638,3.117676035343199,6.483702463810914e-14,1.0000000000000064,2.901620992798206e-24
0.795,3.4176151640920693,3.1461437350374064,3.146143735037341,6.52811138479592e-14,1.0000000000000064,1.822120156579424e-26
0.8,3.4549150281252627,3.1744975100955064,3.1744975100954407,6.572520305780927e-14,1.0000000000000067,6.77332593503483e-24
0.805,3.492310200277522,3.2027324499233716,3.2027324499233067,6.483702463810914e-14,1.0000000000000062,1.333979158092181e-25
0.81,3.5297983738384806,3.2308436809081895,3.230843680908123,6.661338147750939e-14,1.0000000000000067,9.840917625630249e-24
0.8150000000000001,3.567377236361009,3.2588263693726045,3.2588263693725397,6.483702463810914e-14,1.0000000000000062,9.714488526581403e-24
0.8200000000000001,3.6050444698038535,3.2866757245698635,3.2866757245697986,6.483702463810914e-14,1.0000000000000062,1.384163345367371e-24
0.8250000000000001,3.6427977506746285,3.3143870017184143,3.3143870017183508,6.350475700855895e-14,1.000000000000006,3.496283539595034e-25
0.8300000000000001,3.6806347501731365,3.341955505074292,3.3419555050742265,6.572520305780927e-14,1.0000000000000064,9.061178940042593e-25
0.835,3.7185531343350164,3.36937659103945,3.369376591039385,6.52811138479592e-14,1.0000000000000064,1.4901855430719218e-26
0.84,3.756550564175725,3.396645671304129,3.3966456713040625,6.661338147750939e-14,1.0000000000000062,8.202167609635255e-24
0.845,3.794624695834807,3.4237582160211346,3.423758216021071,6.350475700855895e-14,1.0000000000000062,2.8791140986413654e-24
0.85,3.8327731807204724,3.450709757009877,3.4507097570098106,6.616929226765933e-14,1.0000000000000064,1.1443399543292385e-23
0.855,3.8709936656544808,3.4774958909877625,3.477495890987702,6.039613253960852e-14,1.0000000000000058,4.212460626649557e-23
0.86,3.9092837930172863,3.504112282826549,3.504112282826484,6.483702463810914e-14,1.000000000000006,8.504514269326571e-25
0.865,3.947641200893472,3.5305546688309146,3.53055466883085,6.483702463810914e-14,1.0000000000000064,7.988675753459854e-25
0.87,3.9860635232174375,3.556818860036622,3.556818860036557,6.52811138479592e-14,1.000000000000006,8.633441532253727e-25
0.875,4.024548389919358,3.5829007455252517,3.582900745525188,6.394884621840902e-14,1.0000000000000058,4.337869454726264e-26
0.88,4.063093427071377,3.608796295752512,3.6087962957524464,6.572520305780927e-14,1.0000000000000062,3.9199745219512394e-24
0.885,4.101696257034036,3.634501565886888,3.6345015658868234,6.483702463810914e-14,1.000000000000006,2.6348225506702245e-26
0.89,4.140354498602952,3.6600126991553137,3.6600126991552475,6.616929226765933e-14,1.0000000000000062,2.4273803715215992e-24
0.895,4.179065767155685,3.685325930192309,3.685325930192245,6.394884621840902e-14,1.0000000000000062,1.728372011018427e-26
0.9,4.217827674798845,3.7104375883889933,3.710437588388924,6.927791673660977e-14,1.0000000000000064,9.977334667867893e-24
0.905,4.256637830515385,3.7353441012380664,3.7353441012380038,6.261657858885883e-14,1.000000000000006,1.1453085321768812e-24
0.91,4.295493840312087,3.7600419976709647,3.760041997670896,6.88338275267597e-14,1.0000000000000064,1.794745509410775e-23
0.915,4.334393307367238,3.784527911382825,3.7845279113827694,5.551115123125783e-14,1.0000000000000053,4.5324872645780227e-23
0.92,4.373333832178479,3.8087985841413436,3.8087985841412784,6.52811138479592e-14,1.0000000000000064,1.0374757358767564e-24
0.925,4.412313012710811,3.832850869074682,3.8328508690746186,6.350475700855895e-14,1.0000000000000062,2.4472668245844785e-25
0.93,4.4513284445447745,3.8566817339343347,3.8566817339342694,6.52811138479592e-14,1.000000000000006,7.973974690347096e-25
0.935,4.490377721024751,3.8802882643278456,3.8802882643277825,6.306066779870889e-14,1.000000000000006,8.530718899065802e-26
0.9400000000000001,4.529458433407428,3.9036676669168013,3.903667666916736,6.52811138479592e-14,1.0000000000000062,1.5814363211174785e-24
0.9450000000000001,4.568568171010384,3.9268172725749393,3.9268172725748753,6.394884621840902e-14,1.0000000000000062,4.5896781840256856e-26
0.9500000000000001,4.607704521360775,3.949734539501379,3.9497345395013137,6.52811138479592e-14,1.0000000000000064,3.969447233462606e-25
0.9550000000000001,4.646865070344167,3.9724170562836045,3.97241705628354,6.439293542825908e-14,1.0000000000000062,6.923854850392617e-26
0.96,4.686047402353433,3.9948625449049144,3.9948625449048434,7.105427357601002e-14,1.000000000000007,7.35165621630531e-24
0.965,4.725249100437771,4.017068863690717,4.017068863690653,6.394884621840902e-14,1.0000000000000062,8.063682753045658e-26
0.97,4.764467746451786,4.039034010188242,4.039034010188167,7.549516567451064e-14,1.0000000000000073,3.9600951482213794e-23
0.975,4.803700921204657,4.060756123973595,4.060756123973535,6.039613253960852e-14,1.000000000000006,2.337472143718012e-24
0.98,4.842946204609358,4.082233489380831,4.082233489380765,6.661338147750939e-14,1.0000000000000067,1.1660476312888675e-24
0.985,4.882201175831948,4.103464538146474,4.10346453814641,6.394884621840902e-14,1.0000000000000062,1.3986854478985445e-25
0.99,4.921463413440897,4.12444785196409,4.124447851964026,6.394884621840902e-14,1.0000000000000064,6.445514454229957e-26
0.995,4.960730495556444,4.145182164942365,4.1451821649423,6.483702463810914e-14,1.0000000000000067,8.016998834084663e-26
1.0,4.999999999999999,4.165666365960728,4.16566636596067,5.861977570020827e-14,1.000000000000006,1.560725468767665e-24
1.0050000000000001,5.039269504443558,4.185899500916298,4.185899500916233,6.483702463810914e-14,1.0000000000000064,6.106493156710965e-26
1.01,5.078536586559102,4.205880774855701,4.205880774855646,5.5067062021407764e-14,1.0000000000000058,1.9057658629534333e-24
1.0150000000000001,5.117798824168051,4.225609553985785,4.225609553985719,6.572520305780927e-14,1.0000000000000064,1.8331513840327003e-25
1.02,5.157053795390642,4.245085367556415,4.245085367556369,4.618527782440651e-14,1.0000000000000049,6.658038569557325e-24
1.025,5.196299078795342,4.264307909609639,4.264307909609574,6.483702463810914e-14,1.0000000000000067,6.703042987412184e-26
1.03,5.235532253548213,4.283277040588059,4.2832770405880085,5.062616992290714e-14,1.0000000000000049,3.554263812897669e-24
1.035,5.274750899562228,4.30199278879705,4.301992788796987,6.306066779870889e-14,1.0000000000000064,4.493322906247809e-26
1.04,5.313952597646567,4.320455351713532,4.320455351713476,5.595524044110789e-14,1.0000000000000053,1.3578359454886388e-24
1.045,5.353134929655832,4.338665097135922,4.338665097135858,6.394884621840902e-14,1.0000000000000064,3.291866077493893e-26
1.05,5.392295478639224,4.356622564168363,4.356622564168312,5.1514348342607263e-14,1.000000000000005,1.275944272287169e-24
1.055,5.431431828989616,4.374328464033706,4.374328464033639,6.661338147750939e-14,1.0000000000000064,6.721518244485774e-26
1.06,5.470541566592572,4.391783680708615,4.3917836807085715,4.3520742565306136e-14,1.0000000000000044,2.9135773610642376e-24
1.065,5.509622278975249,4.408989271375662,4.4089892713755985,6.394884621840902e-14,1.0000000000000062,5.587700577179948e-26
1.07,5.5486715554552255,4.425946466685639,4.425946466685574,6.483702463810914e-14,1.0000000000000064,1.1441828004810204e-24
1.075,5.587686987289188,4.442656670825501,4.4426566708254365,6.483702463810914e-14,1.0000000000000062,1.333435101377871e-25
1.08,5.626666167821521,4.459121461385679,4.459121461385617,6.128431095930864e-14,1.000000000000006,3.787634910570963e-25
1.085,5.66560669263276,4.475342589021872,4.475342589021807,6.483702463810914e-14,1.0000000000000062,1.1111210424129357e-25
1.09,5.704506159687913,4.491321976906094,4.491321976906039,5.5067062021407764e-14,1.0000000000000053,1.056145321516674e-24
1.095,5.743362169484615,4.5070617199623015,4.50706171996223,7.194245199571014e-14,1.0000000000000067,6.045274188684719e-25
1.1,5.782172325201155,4.522564083881612,4.522564083881555,5.684341886080802e-14,1.0000000000000056,5.444762731412487e-25
1.105,5.820934232844315,4.537831503913412,4.5378315039133374,7.460698725481052e-14,1.000000000000007,5.25426869088085e-25
1.11,5.859645501397049,4.5528665834274245,4.5528665834273605,6.394884621840902e-14,1.0000000000000064,1.2915912962493367e-26
1.115,5.898303742965963,4.567672092243975,4.567672092243886,8.881784197001252e-14,1.0000000000000087,2.859505417706081e-24
1.12,5.936906572928624,4.582250964727959,4.582250964727898,6.128431095930864e-14,1.0000000000000058,2.2357443786867982e-26
1.125,5.975451610080641,4.596606297644637,4.5966062976445485,8.881784197001252e-14,1.0000000000000087,2.7453097267410517e-24
1.1300000000000001,6.013936476782563,4.610741347773052,4.6107413477730015,5.062616992290714e-14,1.0000000000000049,5.5012882916176935e-25
1.135,6.0523587991065275,4.624659529276517,4.624659529276433,8.43769498715119e-14,1.000000000000008,1.3842518002769774e-24
1.1400000000000001,6.090716206982712,4.638364410826201,4.638364410826151,4.973799150320701e-14,1.000000000000005,4.203619452180506e-25
1.145,6.129006334345518,4.651859712478515,4.65185971247843,8.526512829121202e-14,1.000000000000008,8.933532195191145e-25
1.1500000000000001,6.167226819279527,4.665149302302928,4.665149302302879,4.884981308350689e-14,1.0000000000000047,3.1368113731886618e-25
1.155,6.205375304165193,4.67823719276195,4.678237192761853,9.681144774731365e-14,1.000000000000009,2.409546995100331e-24
1.16,6.243449435824273,4.691127536840641,4.691127536840644,-2.6645352591003757e-15,1.0,7.18535920665657e-24
1.165,6.281446865664984,4.703824623929064,4.703824623928984,7.993605777301127e-14,1.0000000000000075,1.9880368748979583e-24
1.17,6.319365249826863,4.71633287545448,4.716332875454491,-1.0658141036401503e-14,0.9999999999999993,2.777475613322398e-23
1.175,6.357202249325371,4.72865684026985,4.7286568402697835,6.661338147750939e-14,1.0000000000000062,1.756372898663994e-25
1.18,6.394955530196146,4.740801189794886,4.740801189794833,5.3290705182007514e-14,1.0000000000000049,7.487529144894201e-25
1.185,6.432622763638992,4.752770712917476,4.752770712917401,7.549516567451064e-14,1.0000000000000067,3.193845784843824e-25
1.19,6.470201626161519,4.764570310654412,4.764570310654346,6.661338147750939e-14,1.0000000000000058,3.7222888164964397e-26
1.195,6.507689799722478,4.776204990577703,4.776204990577623,7.993605777301127e-14,1.0000000000000073,6.425688051397373e-25
1.2,6.545084971874737,4.787679861009149,4.787679861009083,6.572520305780927e-14,1.0000000000000058,2.388794955066345e-26
1.205,6.582384835907931,4.79900012498906,4.799000124988988,7.194245199571014e-14,1.0000000000000067,6.037913162042846e-26
1.21,6.619587090990747,4.810171074023656,4.810171074023589,6.750155989720952e-14,1.0000000000000062,3.0856932732891156e-26
1.215,6.656689442312855,4.821198081617965,4.821198081617864,1.0036416142611415e-13,1.000000000000009,2.438864915299549e-24
1.22,6.693689601226457,4.832086596600089,4.832086596600021,6.750155989720952e-14,1.000000000000006,9.961222226137166e-26
1.225,6.730585285387466,4.8428421362452125,4.842842136245085,1.2789769243681803e-13,1.0000000000000115,1.9249982025695117e-23
1.23,6.767374218896284,4.853470279205416,4.853470279205353,6.306066779870889e-14,1.000000000000006,7.474615949718921e-26
1.235,6.804054132438209,4.863976658256452,4.8639766582563775,7.460698725481052e-14,1.0000000000000069,4.583768209895853e-25
1.24,6.84062276342339,4.874366952867449,4.874366952867385,6.394884621840902e-14,1.000000000000006,6.853346256448689e-26
1.245,6.877077856126417,4.884646881606099,4.884646881606041,5.861977570020827e-14,1.0000000000000056,1.2439015419597837e-25
1.25,6.913417161825448,4.8948221943878165,4.894822194387752,6.483702463810914e-14,1.000000000000006,4.8195132465058924e-26
1.2550000000000001,6.949638438940942,4.904898664580509,4.9048986645804815,2.7533531010703882e-14,1.0000000000000027,2.026008080796769e-24
1.26,6.9857394531739025,4.914882080976637,4.914882080976571,6.661338147750939e-14,1.000000000000006,4.0762162976897707e-26
1.2650000000000001,7.021717977643725,4.924778239643605,4.9247782396435875,1.7763568394002505e-14,1.000000000000002,1.5608262155376202e-24
1.27,7.057571793025543,4.934592935666982,4.934592935666914,6.838973831690964e-14,1.000000000000006,1.2721049117671552e-25
1.2750000000000001,7.093298687687142,4.944331954797104,4.944331954797105,-1.7763568394002505e-15,1.0000000000000002,3.1211849714883715e-24
1.28,7.1288964578253635,4.9540010650159285,4.954001065015863,6.572520305780927e-14,1.000000000000006,6.221946892724483e-25
1.285,7.164362907602068,4.963606008034738,4.963606008034599,1.3855583347321954e-13,1.000000000000012,1.1828726326150664e-22
1.29,7.199695849279576,4.973152490740498,4.973152490740435,6.306066779870889e-14,1.0000000000000058,1.05514738806997e-24
1.295,7.234893103355605,4.982646176604685,4.982646176604623,6.128431095930864e-14,1.0000000000000056,1.038034611694122e-24
1.3,7.269952498697734,4.992092677068975,4.992092677068911,6.394884621840902e-14,1.000000000000006,1.0687783990757746e-24
1.305,7.304871872677311,5.001497542925865,5.001497542925809,5.595524044110789e-14,1.0000000000000053,1.6411679556434446e-24
1.31,7.339649071302866,5.010866255709092,5.010866255709014,7.815970093361102e-14,1.0000000000000069,3.949661361226325e-24
1.315,7.374281949352972,5.020204219110629,5.020204219110566,6.306066779870889e-14,1.0000000000000056,5.383266976620147e-25
1.32,7.408768370508577,5.029516750441719,5.029516750441657,6.128431095930864e-14,1.0000000000000056,2.9522845159894976e-25
1.325,7.443106207484773,5.038809072154277,5.038809072154216,6.128431095930864e-14,1.000000000000006,3.2736846044767126e-25
1.33,7.477293342162038,5.0480863034406465,5.04808630344062,2.6645352591003757e-14,1.0000000000000027,8.903026396168067e-24
1.335,7.511327665716863,5.057353451929157,5.0573534519290915,6.572520305780927e-14,1.000000000000006,3.268042086256117e-25
1.34,7.545207078751856,5.0666154054923975,5.066615405492386,1.1546319456101628e-14,1.0000000000000016,8.680874836691783e-24
1.345,7.578929491425237,5.075876924187659,5.075876924187582,7.72715225139109e-14,1.0000000000000069,1.48684166131265e-24
1.35,7.612492823579744,5.085142632344628,5.0851426323446764,-4.884981308350689e-14,0.9999999999999968,3.895748958744922e-23
1.355,7.645895004870953,5.094417010821934,5.094417010821868,6.661338147750939e-14,1.000000000000006,5.807051331081481e-25
1.36,7.6791339748949845,5.103704389445095,5.103704389445114,-1.865174681370263e-14,0.9999999999999993,3.113660875597257e-23
1.365,7.712207683315593,5.113008939649804,5.113008939649742,6.217248937900877e-14,1.0000000000000056,2.8254612177883723e-25
1.37,7.745114089990659,5.122334667341443,5.122334667341429,1.4210854715202004e-14,1.0000000000000018,1.1505045884879945e-23
1.375,7.77785116509801,5.131685405993994,5.131685405993928,6.572520305780927e-14,1.000000000000006,2.5844084062745132e-25
1.3800000000000001,7.8104168892606545,5.141064810000474,5.1410648100004765,-2.6645352591003757e-15,1.0000000000000004,9.069690183706327e-24
1.385,7.84280925367132,5.150476348295695,5.150476348295623,7.194245199571014e-14,1.0000000000000064,9.18993783876798e-25
1.3900000000000001,7.875026260216393,5.159923298263751,5.159923298263801,-5.062616992290714e-14,0.9999999999999969,3.13406990672037e-23
1.395,7.907065921599152,5.169408739950653,5.169408739950592,6.128431095930864e-14,1.0000000000000056,7.58882129174475e-25
1.4000000000000001,7.938926261462365,5.178935550592223,5.178935550592129,9.414691248821327e-14,1.000000000000008,6.312511690164475e-23
1.405,7.970605314510193,5.188506399477686,5.188506399477623,6.306066779870889e-14,1.0000000000000058,2.4530233930671584e-24
1.41,8.00210112662942,5.198123743159437,5.198123743159385,5.1514348342607263e-14,1.0000000000000049,4.316246120180301e-24
1.415,8.033411755009999,5.207789821024198,5.207789821024135,6.306066779870889e-14,1.0000000000000056,2.0866976277030894e-24
1.42,8.06453526826488,5.217506651238741,5.217506651238706,3.552713678800501e-14,1.0000000000000036,1.3736027631367156e-23
1.425,8.09546974654917,5.227276027082651,5.22727602708256,9.059419880941277e-14,1.0000000000000078,2.037151763430283e-23
1.43,8.126213281678524,5.237099513678791,5.2370995136787535,3.730349362740526e-14,1.0000000000000036,1.0879871612826824e-23
1.435,8.156763977246888,5.246978445134303,5.246978445134201,1.021405182655144e-13,1.0000000000000087,1.5069128923492843e-23
1.44,8.18711994874345,5.256913922099309,5.256913922099247,6.217248937900877e-14,1.0000000000000056,2.4650714710372416e-25
1.445,8.217279323668894,5.266906809755797,5.266906809755635,1.6253665080512292e-13,1.000000000000013,1.239589242172196e-22
1.45,8.247240241650918,5.276957736241092,5.276957736241095,-2.6645352591003757e-15,1.0000000000000007,3.0337653676053275e-23
1.455,8.277000854558969,5.287067091517863,5.287067091517724,1.3944401189291966e-13,1.0000000000000115,1.8647560944988506e-22
1.46,8.30655932661826,5.297235026690364,5.29723502669045,-8.615330671091215e-14,0.9999999999999944,4.637006247365167e-22
1.465,8.335913834522998,5.307461453780761,5.307461453780674,8.704148513061227e-14,1.0000000000000075,2.4935536984395885e-23
1.47,8.365062567548865,5.317746045959393,5.317746045959364,2.930988785010413e-14,1.0000000000000027,2.1528895163744072e-23
1.475,8.39400372766471,5.328088238242578,5.328088238242478,9.947598300641403e-14,1.0000000000000082,2.065194795341294e-23
1.48,8.422735529643443,5.338487228650887,5.338487228650827,6.039613253960852e-14,1.000000000000005,4.0331539241060724e-25
1.485,8.451256201172185,5.348941979835207,5.34894197983504,1.6697754290362354e-13,1.0000000000000133,1.9782545482425123e-22
1.49,8.47956398296157,5.359451221165424,5.3594512211654335,-9.769962616701378e-15,1.0,4.7707036127781783e-23
1.495,8.507657128854278,5.37001345128528,5.370013451285137,1.4299672557172016e-13,1.0000000000000115,2.957329431152773e-22
1.5,8.535533905932738,5.3806269411239285,5.380626941124025,-9.681144774731365e-14,0.9999999999999934,7.11878820779483e-22
1.5050000000000001,8.563192594626027,5.391289737369425,5.391289737369336,8.881784197001252e-14,1.0000000000000075,4.515853040900933e-23
1.51,8.590631488815943,5.4019996663883525,5.401999666388332,2.042810365310288e-14,1.000000000000002,4.750061545833622e-23
1.5150000000000001,8.617848895942247,5.412754338596532,5.4127543385964305,1.0125233984581428e-13,1.0000000000000084,3.625157181153493e-23
1.52,8.644843137107056,5.423551153263851,5.423551153263795,5.595524044110789e-14,1.000000000000005,7.8447531107877355e-25
1.5250000000000001,8.671612547178428,5.434387303751822,5.434387303751643,1.794120407794253e-13,1.0000000000000142,3.6257778649684845e-22
1.53,8.69815547489305,5.4452597831687175,5.445259783168783,-6.572520305780927e-14,0.9999999999999959,2.5986607581323694e-22
1.5350000000000001,8.72447028295811,5.456165390437562,5.456165390437426,1.3589129821411916e-13,1.000000000000011,5.3332608819208985e-22
1.54,8.750555348152298,5.467100736756505,5.467100736756663,-1.580957587066223e-13,0.9999999999999889,2.7671095478461288e-21
1.545,8.776409061425918,5.478062252450312,5.478062252450234,7.815970093361102e-14,1.0000000000000064,5.677565898492241e-23
1.55,8.802029828000155,5.489046194185096,5.489046194185083,1.2434497875801753e-14,1.0000000000000018,1.571945130143807e-22
1.555,8.82741606746544,5.500048652545222,5.500048652545126,9.592326932761353e-14,1.0000000000000078,6.577941146138693e-23
1.56,8.852566213878944,5.511065559944719,5.511065559944664,5.5067062021407764e-14,1.0000000000000047,2.341899035542882e-24
1.565,8.877478715861171,5.52209269886433,5.522092698864157,1.723066134218243e-13,1.0000000000000138,7.503505324371312e-22
1.57,8.902152036691648,5.533125710390704,5.5331257103907205,-1.687538997430238e-14,0.9999999999999998,1.917939836437834e-22
1.575,8.926584654403724,5.544160103044531,5.544160103044382,1.4921397450962104e-13,1.000000000000012,9.79803293399227e-22
1.58,8.950775061878453,5.5551912618707915,5.555191261870891,-9.947598300641403e-14,0.9999999999999933,1.944900413724772e-21
1.585,8.97472176693755,5.566214457780481,5.566214457780378,1.0302869668521453e-13,1.0000000000000084,2.7087258553713823e-22
1.59,8.998423292435454,5.577224857111361,5.577224857111377,-1.5987211554602254e-14,0.9999999999999994,5.009678588322129e-22
1.595,9.021878176350421,5.588217531398174,5.588217531398061,1.127986593019159e-13,1.000000000000009,1.8914567309655352e-22
1.6,9.045084971874736,5.599187467318981,5.599187467318975,6.217248937900877e-15,1.0000000000000013,1.180228371783227e-22
1.605,9.068042247503934,5.6101295768043,5.610129576804126,1.7408297026122455e-13,1.000000000000014,1.1503412015705332e-21
1.61,9.090748587125118,5.621038707277377,5.621038707277605,-2.282618538629322e-13,0.9999999999999833,4.73925643095414e-21
1.615,9.113202590104299,5.631909652011862,5.6319096520117675,9.414691248821327e-14,1.0000000000000078,8.735985859161201e-22
1.62,9.13540287137281,5.642737160569427,5.64273716056962,-1.9273471707492718e-13,0.9999999999999861,1.8584942890837095e-20
1.625,9.157348061512726,5.65351594931059,5.6535159493105285,6.128431095930864e-14,1.0000000000000053,1.1667858382524385e-22
1.6300000000000001,9.179036806841353,5.664240711935713,5.664240711935715,-1.7763568394002505e-15,1.0000000000000002,1.6954041634927008e-21
1.635,9.20046776949471,5.674906130048404,5.674906130048323,8.08242361927114e-14,1.0000000000000069,2.820727617163693e-22
1.6400000000000001,9.221639627510076,5.685506883704166,5.685506883704122,4.440892098500626e-14,1.000000000000004,1.1060826308371441e-22
1.645,9.242551074907517,5.696037661928136,5.696037661927978,1.580957587066223e-13,1.0000000000000129,4.5806988235125064e-21
1.6500000000000001,9.263200821770461,5.706493173171914,5.706493173171916,-1.7763568394002505e-15,1.0000000000000004,1.043316605194894e-21
1.655,9.283587594325247,5.7168681556904986,5.716868155690347,1.5187850976872141e-13,1.0000000000000124,3.858601810222528e-21
1.6600000000000001,9.303710135019719,5.727157387808617,5.72715738780865,-3.2862601528904634e-14,0.9999999999999981,2.4202228542525078e-21
1.665,9.323567202600776,5.737355698061296,5.737355698061134,1.616484723854228e-13,1.0000000000000129,5.8428619851635655e-21
1.67,9.343157572190956,5.747457975175158,5.747457975175309,-1.509903313490213e-13,0.9999999999999891,1.6620507312580503e-20
1.675,9.362480035363985,5.757459177879314,5.757459177879192,1.2168044349891716e-13,1.0000000000000102,5.128603879326277e-21
1.68,9.381533400219318,5.767354344509411,5.767354344509606,-1.9451107391432743e-13,0.9999999999999855,4.9231641895037294e-20
1.685,9.40031649145566,5.77713860239919,5.777138602399108,8.171241461241152e-14,1.000000000000007,1.2548575423604313e-21
1.69,9.418828150443467,5.7868071770206795,5.786807177020759,-7.993605777301127e-14,0.9999999999999941,1.711729399819201e-20
1.695,9.437067235296416,5.796355400869719,5.796355400869626,9.325873406851315e-14,1.0000000000000075,1.0848325791933755e-21
1.7,9.45503262094184,5.805778722061463,5.805778722061536,-7.283063041541027e-14,0.9999999999999947,7.609903711513318e-21
1.705,9.472723199190124,5.815072712629771,5.815072712629625,1.4566126083082054e-13,1.0000000000000118,1.75633322824269e-20
1.71,9.490137878803077,5.824233076500267,5.824233076500639,-3.7214675785435247e-13,0.9999999999999719,1.8736741128569495e-19
1.715,9.50727558556123,5.833255657133282,5.8332556571332255,5.684341886080802e-14,1.0000000000000047,1.439181824568037e-21
1.72,9.524135262330097,5.842136444802194,5.842136444802147,4.707345624410664e-14,1.0000000000000042,2.1689165573740564e-21
1.725,9.540715869125407,5.850871583512293,5.850871583512231,6.217248937900877e-14,1.0000000000000053,1.2396904341165383e-21
1.73,9.557016383177226,5.859457377528029,5.859457377527973,5.595524044110789e-14,1.0000000000000047,1.2017036126410695e-21
1.735,9.573035798993068,5.867890297504907,5.867890297504896,1.0658141036401503e-14,1.000000000000001,9.224207808798182e-21
1.74,9.588773128419906,5.876166986210291,5.876166986210212,7.904787935331115e-14,1.0000000000000069,2.7771623051940166e-21
1.745,9.604227400705131,5.884284263821353,5.8842842638212955,5.773159728050814e-14,1.0000000000000047,6.411222019558709e-22
1.75,9.619397662556434,5.892239132791679,5.892239132791559,1.199040866595169e-13,1.0000000000000095,1.416976993023471e-20
1.7550000000000001,9.634282978200604,5.900028782274512,5.900028782274453,5.861977570020827e-14,1.000000000000005,3.756894546934184e-22
1.76,9.648882429441256,5.907650592097477,5.907650592097414,6.306066779870889e-14,1.000000000000005,1.6415544139271016e-22
1.7650000000000001,9.663195115715471,5.915102136278796,5.915102136278742,5.417888360170764e-14,1.0000000000000044,2.1267705919995023e-22
1.77,9.677220154149337,5.92238118608151,5.922381186081494,1.5987211554602254e-14,1.0000000000000018,7.350445622472749e-22
1.7750000000000001,9.690956679612421,5.929485712599693,5.9294857125996385,5.417888360170764e-14,1.0000000000000044,1.4344974692820233e-22
1.78,9.704403844771129,5.936413888872905,5.936413888872898,7.105427357601002e-15,1.0000000000000009,1.0206628185680428e-21
1.7850000000000001,9.717560820140967,5.943164091527789,5.943164091527733,5.595524044110789e-14,1.0000000000000042,9.081006929107246e-23
1.79,9.730426794137726,5.949734901943245,5.94973490194323,1.509903313490213e-14,1.0000000000000016,1.8032186828508282e-22
1.795,9.743000973127522,5.956125106941622,5.956125106941565,5.684341886080802e-14,1.0000000000000049,1.9615190575583553e-22
1.8,9.755282581475768,5.962333699004171,5.962333699004064,1.0746958878371515e-13,1.0000000000000089,5.765550324986652e-21
1.805,9.767270861595005,5.968359876014778,5.968359876014717,6.039613253960852e-14,1.0000000000000049,3.946097926014696e-22
1.81,9.77896507399165,5.97420304053447,5.974203040534361,1.092459456231154e-13,1.0000000000000089,5.757270192005446e-21
1.815,9.790364497311595,5.979862798609567,5.979862798609509,5.773159728050814e-14,1.0000000000000049,1.72367626994514e-22
1.82,9.801468428384716,5.985338958121176,5.985338958121127,4.884981308350689e-14,1.0000000000000042,4.4109646442918585e-23
1.825,9.812276182268235,5.990631526679463,5.990631526679408,5.5067062021407764e-14,1.0000000000000047,8.295318883239654e-23
1.83,9.82278709228899,5.995740709071811,5.995740709071791,1.9539925233402755e-14,1.000000000000002,7.502824064349906e-23
1.835,9.833000510084537,6.000666904272295,6.000666904272241,5.417888360170764e-14,1.0000000000000044,1.1768002103424977e-22
1.84,9.842915805643155,6.005410702020973,6.005410702020899,7.460698725481052e-14,1.000000000000006,1.040458394589961e-21
1.845,9.852532367342713,6.00997287898398,6.009972878983921,5.950795411990839e-14,1.0000000000000049,1.8499209496242047e-22
1.85,9.861849601988382,6.014354394504473,6.014354394504371,1.0125233984581428e-13,1.0000000000000082,2.3791848135902495e-21
1.855,9.870866934849246,6.0185563859557085,6.018556385955651,5.773159728050814e-14,1.0000000000000047,1.2830057475396715e-22
1.86,9.879583809693738,6.022580163710005,6.022580163709925,7.993605777301127e-14,1.0000000000000064,4.758448258041271e-22
1.865,9.887999688823953,6.0264272057346435,6.026427205734588,5.595524044110789e-14,1.0000000000000044,7.996604959636273e-23
1.87,9.896114053108828,6.030099151830727,6.030099151830639,8.881784197001252e-14,1.0000000000000069,8.302484309046767e-22
1.875,9.903926402016152,6.033597797527485,6.033597797527426,5.950795411990839e-14,1.0000000000000044,1.4524713532196747e-22
1.8800000000000001,9.911436253643444,6.036925087649112,6.036925087648916,1.9628743075372768e-13,1.0000000000000153,9.98725995739359e-21
1.885,9.91864314474768,6.040083109567217,6.040083109567158,5.861977570020827e-14,1.0000000000000044,2.1120158996887376e-22
1.8900000000000001,9.92554663077387,6.0430740861594785,6.043074086159275,2.0339285811132868e-13,1.000000000000016,1.761273015842152e-20
1.895,9.932146285882478,6.045900368484748,6.045900368484695,5.3290705182007514e-14,1.0000000000000042,1.2538271678385265e-22
1.9000000000000001,9.93844170297569,6.048564428200054,6.04856442819995,1.0391687510491465e-13,1.000000000000008,1.0451938420555362e-21
1.905,9.944432493722523,6.051068849728727,6.051068849728674,5.3290705182007514e-14,1.0000000000000044,9.217088640578223e-23
1.9100000000000001,9.950118288582788,6.053416322205032,6.053416322204953,7.904787935331115e-14,1.0000000000000067,3.803381517216573e-22
1.915,9.955498736829874,6.055609631208475,6.055609631208422,5.3290705182007514e-14,1.000000000000004,6.089154352707088e-23
1.92,9.96057350657239,6.057651650310046,6.057651650309942,1.0391687510491465e-13,1.0000000000000082,9.313580563700722e-22
1.925,9.965342284774632,6.059545332446911,6.059545332446851,5.950795411990839e-14,1.0000000000000047,1.299340277066309e-22
1.93,9.969804777275899,6.061293701147399,6.061293701147175,2.2382096176443156e-13,1.0000000000000173,1.0551756081542193e-20
1.935,9.973960708808633,6.062899841622276,6.06289984162222,5.595524044110789e-14,1.0000000000000042,1.5047668698862107e-22
1.94,9.9778098230154,6.06436689174755,6.064366891747347,2.0339285811132868e-13,1.0000000000000158,1.3154161171104856e-20
1.945,9.981351882464706,6.0656980329507135,6.065698032950662,5.1514348342607263e-14,1.000000000000004,8.94709227819588e-23
1.95,9.98458666866564,6.06689648102975,6.066896481029649,1.0125233984581428e-13,1.0000000000000078,5.888064707133914e-22
1.955,9.987513982081351,6.067965476915742,6.067965476915688,5.3290705182007514e-14,1.0000000000000044,7.671003891107302e-23
1.96,9.990133642141357,6.068908277406661,6.0689082774065675,9.325873406851315e-14,1.0000000000000075,6.033171662352741e-22
1.965,9.99244548725269,6.069728145887055,6.069728145887001,5.417888360170764e-14,1.0000000000000042,5.933496642119295e-23
1.97,9.99444937480985,6.070428343057346,6.070428343057225,1.2079226507921703e-13,1.0000000000000098,1.1679354877674589e-21
1.975,9.996145181203616,6.071012117689667,6.071012117689607,6.039613253960852e-14,1.0000000000000049,1.0146130608215061e-22
1.98,9.997532801828658,6.071482697433405,6.071482697433185,2.2026824808563106e-13,1.000000000000017,7.58480350313758e-21
1.985,9.998612151090002,6.071843279685925,6.0718432796858695,5.595524044110789e-14,1.0000000000000049,1.1106268327083279e-22
1.99,9.999383162408304,6.072097022554175,6.072097022553958,2.1671553440683056e-13,1.000000000000017,1.1196091144870075e-20
1.995,9.999845788223949,6.072247035918387,6.0722470359183385,4.884981308350689e-14,1.0000000000000038,6.270136601339189e-23
2.0,10.0,6.07229637262671,6.07229637262666,4.973799150320701e-14,1.000000000000004,6.232027841828364e-23
