beta,j,n,multiplicity_full,multiplicity_class,ratio,dimensionless_energy,log10_beta
0.01,0.5,2,4,1,0.0024999895833984383,5.991468713757287,-2.0
0.01,1.0,3,9,1,4.1666406251736125e-06,12.388400452301992,-2.0
0.01,1.5,4,16,1,5.208294271104598e-09,19.073013429968096,-2.0
0.01,2.0,5,25,1,5.208289930865574e-12,25.980769542282726,-2.0
0.011437558630495382,0.5,2,4,1,0.002859374071963193,5.857152534059761,-1.9416666666666667
0.011437558630495382,1.0,3,9,1,5.450694910631564e-06,12.119767450879488,-1.9416666666666667
0.011437558630495382,1.5,4,16,1,7.792817584189783e-09,18.67006335000815,-1.9416666666666667
0.011437558630495382,2.0,5,25,1,8.913071085034502e-12,25.443502255378753,-1.9416666666666667
0.013081774742601943,0.5,2,4,1,0.00327042036588805,5.722836750075766,-1.8833333333333333
0.013081774742601943,1.0,3,9,1,7.130458334758673e-06,11.851135043029258,-1.8833333333333333
0.013081774742601943,1.5,4,16,1,1.1659856276085668e-08,18.267113982336255,-1.8833333333333333
0.013081774742601943,2.0,5,25,1,1.5253139580900873e-11,24.90623575990687,-1.8833333333333333
0.014962356560944336,0.5,2,4,1,0.0037405542484910425,5.588521483751758,-1.825
0.014962356560944336,1.0,3,9,1,9.327874228473925e-06,11.582503411672388,-1.825
0.014962356560944336,1.5,4,16,1,1.7445823699932027e-08,17.864165546458644,-1.825
0.014962356560944336,2.0,5,25,1,2.610301477203143e-11,24.368970299763543,-1.825
0.01711328304161781,0.5,2,4,1,0.004278268554356534,5.4542068946128195,-1.7666666666666666
0.01711328304161781,1.0,3,9,1,1.2202462331992427e-05,11.313872796098915,-1.7666666666666666
0.01711328304161781,1.5,4,16,1,2.6102928403992224e-08,17.461218329524968,-1.7666666666666666
0.01711328304161781,2.0,5,25,1,4.467057117926255e-11,23.831706194005065,-1.7666666666666666
0.019573417814876606,0.5,2,4,1,0.0048932763416093955,5.319893191341771,-1.7083333333333333
0.019573417814876606,1.0,3,9,1,1.596289631019204e-05,11.04524350933718,-1.7083333333333333
0.019573417814876606,1.5,4,16,1,3.905586783955578e-08,17.05827270717198,-1.7083333333333333
0.019573417814876606,2.0,5,25,1,7.644543787121592e-11,23.294443860007515,-1.7083333333333333
0.0223872113856834,0.5,2,4,1,0.005596685973159473,5.185580646925389,-1.65
0.0223872113856834,1.0,3,9,1,2.0882147285900386e-05,10.776615960874395,-1.65
0.0223872113856834,1.5,4,16,1,5.843626459220989e-08,16.655329170789038,-1.65
0.0223872113856834,2.0,5,25,1,1.3082195441740433e-10,22.75718384376236,-1.65
0.025605504279704754,0.5,2,4,1,0.0064012012016732974,5.051269618466202,-1.5916666666666668
0.025605504279704754,1.0,3,9,1,2.7317290998024318e-05,10.507990686376415,-1.5916666666666668
0.025605504279704754,1.5,4,16,1,8.743340988636467e-08,16.252388363183197,-1.5916666666666668
0.025605504279704754,2.0,5,25,1,2.238764319185744e-10,22.21992685950526,-1.5916666666666668
0.029286445646252372,0.5,2,4,1,0.007321349770751942,4.916960573096102,-1.5333333333333332
0.029286445646252372,1.0,3,9,1,3.5735413482451195e-05,10.239368386561702,-1.5333333333333332
0.029286445646252372,1.5,4,16,1,1.3081900304851483e-07,15.849451125230376,-1.5333333333333332
0.029286445646252372,2.0,5,25,1,3.831196239072879e-10,21.68267384155241,-1.5333333333333332
0.03349654391578276,0.5,2,4,1,0.008373744509101699,4.7826541218695295,-1.475
0.03349654391578276,1.0,3,9,1,4.674749072286885e-05,9.970749978047236,-1.475
0.03349654391578276,1.5,4,16,1,1.9573217683063947e-07,15.44651855689448,-1.475
0.03349654391578276,2.0,5,25,1,6.556290155027464e-10,21.145426012102373,-1.475
0.03831186849557289,0.5,2,4,1,0.009577381405411487,4.648351064090882,-1.4166666666666665
0.03831186849557289,1.0,3,9,1,6.115269285953304e-05,9.702136659850028,-1.4166666666666665
0.03831186849557289,1.5,4,16,1,2.9285386780513534e-07,15.043592097036218,-1.4166666666666665
0.03831186849557289,2.0,5,25,1,1.12196416381211e-09,20.608184969917385,-1.4166666666666665
0.043819424216194364,0.5,2,4,1,0.010953979705944753,4.514052445283931,-1.3583333333333334
0.043819424216194364,1.0,3,9,1,7.999631391942404e-05,9.433530000359124,-1.3583333333333334
0.043819424216194364,1.5,4,16,1,4.381635353869077e-07,14.640673627791365,-1.3583333333333334
0.043819424216194364,2.0,5,25,1,1.919976661772192e-09,20.07095280630758,-1.3583333333333334
0.05011872336272722,0.5,2,4,1,0.012528369665887502,4.379759632994089,-1.3
0.05011872336272722,1.0,3,9,1,0.0001046455062164695,9.164932051069563,-1.3
0.05011872336272722,1.5,4,16,1,6.555668137155244e-07,14.237765611071923,-1.3
0.05011872336272722,2.0,5,25,1,3.285548404897074e-09,19.533732256813117,-1.3
0.05732358369467713,0.5,2,4,1,0.014328934192085339,4.24547441589655,-1.2416666666666667
0.05732358369467713,1.0,3,9,1,0.00013688827233042616,8.89634549529685,-1.2416666666666667
0.05732358369467713,1.5,4,16,1,9.80825505747401e-07,13.83487126705834,-1.2416666666666667
0.05732358369467713,2.0,5,25,1,5.622289343162907e-09,18.99652689955324,-1.2416666666666667
0.06556418494179789,0.5,2,4,1,0.016388111208425083,4.111199133353666,-1.1833333333333333
0.06556418494179789,1.0,3,9,1,0.00017906282382636204,8.627773842602473,-1.1833333333333333
0.06556418494179789,1.5,4,16,1,1.467434664941665e-06,13.431994807569733,-1.1833333333333333
0.06556418494179789,2.0,5,25,1,9.620771147986293e-09,18.459341414568176,-1.1833333333333333
0.07498942093324558,0.5,2,4,1,0.018742964104685195,3.976936844738895,-1.125
0.07498942093324558,1.0,3,9,1,0.00023422656537640127,8.359221682932784,-1.125
0.07498942093324558,1.5,4,16,1,2.19540999910507e-06,13.029141741132614,-1.125
0.07498942093324558,2.0,5,25,1,1.646248101910004e-08,17.922181922855653,-1.125
0.08576958985908942,0.5,2,4,1,0.021435828012820478,3.8426915506686914,-1.0666666666666667
0.08576958985908942,1.0,3,9,1,0.0003063767455420657,8.090695018728505,-1.0666666666666667
0.08576958985908942,1.5,4,16,1,3.284423974319014e-06,12.626319271686764,-1.0666666666666667
0.08576958985908942,2.0,5,25,1,2.8168642958678607e-08,17.385056429499343,-1.0666666666666667
0.09809947127268774,0.5,2,4,1,0.024515039761746297,3.7084684819448572,-1.0083333333333333
0.09809947127268774,1.0,3,9,1,0.0004007384055440638,7.822201698785689,-1.0083333333333333
0.09809947127268774,1.5,4,16,1,4.913437204038943e-06,12.223536819516848,-1.0083333333333333
0.09809947127268774,2.0,5,25,1,4.819669422958972e-08,16.847975402690224,-1.0083333333333333
0.11220184543019636,0.5,2,4,1,0.0280357589924241,3.5742744767419685,-0.95
0.11220184543019636,1.0,3,9,1,0.0005241398684167235,7.553751984801831,-0.95
0.11220184543019636,1.5,4,16,1,7.350026041988876e-06,11.820806701618068,-0.95
0.11220184543019636,2.0,5,25,1,8.245999831968403e-08,16.310952530045004,-0.95
0.12833151855576513,0.5,2,4,1,0.03206088676406847,3.440118472667699,-0.8916666666666666
0.12833151855576513,1.0,3,9,1,0.0006855018975955682,7.2853592907738065,-0.8916666666666666
0.12833151855576513,1.5,4,16,1,1.0994174461649114e-05,11.418145019846081,-0.8916666666666666
0.12833151855576513,2.0,5,25,1,1.4107055155812377e-07,15.774005706048944,-0.8916666666666666
0.14677992676220697,0.5,2,4,1,0.03666208558959697,3.306012148128828,-0.8333333333333333
0.14677992676220697,1.0,3,9,1,0.0008964741073368277,7.017041147280597,-0.8333333333333333
0.14677992676220697,1.5,4,16,1,1.64436229332323e-05,11.01557281954716,-0.8333333333333333
0.14677992676220697,2.0,5,25,1,2.4131605756546684e-07,15.237158320464589,-0.8333333333333333
0.16788040181225605,0.5,2,4,1,0.04192090051857727,3.171970757363792,-0.7749999999999999
0.16788040181225605,1.0,3,9,1,0.0011722615375149056,6.748820457846462,-0.7749999999999999
0.16788040181225605,1.5,4,16,1,2.459130581273976e-05,10.613117599740669,-0.7749999999999999
0.16788040181225605,2.0,5,25,1,4.127429073871112e-07,14.700440938092457,-0.7749999999999999
0.19201419386388022,0.5,2,4,1,0.04792997362889365,3.038014216011173,-0.7166666666666666
0.19201419386388022,1.0,3,9,1,0.0015326957991154894,6.480727133802543,-0.7166666666666666
0.19201419386388022,1.5,4,16,1,3.67704774008879e-05,10.21081527930084,-0.7166666666666666
0.19201419386388022,2.0,5,25,1,7.05828542598305e-07,14.163893486457313,-0.7166666666666666
0.21961736002054366,0.5,2,4,1,0.05479433262462253,2.9041685096350203,-0.6583333333333332
0.21961736002054366,1.0,3,9,1,0.0020036190309016184,6.212800218172149,-0.6583333333333332
0.21961736002054366,1.5,4,16,1,5.4970561964223674e-05,9.808712753036382,-0.6583333333333332
0.21961736002054366,2.0,5,25,1,1.206764072381737e-06,13.627568101084337,-0.6583333333333332
0.25118864315095796,0.5,2,4,1,0.06263271606164394,2.770467516601734,-0.6000000000000001
0.25118864315095796,1.0,3,9,1,0.002618664984733351,5.945090638884432,-0.6000000000000001
0.25118864315095796,1.5,4,16,1,8.21575996612875e-05,9.406871208188381,-0.6000000000000001
0.25118864315095796,2.0,5,25,1,2.062621483580405e-06,13.091532819342286,-0.6000000000000001
0.2872984833353664,0.5,2,4,1,0.0715788700773829,2.636955359220331,-0.5416666666666667
0.2872984833353664,1.0,3,9,1,0.0034215392104506846,5.6776647676196506,-0.5416666666666667
0.2872984833353664,1.5,4,16,1,0.00012274881850341551,9.005370416562725,-0.5416666666666667
0.2872984833353664,2.0,5,25,1,3.524132100833743e-06,12.555876364544758,-0.5416666666666667
0.3285993247600654,0.5,2,4,1,0.0817827103471984,2.5036894226628292,-0.4833333333333334
0.3285993247600654,1.0,3,9,1,0.00446891779934126,5.410609002723982,-0.4833333333333334
0.3285993247600654,1.5,4,16,1,0.00018331322236844047,8.604314270595076,-0.4833333333333334
0.3285993247600654,2.0,5,25,1,6.018248289759902e-06,12.020714322754412,-0.4833333333333334
0.37583740428844414,0.5,2,4,1,0.09341118302742873,2.3707442082870025,-0.42500000000000004
0.37583740428844414,1.0,3,9,1,0.005834097813868688,5.144035641501517,-0.42500000000000004
0.37583740428844414,1.5,4,16,1,0.00027360149936151655,8.203837892108393,-0.42500000000000004
0.37583740428844414,2.0,5,25,1,1.027088787097118e-05,11.486197084891003,-0.42500000000000004
0.42986623470822766,0.5,2,4,1,0.10664857315178192,2.2382162129467553,-0.3666666666666667
0.42986623470822766,1.0,3,9,1,0.007611535489222096,4.8780903548965675,-0.3666666666666667
0.42986623470822766,1.5,4,16,1,0.00040805168739983073,7.804116706780448,-0.3666666666666667
0.42986623470822766,2.0,5,25,1,1.7513824751581693e-05,10.952520003104683,-0.3666666666666667
0.4916620262745643,0.5,2,4,1,0.12169589116876081,2.1062300415244146,-0.30833333333333335
0.4916620262745643,1.0,3,9,1,0.009922388427038471,4.61296161781084,-0.30833333333333335
0.4916620262745643,1.5,4,16,1,0.0006079743057562498,7.405377937160424,-0.30833333333333335
0.4916620262745643,2.0,5,25,1,2.9831780140012727e-05,10.419936285052808,-0.30833333333333335
0.5623413251903491,0.5,2,4,1,0.13876881203067695,1.9749459533429523,-0.25
0.5623413251903491,1.0,3,9,1,0.012921115241142856,4.348892465379044,-0.25
0.5623413251903491,1.5,4,16,1,0.0009046929022902483,7.007915006337236,-0.25
0.5623413251903491,2.0,5,25,1,5.0741156734031306e-05,9.888773206772123,-0.25
0.6431811877215088,0.5,2,4,1,0.15809344565331318,1.8445689925943656,-0.19166666666666665
0.6431811877215088,1.0,3,9,1,0.01680304914784832,4.08619491214576,-0.19166666666666665
0.6431811877215088,1.5,4,16,1,0.0013439996002622208,6.612105334305166,-0.19166666666666665
0.6431811877215088,2.0,5,25,1,8.614727422999124e-05,9.359452235305264,-0.19166666666666665
0.7356422544596414,0.5,2,4,1,0.17989899504528384,1.7153597242264451,-0.1333333333333333
0.7356422544596414,1.0,3,9,1,0.021812605490277328,3.8252672428007064,-0.1333333333333333
0.7356422544596414,1.5,4,16,1,0.001992366995760811,6.218431901969197,-0.1333333333333333
0.7356422544596414,2.0,5,25,1,0.00014591102097408904,8.832513567426215,-0.1333333333333333
0.8413951416451951,0.5,2,4,1,0.2044061485953126,1.587646339914643,-0.07499999999999997
0.8413951416451951,1.0,3,9,1,0.028251348370595578,3.5666140925961374,-0.07499999999999997
0.8413951416451951,1.5,4,16,1,0.0029454057960004157,5.827508679859789,-0.07499999999999997
0.8413951416451951,2.0,5,25,1,0.00024637757657637355,8.308645334600367,-0.07499999999999997
0.9623506263980888,0.5,2,4,1,0.23180994434929922,1.4618374484388832,-0.016666666666666587
0.9623506263980888,1.0,3,9,1,0.036484466303415355,3.3108686897072177,-0.016666666666666587
0.9623506263980888,1.5,4,16,1,0.004339008272889869,5.440109465532601,-0.016666666666666587
0.9623506263980888,2.0,5,25,1,0.0004143841203339631,7.788717187410643,-0.016666666666666587
1.1006941712522091,0.5,2,4,1,0.26225600066243226,1.3384341505092334,0.0416666666666665
1.1006941712522091,1.0,3,9,1,0.04694325631223917,3.058815719166497,0.0416666666666665
1.1006941712522091,1.5,4,16,1,0.0063633601544843535,5.057198714968458,0.0416666666666665
1.1006941712522091,2.0,5,25,1,0.0006934599878337907,7.2738170158597475,0.0416666666666665
1.2589254117941675,0.5,2,4,1,0.29580968841836164,1.2180389759681105,0.1000000000000001
1.2589254117941675,1.0,3,9,1,0.06012004953721271,2.8114118901254357,0.1000000000000001
1.2589254117941675,1.5,4,16,1,0.009279371495778472,4.679961461225597,0.1000000000000001
1.2589254117941675,2.0,5,25,1,0.0011531153004724567,6.765288042285159,0.1000000000000001
1.4399033208816328,0.5,2,4,1,0.33241935740726863,1.1013579824158606,0.15833333333333324
1.4399033208816328,1.0,3,9,1,0.07655089730959774,2.5697994350712765,0.15833333333333324
1.4399033208816328,1.5,4,16,1,0.013435869282274013,4.309827336196206,0.15833333333333324
1.4399033208816328,2.0,5,25,1,0.0019021672876548034,6.264761365175204,0.15833333333333324
1.6468978654828688,0.5,2,4,1,0.3718774035589889,0.9891910393512273,0.21666666666666676
1.6468978654828688,1.0,3,9,1,0.09678089612447285,2.3353056582625102,0.21666666666666676
1.6468978654828688,1.5,4,16,1,0.01928396779266029,3.948481212598822,0.21666666666666676
1.6468978654828688,2.0,5,25,1,0.0031067554417718193,5.7741763636834,0.21666666666666676
1.8836490894898001,0.5,2,4,1,0.41378669812352853,0.882404659853089,0.2749999999999999
1.8836490894898001,1.0,3,9,1,0.12130831494605906,2.109419916774234,0.2749999999999999
1.8836490894898001,1.5,4,16,1,0.027382513959110868,3.5978506459843107,0.2749999999999999
1.8836490894898001,2.0,5,25,1,0.005012709307420281,5.295778730129925,0.2749999999999999
2.1544346900318843,0.5,2,4,1,0.4575437769561098,0.7818827115085429,0.3333333333333334
2.1544346900318843,1.0,3,9,1,0.1505079655966022,1.8937392686416459,0.3333333333333334
2.1544346900318843,1.5,4,16,1,0.03838612146633087,3.2600593048640922,0.3333333333333334
2.1544346900318843,2.0,5,25,1,0.007969891385541945,4.832084414184801,0.3333333333333334
2.464147308281281,0.5,2,4,1,0.5023520364384645,0.6884541372580741,0.39166666666666655
2.464147308281281,1.0,3,9,1,0.18454219883656173,1.689877121672618,0.39166666666666655
2.464147308281281,1.5,4,16,1,0.053006662767736974,2.937337660732371,0.39166666666666655
2.464147308281281,2.0,5,25,1,0.012452932615838566,4.385799132336336,0.39166666666666655
2.818382931264455,0.5,2,4,1,0.5472748998025683,0.6028040437466081,0.4500000000000002
2.818382931264455,1.0,3,9,1,0.22327815183434166,1.4993369671336267,0.4500000000000002
2.818382931264455,1.5,4,16,1,0.07194243303765849,2.6318890209132095,0.4500000000000002
2.818382931264455,2.0,5,25,1,0.019069043867932532,3.959688998648129,0.4500000000000002
3.2235420019524628,0.5,2,4,1,0.5913283181478521,0.5253838859646259,0.5083333333333333
3.2235420019524628,1.0,3,9,1,0.26623779955131177,1.3233653862898789,0.5083333333333333
3.2235420019524628,1.5,4,16,1,0.09577814497178441,2.345720751849878,0.5083333333333333
3.2235420019524628,2.0,5,25,1,0.028541141865393336,3.5564086584348016,0.5083333333333333
3.6869450645195774,0.5,2,4,1,0.6335959147572745,0.4563438861711503,0.5666666666666669
3.6869450645195774,1.0,3,9,1,0.3126060696108209,1.1628114446419258,0.5666666666666669
3.6869450645195774,1.5,4,16,1,0.12487219231436171,2.080464526235263,0.5666666666666669
3.6869450645195774,2.0,5,25,1,0.041656131102565816,3.1783067158592115,0.5666666666666669
4.216965034285822,0.5,2,4,1,0.6733362718322182,0.3955104131572642,0.625
4.216965034285822,1.0,3,9,1,0.36130722796353154,1.0180266355940193,0.625
4.216965034285822,1.5,4,16,1,0.15925959579728585,1.8372197301612967,0.625
4.216965034285822,2.0,5,25,1,0.059176013685141686,2.8272389934349085,0.625
4.823178482239309,0.5,2,4,1,0.7100504594582582,0.342419241812586,0.6833333333333336
4.823178482239309,1.0,3,9,1,0.41113482565663206,0.8888340753200548,0.6833333333333336
4.823178482239309,1.5,4,16,1,0.19860163727108904,1.6164542833411546,0.6833333333333336
4.823178482239309,2.0,5,25,1,0.08172277838960727,2.5044225107167923,0.6833333333333336
5.51653866759558,0.5,2,4,1,0.74349304638872,0.29639586566269005,0.7416666666666667
5.51653866759558,1.0,3,9,1,0.4608988779460318,0.7745766137432727,0.7416666666666667
5.51653866759558,1.5,4,16,1,0.24220166889503053,1.4179845573211107,0.7416666666666667
5.51653866759558,2.0,5,25,1,0.1096617222016371,2.2103549042085535,0.7416666666666667
6.30957344480193,0.5,2,4,1,0.7736335824813857,0.2566569251319769,0.7999999999999998
6.30957344480193,1.0,3,9,1,0.5095493606663791,0.674228550410647,0.7999999999999998
6.30957344480193,1.5,4,16,1,0.2890847947155513,1.2410352265849682,0.7999999999999998
6.30957344480193,2.0,5,25,1,0.14301454211542242,1.9448089607777819,0.7999999999999998
7.216611620833883,0.5,2,4,1,0.8005928297482198,0.22240278856142193,0.8583333333333334
7.216611620833883,1.0,3,9,1,0.5562500121597449,0.5865374236414718,0.8583333333333334
7.216611620833883,1.5,4,16,1,0.33811816042788034,1.084359857525704,0.8583333333333334
7.216611620833883,2.0,5,25,1,0.1814279453030441,1.7068966996763522,0.8583333333333334
8.254041852680182,0.5,2,4,1,0.8245794811550851,0.1928817424107786,0.9166666666666665
8.254041852680182,1.0,3,9,1,0.6003996607372013,0.5101597442842801,0.9166666666666665
8.254041852680182,1.5,4,16,1,0.3881390040264807,0.946391745717658,0.9166666666666665
8.254041852680182,2.0,5,25,1,0.22420674972069365,1.4951866629957598,0.9166666666666665
9.440608762859236,0.5,2,4,1,0.8458422786677084,0.1674223685913485,0.9750000000000001
9.440608762859236,1.0,3,9,1,0.6416153661635134,0.4437662729605236,0.9750000000000001
9.440608762859236,1.5,4,16,1,0.4380621986238935,0.8253943726969627,0.9750000000000001
9.440608762859236,2.0,5,25,1,0.2704001535621434,1.3078523669061541,0.9750000000000001
10.797751623277094,0.5,2,4,1,0.8646399928302486,0.14544205194253876,1.0333333333333332
10.797751623277094,1.0,3,9,1,0.6796962838203042,0.38610922202671194,1.0333333333333332
10.797751623277094,1.5,4,16,1,0.4869523180989319,0.7195890701407686,1.0333333333333332
10.797751623277094,2.0,5,25,1,0.31891575462258376,1.1428283031679638,1.0333333333333332
12.349991726875851,0.5,2,4,1,0.8812249458971829,0.12644235544739793,1.0916666666666668
12.349991726875851,1.0,3,9,1,0.7145828222768844,0.3360563719172888,1.0916666666666668
12.349991726875851,1.5,4,16,1,0.5340589697183548,0.6272490159347213,1.0916666666666668
12.349991726875851,2.0,5,25,1,0.3686334603474222,0.9979524610149936,1.0916666666666668
14.12537544622754,0.5,2,4,1,0.8958347963670654,0.10999926206172861,1.15
14.12537544622754,1.0,3,9,1,0.7463190129629254,0.2926021388689954,1.15
14.12537544622754,1.5,4,16,1,0.5788227569473651,0.5467589675350983,1.15
14.12537544622754,2.0,5,25,1,0.4184989084137321,0.871080997386398,1.15
16.155980984398745,0.5,2,4,1,0.9086888662934117,0.09575252470165213,1.2083333333333335
16.155980984398745,1.0,3,9,1,0.7750210607029309,0.25486507489747046,1.2083333333333335
16.155980984398745,1.5,4,16,1,0.6208619389958341,0.47664654222310876,1.2083333333333335
16.155980984398745,2.0,5,25,1,0.4675872059117532,0.7601694109395717,1.2083333333333335
18.478497974222908,0.5,2,4,1,0.9199869143492057,0.08339583257367858,1.2666666666666666
18.478497974222908,1.0,3,9,1,0.8008524468530793,0.22207856005242804,1.2666666666666666
18.478497974222908,1.5,4,16,1,0.6599487506509709,0.41559309750545614,1.2666666666666666
18.478497974222908,2.0,5,25,1,0.5151371245053062,0.6633221525842647,1.2666666666666666
21.134890398366476,0.5,2,4,1,0.9299092444706037,0.07266828418746524,1.3250000000000002
21.134890398366476,1.0,3,9,1,0.8240049081035259,0.193578792654087,1.3250000000000002
21.134890398366476,1.5,4,16,1,0.6959818686748304,0.3624316697415983,1.3250000000000002
21.134890398366476,2.0,5,25,1,0.5605611502012382,0.5788169430430601,1.3250000000000002
24.173154808041037,0.5,2,4,1,0.9386175442239697,0.06334718388944789,1.3833333333333333
24.173154808041037,1.0,3,9,1,0.8446843117205795,0.16879231702613187,1.3833333333333333
24.173154808041037,1.5,4,16,1,0.7289591065657788,0.31613764379272136,1.3833333333333333
24.173154808041037,2.0,5,25,1,0.6034384793567226,0.5051111833976416,1.3833333333333333
27.648187540101087,0.5,2,4,1,0.9462561046467588,0.05524202284123984,1.4416666666666669
27.648187540101087,1.0,3,9,1,0.86310045050522,0.14722419779487245,1.4416666666666669
27.648187540101087,1.5,4,16,1,0.7589525898857911,0.27581596745604775,1.4416666666666669
27.648187540101087,2.0,5,25,1,0.6434976027496476,0.44083697728366766,1.4416666666666669
31.622776601683793,0.5,2,4,1,0.9529532145414159,0.04818946935420646,1.5
31.622776601683793,1.0,3,9,1,0.8794598935388016,0.12844731727829595,1.5
31.622776601683793,1.5,4,16,1,0.786087432080307,0.2406872559958852,1.5
31.622776601683793,2.0,5,25,1,0.680593755506267,0.3847896919408676,1.5
36.16873614408161,0.5,2,4,1,0.9588226047609786,0.04204920060368002,1.5583333333333336
36.16873614408161,1.0,3,9,1,0.893961171223521,0.11209293738772966,1.5583333333333336
36.16873614408161,1.5,4,16,1,0.8105241680676409,0.21007411953704444,1.5583333333333336
36.16873614408161,2.0,5,25,1,0.7146849775873729,0.33591342416365977,1.5583333333333336
41.36820402388507,0.5,2,4,1,0.9639648682544918,0.03670042875508677,1.6166666666666667
41.36820402388507,1.0,3,9,1,0.9067917120406852,0.09784250017804204,1.6166666666666667
41.36820402388507,1.5,4,16,1,0.8324447696516435,0.18338840208910506,1.6166666666666667
41.36820402388507,2.0,5,25,1,0.7458091817532193,0.2932855000324016,1.6166666666666667
47.315125896148075,0.5,2,4,1,0.968468812915711,0.03203899808287602,1.6750000000000003
47.315125896148075,1.0,3,9,1,0.9181260711391613,0.08542056539527616,1.6750000000000003
47.315125896148075,1.5,4,16,1,0.8520418496032571,0.1601196341064831,1.6750000000000003
47.315125896148075,2.0,5,25,1,0.7740635822896712,0.2561012611052704,1.6750000000000003
54.116952654646376,0.5,2,4,1,0.9724127239919257,0.027974951483937995,1.7333333333333334
54.116952654646376,1.0,3,9,1,0.9281250937984264,0.07458875592880007,1.7333333333333334
54.116952654646376,1.5,4,16,1,0.8695105779984473,0.13982477965116455,1.7333333333333334
54.116952654646376,2.0,5,25,1,0.7995870981655491,0.2236598118468124,1.7333333333333334
61.89658188912603,0.5,2,4,1,0.9758655252764473,0.024430483540834387,1.7916666666666665
61.89658188912603,1.0,3,9,1,0.936935740521214,0.06514057911548107,1.7916666666666665
61.89658188912603,1.5,4,16,1,0.8850428292316614,0.12211924053314216,1.7916666666666665
61.89658188912603,2.0,5,25,1,0.8225458595656523,0.19535104158611197,1.7916666666666665
70.79457843841381,0.5,2,4,1,0.9788878361452086,0.021338212836283066,1.85
70.79457843841381,1.0,3,9,1,0.9446913671788145,0.05689700041031904,1.85
70.79457843841381,1.5,4,16,1,0.8988231146919443,0.10666902172088963,1.85
70.79457843841381,2.0,5,25,1,0.8431216555406438,0.17064401876999313,1.85
80.97171416105617,0.5,2,4,1,0.9815329263379672,0.01863971887164237,1.9083333333333332
80.97171416105617,1.0,3,9,1,0.9515123059202795,0.04970265915008125,1.9083333333333332
80.97171416105617,1.5,4,16,1,0.911025911701151,0.0931839389860065,1.9083333333333332
80.97171416105617,2.0,5,25,1,0.8615030061404495,0.14907673359429824,1.9083333333333332
92.61187281287937,0.5,2,4,1,0.9838475732696149,0.0162842991427414,1.9666666666666668
92.61187281287937,1.0,3,9,1,0.957506633074683,0.043422630458189476,1.9666666666666668
92.61187281287937,1.5,4,16,1,0.9218140604601303,0.08141174554656731,1.9666666666666668
92.61187281287937,2.0,5,25,1,0.8778784789331392,0.1302471016081829,1.9666666666666668
105.92537251772897,0.5,2,4,1,0.9858728282632736,0.014227910118419411,2.0250000000000004
105.92537251772897,1.0,3,9,1,0.9627710413537317,0.0379396510559573,2.0250000000000004
105.92537251772897,1.5,4,16,1,0.9313379598854868,0.07113306018051717,2.0250000000000004
105.92537251772897,2.0,5,25,1,0.8924318629115049,0.11380511231944548,2.0250000000000004
121.15276586285876,0.5,2,4,1,0.9876446988690241,0.01243226244112773,2.083333333333333
121.15276586285876,1.0,3,9,1,0.9673917572798296,0.03315173911763564,2.083333333333333
121.15276586285876,1.5,4,16,1,0.9397353465538708,0.06215698957895144,2.083333333333333
121.15276586285876,2.0,5,25,1,0.9053388382326408,0.09944599846808352,2.083333333333333
138.56918628031272,0.5,2,4,1,0.9891947546657369,0.01086404595130342,2.1416666666666666
138.56918628031272,1.0,3,9,1,0.9714454625528454,0.02897014910237376,2.1416666666666666
138.56918628031272,1.5,4,16,1,0.9471314869813457,0.05431734962501083,2.1416666666666666
138.56918628031272,2.0,5,25,1,0.9167648217895873,0.08690430440619001,2.1416666666666666
158.48931924611142,0.5,2,4,1,0.9905506638360552,0.009494264392872317,2.2
158.48931924611142,1.0,3,9,1,0.9750001913429163,0.025317611735164242,2.2
158.48931924611142,1.5,4,16,1,0.9536396519402108,0.047469402222390024,2.2
158.48931924611142,2.0,5,25,1,0.9268637159525793,0.07594874045661226,2.2
181.27308811847004,0.5,2,4,1,0.9917366674885219,0.008297663097751706,2.2583333333333337
181.27308811847004,1.0,3,9,1,0.9781161853029088,0.022126817125117788,2.2583333333333337
181.27308811847004,1.5,4,16,1,0.9593617729427744,0.04148703546224492,2.2583333333333337
181.27308811847004,2.0,5,25,1,0.9357773347696938,0.06637772100822632,2.2583333333333337
207.3321573485954,0.5,2,4,1,0.9927739982649176,0.0072522357399920166,2.3166666666666664
207.3321573485954,1.0,3,9,1,0.9808466952553677,0.019339105578496073,2.3166666666666664
207.3321573485954,1.5,4,16,1,0.9643892062153303,0.03626032496574051,2.3166666666666664
207.3321573485954,2.0,5,25,1,0.9436353251119949,0.058015495616923006,2.3166666666666664
237.13737056616552,0.5,2,4,1,0.9936812492741707,0.006338798527189245,2.375
237.13737056616552,1.0,3,9,1,0.9832387236663416,0.01690333616583964,2.375
237.13737056616552,1.5,4,16,1,0.96880354936583,0.0316934230775566,2.375
237.13737056616552,2.0,5,25,1,0.9505554381241998,0.050708793531778144,2.375
271.22725793320296,0.5,2,4,1,0.9944746988757358,0.005540622061778574,2.4333333333333336
271.22725793320296,1.0,3,9,1,0.9853337056687617,0.014774907704592125,2.4333333333333336
271.22725793320296,1.5,4,16,1,0.9726774714176146,0.027702730249212056,2.4333333333333336
271.22725793320296,2.0,5,25,1,0.9566440384478615,0.044323912366709746,2.4333333333333336
310.21776647995046,0.5,2,4,1,0.9951685963203555,0.004843112639433434,2.491666666666667
310.21776647995046,1.0,3,9,1,0.9871681289229489,0.01291491066846316,2.491666666666667
310.21776647995046,1.5,4,16,1,0.976075528760924,0.024215309537651726,2.491666666666667
310.21776647995046,2.0,5,25,1,0.9619967652106387,0.03874419088898764,2.491666666666667
354.8133892335753,0.5,2,4,1,0.9957754127603938,0.004233536020441741,2.55
354.8133892335753,1.0,3,9,1,0.9887740942932131,0.011289391759036831,2.55
354.8133892335753,1.5,4,16,1,0.9790549485789989,0.021167510775426227,2.55
354.8133892335753,2.0,5,25,1,0.9666992802464528,0.03386781405881549,2.55
405.8198942243799,0.5,2,4,1,0.9963060616749191,0.003700777763426264,2.6083333333333334
405.8198942243799,1.0,3,9,1,0.9901798203995973,0.009868715580191822,2.6083333333333334
405.8198942243799,1.5,4,16,1,0.9816663680400065,0.018503775768334445,2.6083333333333334
405.8198942243799,2.0,5,25,1,0.9708280560921093,0.029605905576016448,2.6083333333333334
464.1588833612782,0.5,2,4,1,0.9967700923214081,0.0032351350894692424,2.666666666666667
464.1588833612782,1.0,3,9,1,0.9914100957404662,0.008627010130520786,2.666666666666667
464.1588833612782,1.5,4,16,1,0.9839545225075415,0.01617559996180105,2.666666666666667
464.1588833612782,2.0,5,25,1,0.9744511696868339,0.025880869358896455,2.666666666666667
530.8844442309879,0.5,2,4,1,0.9971758594284811,0.0028281359806738614,2.7249999999999996
530.8844442309879,1.0,3,9,1,0.9924866824013052,0.007541684746277636,2.7249999999999996
530.8844442309879,1.5,4,16,1,0.9859588796146651,0.014140629493909384,2.7249999999999996
530.8844442309879,2.0,5,25,1,0.977629078034421,0.022624946700263836,2.7249999999999996
607.2021956909883,0.5,2,4,1,0.9975306719826875,0.0024723818360302924,2.783333333333333
607.2021956909883,1.0,3,9,1,0.9934286754622322,0.006593010747816279,2.783333333333333
607.2021956909883,1.5,4,16,1,0.9877142185919181,0.012361875513154052,2.783333333333333
607.2021956909883,2.0,5,25,1,0.9804153599557831,0.019778960421343635,2.783333333333333
694.4910713781214,0.5,2,4,1,0.9978409236359072,0.002161410529832422,2.841666666666667
694.4910713781214,1.0,3,9,1,0.9942528221613801,0.005763756415710149,2.841666666666667
694.4910713781214,1.5,4,16,1,0.9892511559933505,0.010807030161965998,2.841666666666667
694.4910713781214,2.0,5,25,1,0.9828574139637737,0.0172912212748642,2.841666666666667
794.3282347242822,0.5,2,4,1,0.9981122069667183,0.001889577160278535,2.9000000000000004
794.3282347242822,1.0,3,9,1,0.9949738047153107,0.005038869089389416,2.9000000000000004
794.3282347242822,1.5,4,16,1,0.9905966201257645,0.00944787078035329,2.9000000000000004
794.3282347242822,2.0,5,25,1,0.9849971066520005,0.015116575223498949,2.9000000000000004
908.5175756516861,0.5,2,4,1,0.9983494135667881,0.0016519501518288948,2.958333333333333
908.5175756516861,1.0,3,9,1,0.9956044904784557,0.0044051981749908455,2.958333333333333
908.5175756516861,1.5,4,16,1,0.9917742772095351,0.008259740724680524,2.958333333333333
908.5175756516861,2.0,5,25,1,0.9868713691494765,0.01321557311822442,2.958333333333333
1039.122303835169,0.5,2,4,1,0.998556821689568,0.0014442206952686293,3.0166666666666666
1039.122303835169,1.0,3,9,1,0.9961561528686119,0.0038512536976706415,3.0166666666666666
1039.122303835169,1.5,4,16,1,0.9928049127033471,0.007221096772649812,3.0166666666666666
1039.122303835169,2.0,5,25,1,0.9885127414315624,0.011553746791853156,3.0166666666666666
1188.502227437019,0.5,2,4,1,0.9987381729908216,0.0012626237832101643,3.075
1188.502227437019,1.0,3,9,1,0.9966386662138795,0.003366995759947669,3.075
1188.502227437019,1.5,4,16,1,0.993706771400453,0.006313114437300132,3.075
1188.502227437019,2.0,5,25,1,0.9899498658164695,0.01010097772520414,3.075
1359.356390878527,0.5,2,4,1,0.9988967397063176,0.001103869333314196,3.1333333333333337
1359.356390878527,1.0,3,9,1,0.9970606774017204,0.0029436508905268314,3.1333333333333337
1359.356390878527,1.5,4,16,1,0.9944958599189765,0.0055193436741745846,3.1333333333333337
1359.356390878527,2.0,5,25,1,0.9912079319901879,0.00883094628781523,3.1333333333333337
1554.7718420411727,0.5,2,4,1,0.9990353834490444,0.0009650820929045009,3.1916666666666664
1554.7718420411727,1.0,3,9,1,0.9974297569419897,0.0025735518034349482,3.1916666666666664
1554.7718420411727,1.5,4,16,1,0.995186215114612,0.004825408465126638,3.1916666666666664
1554.7718420411727,2.0,5,25,1,0.9923090765272577,0.007720651144933577,3.1916666666666664
1778.2794100389228,0.5,2,4,1,0.9991566066643615,0.0008437491918964421,3.25
1778.2794100389228,1.0,3,9,1,0.9977525317989429,0.0022499975481766383,3.25
1778.2794100389228,1.5,4,16,1,0.9957901417786985,0.004218744623521483,3.25
1778.2794100389228,2.0,5,25,1,0.9932727402154282,0.006749989794484997,3.25
2033.917501372293,0.5,2,4,1,0.9992625976545163,0.0007376743603243993,3.3083333333333336
2033.917501372293,1.0,3,9,1,0.9980348021058273,0.0019671314291555444,3.3083333333333336
2033.917501372293,1.5,4,16,1,0.9963184227759411,0.003688370908929994,3.3083333333333336
2033.917501372293,2.0,5,25,1,0.9941159866293738,0.0059013923830591895,3.3083333333333336
2326.3050671536284,0.5,2,4,1,0.9993552699721091,0.0006449379556716521,3.366666666666667
2326.3050671536284,1.0,3,9,1,0.9982816436518451,0.001719834415898573,3.366666666666667
2326.3050671536284,1.5,4,16,1,0.9967805045440994,0.0032246891818431852,3.366666666666667
2326.3050671536284,2.0,5,25,1,0.9948537853932934,0.00515950197513237,3.366666666666667
2660.7250597988086,0.5,2,4,1,0.9994362968836432,0.0005638620566913938,3.425
2660.7250597988086,1.0,3,9,1,0.9984974978257104,0.001503632062596385,3.425
2660.7250597988086,1.5,4,16,1,0.9971846606370154,0.0028193098848443353,3.425
2660.7250597988086,2.0,5,25,1,0.9954992634701099,0.004510895337416559,3.425
3043.219887107722,0.5,2,4,1,0.9995071415177397,0.0004929799769235192,3.4833333333333334
3043.219887107722,1.0,3,9,1,0.9986862505128176,0.001314613212602067,3.4833333333333334
3043.219887107722,1.5,4,16,1,0.9975381357523456,0.002464899618244923,3.4833333333333334
3043.219887107722,2.0,5,25,1,0.9960639276501724,0.003943839069545228,3.4833333333333334
3480.700588428413,0.5,2,4,1,0.9995690832365499,0.00043100963475942313,3.541666666666667
3480.700588428413,1.0,3,9,1,0.998851301273589,0.0011493589864680414,3.541666666666667
3480.700588428413,1.5,4,16,1,0.9978472724529492,0.002155047995790728,3.541666666666667
3480.700588428413,2.0,5,25,1,0.9965578612097804,0.0034480765796577463,3.541666666666667
3981.071705534969,0.5,2,4,1,0.9996232407021194,0.00037683028949661064,3.5999999999999996
3981.071705534969,1.0,3,9,1,0.9989956239780236,0.0010048807455563526,3.5999999999999996
3981.071705534969,1.5,4,16,1,0.9981176225703144,0.0018841513285270924,3.5999999999999996
3981.071705534969,2.0,5,25,1,0.9969898974874757,0.0030146419828951036,3.5999999999999996
4553.374104426249,0.5,2,4,1,0.9996705920508617,0.00032946221585433515,3.658333333333333
4553.374104426249,1.0,3,9,1,0.9991218199347345,0.0008785658912787168,3.658333333333333
4553.374104426249,1.5,4,16,1,0.9983540450722638,0.0016473109997748796,3.658333333333333
4553.374104426249,2.0,5,25,1,0.9973677728967776,0.0026356975042440226,3.658333333333333
5207.948328595465,0.5,2,4,1,0.9997119925379038,0.0002880489442103042,3.716666666666667
5207.948328595465,1.0,3,9,1,0.9992321644306272,0.0007681305060884944,3.716666666666667
5207.948328595465,1.5,4,16,1,0.9985607919866876,0.0014402446679256905,3.716666666666667
5207.948328595465,2.0,5,25,1,0.997698261666648,0.002304391404929169,3.716666666666667
5956.62143529011,0.5,2,4,1,0.9997481899679922,0.00025184174147720086,3.7750000000000004
5956.62143529011,1.0,3,9,1,0.9993286474886284,0.0006715779693824034,3.7750000000000004
5956.62143529011,1.5,4,16,1,0.9987415837986949,0.0012592086718812303,3.7750000000000004
5956.62143529011,2.0,5,25,1,0.9979872943814706,0.0020147338324047522,3.7750000000000004
6812.920690579608,0.5,2,4,1,0.9997798381901729,0.0002201860489961021,3.833333333333333
6812.920690579608,1.0,3,9,1,0.9994130095542887,0.0005871627920500584,3.833333333333333
6812.920690579608,1.5,4,16,1,0.9988996755800874,0.001100930221253229,3.833333333333333
6812.920690579608,2.0,5,25,1,0.9982400621844931,0.001761488325531974,3.833333333333333
7792.31798434194,0.5,2,4,1,0.999807508898826,0.00019250962996383562,3.8916666666666666
7792.31798434194,1.0,3,9,1,0.9994867727364783,0.0005133590097127515,3.8916666666666666
7792.31798434194,1.5,4,16,1,0.9990379149668959,0.0009625481339616888,3.8916666666666666
7792.31798434194,2.0,5,25,1,0.9984611083146984,0.0015400769953097327,3.8916666666666666
8912.509381337459,0.5,2,4,1,0.9998317019533547,0.0001683122103507338,3.95
8912.509381337459,1.0,3,9,1,0.9995512681516847,0.0004488325585801955,3.95
8912.509381337459,1.5,4,16,1,0.9991587929720223,0.0008415610411558737,3.95
8912.509381337459,2.0,5,25,1,0.9986544084680908,0.0013464976531317768,3.95
10193.734859388736,0.5,2,4,1,0.9998528544022599,0.00014715642471566955,4.008333333333334
10193.734859388736,1.0,3,9,1,0.9996076598545308,0.00039241713100105836,4.008333333333334
10193.734859388736,1.5,4,16,1,0.9992644885047888,0.0007357821164958683,4.008333333333334
10193.734859388736,2.0,5,25,1,0.9988234413106595,0.001177251377894384,4.008333333333334
11659.144011798311,0.5,2,4,1,0.9998713483741064,0.00012865990222386673,4.066666666666666
11659.144011798311,1.0,3,9,1,0.9996569657781522,0.0003430930715451531,4.066666666666666
11659.144011798311,1.5,4,16,1,0.9993569073663789,0.0006432995063857539,4.066666666666666
11659.144011798311,2.0,5,25,1,0.9989712503216109,0.0010292792045371762,4.066666666666666
13335.21432163324,0.5,2,4,1,0.9998875179775382,0.00011248834903894549,4.125
13335.21432163324,1.0,3,9,1,0.9997000760561139,0.0002999689300673539,4.125
13335.21432163324,1.5,4,16,1,0.999437716398676,0.0005624417420309312,4.125
13335.21432163324,2.0,5,25,1,0.9991004980112212,0.000899906783453273,4.125
15252.229565390198,0.5,2,4,1,0.9999016553346913,9.834950146234268e-05,4.183333333333334
15252.229565390198,1.0,3,9,1,0.9997377690517841,0.00026226533676292914,4.183333333333334
15252.229565390198,1.5,4,16,1,0.9995083733827909,0.0004917475051973063,4.183333333333334
15252.229565390198,2.0,5,25,1,0.9992135134370373,0.0007867960057785615,4.183333333333334
17444.826989992558,0.5,2,4,1,0.9999140158567761,8.598784007227417e-05,4.241666666666667
17444.826989992558,1.0,3,9,1,0.9997707253808983,0.00022930090654530385,4.241666666666667
17444.826989992558,1.5,4,16,1,0.9995701532116649,0.00042993919894840425,4.241666666666667
17444.826989992558,2.0,5,25,1,0.9993123338342075,0.0006879027166218612,4.241666666666667
19952.62314968879,0.5,2,4,1,0.9999248228569606,7.517996898244504e-05,4.3
19952.62314968879,1.0,3,9,1,0.9997995401776788,0.00020047991707688545,4.3
19952.62314968879,1.5,4,16,1,0.9996241707975265,0.0003758998439681714,4.3
19952.62314968879,2.0,5,25,1,0.9993987410794155,0.0006014397492161336,4.3
22820.929710674507,0.5,2,4,1,0.9999342715837607,6.57305764463171e-05,4.358333333333333
22820.929710674507,1.0,3,9,1,0.9998247338238607,0.00017528153705038464,4.358333333333333
22820.929710674507,1.5,4,16,1,0.9996714011188411,0.0003286528816012114,4.358333333333333
22820.929710674507,2.0,5,25,1,0.9994742936222414,0.0005258446098048601,4.358333333333333
26101.572156825387,0.5,2,4,1,0.9999425327477025,5.7468903603301564e-05,4.416666666666667
26101.572156825387,1.0,3,9,1,0.999846761332729,0.00015325040951518225,4.416666666666667
26101.572156825387,1.5,4,16,1,0.999712696761887,0.00028734451759498063,4.416666666666667
26101.572156825387,2.0,5,25,1,0.9995403544417555,0.0004597512276456762,4.416666666666667
29853.826189179632,0.5,2,4,1,0.9999497556048973,5.0245657394607254e-05,4.4750000000000005
29853.826189179632,1.0,3,9,1,0.9998660205563913,0.00013398841965611263,4.4750000000000005
29853.826189179632,1.5,4,16,1,0.9997488032684925,0.0002512282866909736,4.4750000000000005
29853.826189179632,2.0,5,25,1,0.9995981155188437,0.00040196525836719423,4.4750000000000005
34145.488738336004,0.5,2,4,1,0.999956070653176,4.393031174597177e-05,4.533333333333333
34145.488738336004,1.0,3,9,1,0.9998828593635528,0.0001171474979473875,4.533333333333333
34145.488738336004,1.5,4,16,1,0.9997803725630957,0.00021965155854172469,4.533333333333333
34145.488738336004,2.0,5,25,1,0.9996486192552386,0.0003514424934405587,4.533333333333333
39054.10294116381,0.5,2,4,1,0.9999615919894524,3.840874815407645e-05,4.591666666666667
39054.10294116381,1.0,3,9,1,0.999897581916707,0.00010242332838305596,4.591666666666667
39054.10294116381,1.5,4,16,1,0.9998079746985742,0.00019204374064457595,4.591666666666667
39054.10294116381,2.0,5,25,1,0.9996927772177067,0.0003072699848803714,4.591666666666667
44668.359215096345,0.5,2,4,1,0.9999664193708709,3.3581192971008844e-05,4.65
44668.359215096345,1.0,3,9,1,0.9999104541615639,8.954984790406903e-05,4.65
44668.359215096345,1.5,4,16,1,0.9998321081306466,0.0001679059647709884,4.65
44668.359215096345,2.0,5,25,1,0.9997313865395246,0.00026864954353266867,4.65
51089.69774506924,0.5,2,4,1,0.99997064001695,2.936041406272005e-05,4.708333333333333
51089.69774506924,1.0,3,9,1,0.9999217086274413,7.829443748814e-05,4.708333333333333
51089.69774506924,1.5,4,16,1,0.9998532087046392,0.0001468020702574213,4.708333333333333
51089.69774506924,2.0,5,25,1,0.9997651442705813,0.0002348833123443029,4.708333333333333
58434.14133735175,0.5,2,4,1,0.9999743301852637,2.567014421161707e-05,4.766666666666667
58434.14133735175,1.0,3,9,1,0.9999315486250128,6.845371788951888e-05,4.766666666666667
58434.14133735175,1.5,4,16,1,0.9998716575155805,0.0001283507210209063,4.766666666666667
58434.14133735175,2.0,5,25,1,0.99979465993157,0.00020536115358830157,4.766666666666667
66834.39175686149,0.5,2,4,1,0.9999775565491118,2.2443702746211034e-05,4.825
66834.39175686149,1.0,3,9,1,0.9999401519169839,5.984987398404552e-05,4.825
66834.39175686149,1.5,4,16,1,0.9998877877825564,0.00011221851370550697,4.825
66834.39175686149,2.0,5,25,1,0.99982046649617,0.00017954962189872591,4.825
76442.22742526009,0.5,2,4,1,0.9999803774020617,1.9622790464000394e-05,4.883333333333334
76442.22742526009,1.0,3,9,1,0.9999476739278231,5.23274412335402e-05,4.883333333333334
76442.22742526009,1.5,4,16,1,0.9999018908607136,9.811395230283755e-05,4.883333333333334
76442.22742526009,2.0,5,25,1,0.9998430299974157,0.00015698232366453268,4.883333333333334
87431.24580220731,0.5,2,4,1,0.9999828437111113,1.7156436059460882e-05,4.941666666666666
87431.24580220731,1.0,3,9,1,0.9999542505503822,4.575049615576059e-05,4.941666666666666
87431.24580220731,1.5,4,16,1,0.9999142214989005,8.578218028549969e-05,4.941666666666666
87431.24580220731,2.0,5,25,1,0.9998627579301114,0.00013725148844326377,4.941666666666666
100000.0,0.5,2,4,1,0.9999850000375005,1.5000075000102553e-05,5.0
100000.0,1.0,3,9,1,0.9999600005999986,4.00001999987669e-05,5.0
100000.0,1.5,4,16,1,0.9999250024374644,7.500037499340709e-05,5.0
100000.0,2.0,5,25,1,0.9998800065998036,0.00012000059998041862,5.0
