steps,t,energy,integrated_work,norm_defect,work_defect
80,0.025,0.0001927409381221329,0.00019274093884690465,2.220446049250313e-16,-7.247717508616913e-13
80,0.05,0.0007706665147349843,0.0007706665281726439,2.220446049250313e-16,-1.3437659622181353e-11
80,0.07500000000000001,0.0017328852948859529,0.0017328853644520237,0.0,-6.956607078584254e-11
80,0.1,0.003077912484390346,0.0030779127052548124,-1.1102230246251565e-16,-2.2086446647279212e-10
80,0.125,0.004803671336530398,0.004803671875017385,2.220446049250313e-16,-5.384869867716691e-10
80,0.15,0.006907495142418354,0.006907496254126742,2.220446049250313e-16,-1.1117083885403556e-09
80,0.17500000000000002,0.009386129825535395,0.009386131871846995,-4.440892098500626e-16,-2.0463115993352154e-09
80,0.2,0.012235737166149204,0.012235740628815014,0.0,-3.4626658103331653e-09
80,0.225,0.01545189868601659,0.015451904179540009,2.220446049250313e-16,-5.493523419150548e-09
80,0.25,0.019029620227899332,0.019029628509467034,4.440892098500626e-16,-8.281567702439485e-09
80,0.275,0.02296333726787299,0.022963349244621113,6.661338147750939e-16,-1.197674812103422e-08
80,0.30000000000000004,0.027246921001118467,0.027246937734560432,4.440892098500626e-16,-1.673344196539972e-08
80,0.32500000000000007,0.03187368524378411,0.031873707951268815,8.881784197001252e-16,-2.2707484705064562e-08
80,0.35000000000000003,0.036836394194541176,0.03683642424765496,8.881784197001252e-16,-3.005311378229125e-08
80,0.37500000000000006,0.04212727109958779,0.04212731001945826,8.881784197001252e-16,-3.8919870472275964e-08
80,0.4,0.04773800786405198,0.04773805731355953,4.440892098500626e-16,-4.9449507551202476e-08
80,0.42500000000000004,0.053659775650996576,0.05365983742394554,4.440892098500626e-16,-6.177294896436702e-08
80,0.45000000000000007,0.05988323650652979,0.05988331251387821,6.661338147750939e-16,-7.600734842211354e-08
80,0.47500000000000003,0.06639855604589419,0.06639864829918575,2.220446049250313e-16,-9.225329156148376e-08
80,0.5,0.07319541723086517,0.07319552782305128,2.220446049250313e-16,-1.1059218610331989e-07
80,0.525,0.08026303526338423,0.08026316634726528,2.220446049250313e-16,-1.310838810553161e-07
80,0.55,0.08759017361413199,0.0875903273786853,-1.1102230246251565e-16,-1.5376455331228556e-07
80,0.5750000000000001,0.09516516119777872,0.09516533984267568,-2.220446049250313e-16,-1.786448969587351e-07
80,0.6000000000000001,0.10297591069901403,0.1029761164076598,-6.661338147750939e-16,-2.0570864577018622e-07
80,0.6250000000000001,0.11100993804523857,0.11101017295669535,-1.4432899320127035e-15,-2.3491145678677938e-07
80,0.65,0.11925438301310169,0.11925464919327702,-1.3322676295501878e-15,-2.6618017533175387e-07
80,0.675,0.12769603094698703,0.127696330359487,-9.992007221626409e-16,-2.9941249996001673e-07
80,0.7000000000000001,0.13632133555820602,0.13632167003526383,-1.6653345369377348e-15,-3.3447705780065284e-07
80,0.7250000000000001,0.1451164427641663,0.1451168139780623,-1.9984014443252818e-15,-3.712138960110245e-07
80,0.7500000000000001,0.15406721551726185,0.15406762495265294,-1.3322676295501878e-15,-4.0943539109106197e-07
80,0.775,0.1631592595638133,0.16315970849138287,-3.3306690738754696e-16,-4.489275695629402e-07
80,0.8,0.17237795006418474,0.17237843951601386,-6.661338147750939e-16,-4.894518291220784e-07
80,0.8250000000000001,0.1817084589963489,0.18170898974339236,-8.881784197001252e-16,-5.307470434534611e-07
80,0.8500000000000001,0.19113578325677918,0.1911363557888094,-1.2212453270876722e-15,-5.72532030201911e-07
80,0.8750000000000001,0.20064477336473818,0.20064538787309183,-7.771561172376096e-16,-6.145083536468476e-07
80,0.9,0.21022016266890994,0.2102208190323407,-1.1102230246251565e-15,-6.56363430745488e-07
80,0.925,0.21984659694899633,0.2198472947228996,-7.771561172376096e-16,-6.977739032687502e-07
80,0.9500000000000001,0.22950866429945144,0.2295094027086904,-1.2212453270876722e-15,-7.384092389761676e-07
80,0.9750000000000001,0.23919092517806562,0.23919170311357874,-1.7763568394002505e-15,-7.779355131187771e-07
80,1.0,0.24887794249867287,0.24887875851800118,-1.5543122344752192e-15,-8.160193283035522e-07
80,1.025,0.25855431164493875,0.2585551639767593,-1.4432899320127035e-15,-8.523318205666541e-07
80,1.05,0.26820469028100935,0.2682055768337111,-1.2212453270876722e-15,-8.865527017509756e-07
80,1.075,0.2778138278348135,0.2778147462091011,-2.4424906541753444e-15,-9.183742876173184e-07
80,1.0999999999999999,0.28736659453103197,0.28736754203648585,-1.6653345369377348e-15,-9.475054538743422e-07
80,1.125,0.2968480098531587,0.29684898352863565,-8.881784197001252e-16,-9.736754769673617e-07
80,1.15,0.3062432703177178,0.3062442669554176,-1.5543122344752192e-15,-9.966376998127302e-07
80,1.175,0.3155377764484851,0.315538792621459,-1.2212453270876722e-15,-1.0161729739333047e-06
80,1.2,0.32471715884448155,0.32471819093731913,-8.881784197001252e-16,-1.0320928375828764e-06
80,1.225,0.33376730324252746,0.3337683474849022,-1.1102230246251565e-15,-1.0442423747369922e-06
80,1.25,0.34267437448313576,0.3426754269858558,-1.2212453270876722e-15,-1.0525027200336545e-06
80,1.275,0.3514248392974649,0.351425896090637,-9.992007221626409e-16,-1.0567931721383594e-06
80,1.3,0.3600054878428125,0.3600065449156947,-1.1102230246251565e-15,-1.0570728822267839e-06
80,1.325,0.36840345392462254,0.36840450726670687,-1.1102230246251565e-15,-1.0533420843339414e-06
80,1.35,0.3766062338540485,0.37660727949690787,-1.7763568394002505e-15,-1.0456428593541567e-06
80,1.375,0.3846017039017244,0.38460273796111916,-1.2212453270876722e-15,-1.0340593947777421e-06
80,1.4,0.39237813632025825,0.39237915503802023,-9.992007221626409e-16,-1.018717761980259e-06
80,1.425,0.39992421392016664,0.399925213705335,-1.2212453270876722e-15,-9.997851683762882e-07
80,1.45,0.40722904319609177,0.4072300206648094,-7.771561172376096e-16,-9.774687176333785e-07
80,1.475,0.4142821660123084,0.4142831180259836,-8.881784197001252e-16,-9.520136752261266e-07
80,1.5,0.4210735698684147,0.4210744935696673,-1.1102230246251565e-15,-9.23701252597553e-07
80,1.525,0.42759369677763065,0.4275945896235672,-1.5543122344752192e-15,-8.928459365731278e-07
80,1.55,0.4338334508011659,0.4338343105935546,-2.1094237467877974e-15,-8.597923886743963e-07
80,1.575,0.4397842042925081,0.4397850292044613,-1.9984014443252818e-15,-8.249119531900106e-07
80,1.6,0.44543780291512924,0.44543859151393067,-2.3314683517128287e-15,-7.885988014266765e-07
80,1.625,0.45078656950584206,0.45078732077160744,-3.1086244689504383e-15,-7.512657653752086e-07
80,1.65,0.45582330686380945,0.4558240202037184,-1.887379141862766e-15,-7.133399089753745e-07
80,1.675,0.46054129955189804,0.4605419748097843,-2.220446049250313e-15,-6.752578862734282e-07
80,1.7,0.46493431480259195,0.4649349522637248,-1.5543122344752192e-15,-6.374611328241464e-07
80,1.725,0.4689966026249455,0.46899720301591047,-3.3306690738754696e-16,-6.003909649443528e-07
80,1.75,0.4727228952120953,0.47272345969572643,-1.3322676295501878e-15,-5.644836311158308e-07
80,1.775,0.47610840575052554,0.4761089359159022,-4.440892098500626e-16,-5.301653766554004e-07
80,1.8,0.47914882673262293,0.47914932458022014,-3.3306690738754696e-16,-4.978475972028384e-07
80,1.825,0.48184032787311953,0.4818407957952325,-5.551115123125783e-16,-4.679221129455513e-07
80,1.85,0.4841795537276684,0.48417999448431265,-5.551115123125783e-16,-4.4075664423770533e-07
80,1.875,0.4861636211082394,0.4861640377987749,-2.220446049250313e-16,-4.1669053546522505e-07
80,1.9,0.4877901163851807,0.4877905124159615,-2.220446049250313e-16,-3.9603078078043197e-07
80,1.925,0.48905709275979126,0.489057471808189,-1.4432899320127035e-15,-3.7904839772506804e-07
80,1.95,0.48996306758414065,0.4899634335593389,-1.5543122344752192e-15,-3.659751982576509e-07
80,1.975,0.49050701979677763,0.49050737679777456,-2.3314683517128287e-15,-3.5700099693114495e-07
80,2.0,0.4906883875339791,0.4906887398052638,-1.887379141862766e-15,-3.5227128469816904e-07
160,0.0125,4.818987945726438e-05,4.818987946858526e-05,0.0,-1.1320879943124001e-14
160,0.025,0.00019274093900590239,0.00019274093921621327,2.220446049250313e-16,-2.1031088112341556e-13
160,0.037500000000000006,0.0004335974465130271,0.00043359744760426114,0.0,-1.0912340367257023e-12
160,0.05,0.0007706665295575031,0.0007706665330328502,2.220446049250313e-16,-3.475347071756063e-12
160,0.0625,0.0012038181971719846,0.0012038182056793797,2.220446049250313e-16,-8.507395092213765e-12
160,0.075,0.0017328853703655971,0.0017328853880158646,2.220446049250313e-16,-1.7650267532254293e-11
160,0.08750000000000001,0.00235766392150935,0.002357663954187997,6.661338147750939e-16,-3.267864711470336e-11
160,0.1,0.0030779127226909534,0.0030779127783618757,2.220446049250313e-16,-5.5670922299161374e-11
160,0.1125,0.0038933537031670415,0.003893353792166883,2.220446049250313e-16,-8.899984135085637e-11
160,0.125,0.004803671916063112,0.004803672051385097,4.440892098500626e-16,-1.3532198452070876e-10
160,0.1375,0.005808515614493302,0.0058085158120588605,1.1102230246251565e-15,-1.9756555853095437e-10
160,0.15000000000000002,0.00690749633729118,0.006907496616208513,8.881784197001252e-16,-2.789173328063277e-10
160,0.16250000000000003,0.008100189004563737,0.008100189387371805,6.661338147750939e-16,-3.828080682305446e-10
160,0.17500000000000002,0.009386132023298058,0.00938613253619499,6.661338147750939e-16,-5.128969315232323e-10
160,0.18750000000000003,0.0107648274032682,0.010764828076322983,2.220446049250313e-16,-6.730547837813239e-10
160,0.2,0.012235740883505762,0.01223574175085218,2.220446049250313e-16,-8.673464186453872e-10
160,0.21250000000000002,0.013798302069612627,0.013798303169624462,-1.1102230246251565e-16,-1.1000118350923405e-09
160,0.22500000000000003,0.015451904582207979,0.015451905957654482,2.220446049250313e-16,-1.3754465032211893e-09
160,0.23750000000000002,0.017195906216813477,0.017195907914994524,4.440892098500626e-16,-1.6981810471716763e-09
160,0.25,0.019029629115491917,0.019029631188351815,2.220446049250313e-16,-2.0728598976171853e-09
160,0.2625,0.02095235995056294,0.02095236245478236,6.661338147750939e-16,-2.504219418636433e-09
160,0.275,0.022963350120727435,0.02296335311779278,0.0,-2.9970653458999408e-09
160,0.28750000000000003,0.025061815959937624,0.025061819516187495,0.0,-3.5562498709729162e-09
160,0.30000000000000004,0.02724693895935453,0.027246943146002643,-2.220446049250313e-16,-4.186648111526026e-09
160,0.31250000000000006,0.029517866002736322,0.029517870895870536,-3.3306690738754696e-16,-4.893134213784789e-09
160,0.325,0.031873709615601306,0.031873715296158914,6.661338147750939e-16,-5.68055760763464e-09
160,0.3375,0.03431354822850955,0.03431355478222803,4.440892098500626e-16,-6.5537184776309765e-09
160,0.35000000000000003,0.03683642645480189,0.03683643397214551,6.661338147750939e-16,-7.51734362258727e-09
160,0.36250000000000004,0.03944135538313158,0.03944136395919392,0.0,-8.576062339449297e-09
160,0.37500000000000006,0.04212731288511717,0.04212732261949908,2.220446049250313e-16,-9.734381911652434e-09
160,0.3875,0.04489324393843468,0.04489325493509867,8.881784197001252e-16,-1.0996663996065692e-08
160,0.4,0.0477380609656589,0.04773807333275989,4.440892098500626e-16,-1.2367100989119084e-08
160,0.41250000000000003,0.050660644189150214,0.05066065803884262,6.661338147750939e-16,-1.3849692406808778e-08
160,0.42500000000000004,0.05365984200226794,0.05365985745049046,6.661338147750939e-16,-1.544822252064204e-08
160,0.43750000000000006,0.05673447135717778,0.056734488523415706,6.661338147750939e-16,-1.716623792419325e-08
160,0.45,0.05988331816950085,0.059883337176526795,1.1102230246251565e-15,-1.900702594620496e-08
160,0.4625,0.06310513774003317,0.06310515871362717,2.220446049250313e-16,-2.0973594000439633e-08
160,0.47500000000000003,0.06639865519374412,0.06639867826239323,1.1102230246251565e-15,-2.306864911594264e-08
160,0.48750000000000004,0.06976256593623693,0.06976259123081643,1.5543122344752192e-15,-2.529457950040115e-08
160,0.5,0.07319553612783392,0.07319556378126989,1.5543122344752192e-15,-2.765343597166403e-08
160,0.5125,0.07669620317541981,0.07669623332233445,1.9984014443252818e-15,-3.0146914645201583e-08
160,0.525,0.08026317624214994,0.08026320901849139,2.4424906541753444e-15,-3.277634144649433e-08
160,0.5375,0.08389503677510336,0.0838950723177605,2.220446049250313e-15,-3.554265713689997e-08
160,0.5499999999999999,0.08759033905092886,0.08759037749733235,2.220446049250313e-15,-3.8446403491376735e-08
160,0.5625,0.09134761073950115,0.0913476522272125,2.6645352591003757e-15,-4.148771134970808e-08
160,0.575,0.09516535348557296,0.09516539815186278,2.886579864025407e-15,-4.466628981958376e-08
160,0.5875,0.09904204350837587,0.09904209148979229,3.1086244689504383e-15,-4.7981416423370504e-08
160,0.6,0.10297613221908627,0.10297618365101577,2.886579864025407e-15,-5.143192949308428e-08
160,0.6125,0.10696604685604157,0.10696610187226288,2.220446049250313e-15,-5.5016221314763136e-08
160,0.625,0.11101019113755267,0.11101024986978585,2.886579864025407e-15,-5.8732233174096926e-08
160,0.6375,0.11510694593212441,0.1151070085095768,2.886579864025407e-15,-6.257745238658075e-08
160,0.65,0.11925466994585993,0.11925473649476967,3.3306690738754696e-15,-6.654890974400196e-08
160,0.6625,0.12345170042678436,0.12345177106996448,2.6645352591003757e-15,-7.064318012506288e-08
160,0.675,0.12769635388579162,0.12769642874217432,3.3306690738754696e-15,-7.485638270354755e-08
160,0.6875,0.13198692683387306,0.13198700601805854,3.552713678800501e-15,-7.918418548635842e-08
160,0.7,0.13632169653525905,0.1363217801570677,3.552713678800501e-15,-8.362180864418534e-08
160,0.7125,0.14069892177605778,0.14069900994008927,4.218847493575595e-15,-8.816403149203289e-08
160,0.725,0.145116843647945,0.14511693645314558,3.774758283725532e-15,-9.280520057997066e-08
160,0.7375,0.14957368634642088,0.1495737838856591,4.218847493575595e-15,-9.753923821409494e-08
160,0.75,0.1540676579831094,0.15406776034276443,3.552713678800501e-15,-1.0235965502980449e-07
160,0.7625,0.15859695141154898,0.15859705867111026,3.552713678800501e-15,-1.0725956128831982e-07
160,0.775,0.16315974506587821,0.16315985729756022,3.774758283725532e-15,-1.1223168200347189e-07
160,0.7875,0.16775420381179493,0.16775432108016755,3.774758283725532e-15,-1.1726837262360235e-07
160,0.8,0.17237847980913026,0.1723786021707659,4.218847493575595e-15,-1.2236163562939772e-07
160,0.8125,0.17703071338534623,0.17703084088848592,5.10702591327572e-15,-1.2750313968523663e-07
160,0.825,0.18170903391923787,0.1817091666034778,5.551115123125783e-15,-1.3268423992851552e-07
160,0.8375,0.18641156073409124,0.18641169863008938,5.995204332975845e-15,-1.3789599814795217e-07
160,0.85,0.19113640399951615,0.1911365471287225,7.105427357601002e-15,-1.4312920634806936e-07
160,0.8625,0.19588166564115303,0.19588181401556323,7.771561172376096e-15,-1.483744102026563e-07
160,0.875,0.20064544025742334,0.20064559387935715,8.215650382226158e-15,-1.5362193381274203e-07
160,0.8875,0.20542581604247132,0.20542597490437714,7.771561172376096e-15,-1.5886190582459214e-07
160,0.9,0.21022087571442502,0.21022103979871062,7.549516567451064e-15,-1.6408428560321653e-07
160,0.9125,0.21502869744808112,0.21502886672697305,7.549516567451064e-15,-1.692788919316346e-07
160,0.925,0.21984735581110582,0.21984753024653686,7.993605777301127e-15,-1.744354310440066e-07
160,0.9375,0.22467492270282408,0.2246751022463503,8.43769498715119e-15,-1.7954352621307734e-07
160,0.95,0.2295094682946585,0.229509652887406,8.215650382226158e-15,-1.845927475041531e-07
160,0.9625,0.23434906197126706,0.23434925154390893,7.993605777301127e-15,-1.8957264186214573e-07
160,0.975,0.23919177327141852,0.23919196774418316,7.771561172376096e-15,-1.9447276464190644e-07
160,0.9875,0.2440356728276409,0.244035872110351,8.215650382226158e-15,-1.992827100838479e-07
160,1.0,0.24887883330366845,0.24887903729581257,7.771561172376096e-15,-2.039921441210346e-07
160,1.0125,0.2537193303287182,0.2537195389195522,7.549516567451064e-15,-2.0859083399438205e-07
160,1.025,0.25855524342761604,0.2585554564962975,8.215650382226158e-15,-2.130686814760807e-07
160,1.0375,0.2633846569458062,0.26338487436156044,7.549516567451064e-15,-2.1741575423339654e-07
160,1.05,0.2682056609682755,0.268205882590592,7.993605777301127e-15,-2.21622316498582e-07
160,1.0625,0.27301635223143195,0.27301657791029305,7.771561172376096e-15,-2.256788610988103e-07
160,1.075,0.27781483502698917,0.27781506460312927,6.217248937900877e-15,-2.2957614009833094e-07
160,1.0875,0.28259922209691946,0.28259945540211334,5.551115123125783e-15,-2.3330519388631288e-07
160,1.1,0.2873676355185467,0.28736787237592903,5.773159728050814e-15,-2.3685738231860043e-07
160,1.1125,0.2921182075788764,0.2921184478032907,5.551115123125783e-15,-2.4022441430515684e-07
160,1.125,0.2968490816372744,0.2968493250356485,5.329070518200751e-15,-2.4339837406683884e-07
160,1.1375,0.30155841297562147,0.3015586593473717,5.551115123125783e-15,-2.4637175022323987e-07
160,1.15,0.3062443696351046,0.3062446187725662,5.773159728050814e-15,-2.491374616053754e-07
160,1.1625,0.3109051332388226,0.3109053849277055,5.773159728050814e-15,-2.516888829018349e-07
160,1.175,0.3155388997994156,0.31553915381928455,5.551115123125783e-15,-2.540198689726658e-07
160,1.1875,0.3201438805109569,0.3201441366357341,5.995204332975845e-15,-2.5612477722036786e-07
160,1.2,0.32471830252437317,0.32471856052286324,6.8833827526759706e-15,-2.57998490071909e-07
160,1.2125000000000001,0.32926040970569825,0.32926066934213394,7.327471962526033e-15,-2.59636435684385e-07
160,1.225,0.3337684633764982,0.33376872441110406,6.8833827526759706e-15,-2.6103460587512117e-07
160,1.2375,0.33824074303583834,0.33824100522541245,5.995204332975845e-15,-2.621895741072855e-07
160,1.25,0.3426755470632091,0.3426758101617192,5.10702591327572e-15,-2.6309851014483243e-07
160,1.2625,0.3470711934018571,0.34707145716105225,4.218847493575595e-15,-2.637591951515361e-07
160,1.2750000000000001,0.35142602022202185,0.3514262843920536,4.440892098500626e-15,-2.641700317385087e-07
160,1.2875,0.35573838656359885,0.35573865089366047,4.884981308350689e-15,-2.6433006161674655e-07
160,1.3,0.3600066729578364,0.3600069371968005,5.773159728050814e-15,-2.642389640983289e-07
160,1.3125,0.36422928202764976,0.3642295459247238,5.551115123125783e-15,-2.6389707402652007e-07
160,1.325,0.3684046390662651,0.368404902371641,4.6629367034256575e-15,-2.633053758915871e-07
160,1.3375000000000001,0.3725311925938696,0.37253145505938184,4.6629367034256575e-15,-2.624655122684949e-07
160,1.35,0.37660741489204874,0.37660767627183594,5.551115123125783e-15,-2.613797872030865e-07
160,1.3625,0.3806318025158234,0.3806320625669843,6.661338147750939e-15,-2.600511608830125e-07
160,1.375,0.3846028767831286,0.38460313526637807,7.105427357601002e-15,-2.584832494711975e-07
160,1.3875,0.3885191842416481,0.3885194409219684,7.105427357601002e-15,-2.566803202763701e-07
160,1.4000000000000001,0.3923792971129563,0.3923795517602393,7.105427357601002e-15,-2.54647282982301e-07
160,1.4125,0.3961818137139609,0.39618206610364326,7.549516567451064e-15,-2.5238968237584203e-07
160,1.425,0.399925358855698,0.39992560876938615,7.993605777301127e-15,-2.499136881328745e-07
160,1.4375,0.40360858421957346,0.4036088314456566,8.43769498715119e-15,-2.472260831609674e-07
160,1.45,0.4072301687111968,0.4072304130454399,8.659739592076221e-15,-2.443342430602513e-07
160,1.4625000000000001,0.410788818791976,0.41078906003810367,8.43769498715119e-15,-2.412461276857236e-07
160,1.475,0.41428326878872884,0.41428350675898784,9.103828801926284e-15,-2.3797025899829904e-07
160,1.4875,0.4177122811815727,0.41771251569727447,8.659739592076221e-15,-2.3451570174692904e-07
160,1.5,0.4210746468704194,0.421074877762458,9.103828801926284e-15,-2.3089203859960605e-07
160,1.5125,0.4243691854204249,0.4243694125297774,9.103828801926284e-15,-2.2710935249081743e-07
160,1.5250000000000001,0.42759474528681485,0.4275949684650124,8.881784197001252e-15,-2.2317819753370216e-07
160,1.5375,0.4307502040195135,0.43075042312908646,9.103828801926284e-15,-2.1910957292980981e-07
160,1.55,0.4338344684480583,0.4338346833629552,8.881784197001252e-15,-2.149148969343706e-07
160,1.5625,0.4368464748473232,0.4368466854532967,9.325873406851315e-15,-2.106059734940935e-07
160,1.575,0.4397851890845872,0.4397853952795533,9.103828801926284e-15,-2.0619496610141397e-07
160,1.5875000000000001,0.44264960674854587,0.44264980844290785,7.993605777301127e-15,-2.016943619898015e-07
160,1.6,0.4454387532608658,0.44543895037780684,8.215650382226158e-15,-1.9711694104751487e-07
160,1.6125,0.4481516839709305,0.4481518764466717,7.993605777301127e-15,-1.9247574117864374e-07
160,1.625,0.4507874842344444,0.4507876720184665,7.771561172376096e-15,-1.8778402205432698e-07
160,1.6375,0.45334526947658105,0.4533454525318123,7.549516567451064e-15,-1.8305523125095036e-07
160,1.6500000000000001,0.4558241852403971,0.45582436354336264,8.215650382226158e-15,-1.7830296555887415e-07
160,1.6625,0.4582234072212349,0.4582235807621713,7.771561172376096e-15,-1.7354093639898593e-07
160,1.675,0.4605421412878741,0.4605423100708021,7.993605777301127e-15,-1.687829280228037e-07
160,1.6875,0.46277962349118273,0.4627797875339445,7.327471962526033e-15,-1.6404276176329446e-07
160,1.7,0.4649351200610527,0.4649352793953095,7.993605777301127e-15,-1.5933425678849034e-07
160,1.7125000000000001,0.4670079273923982,0.46700808206359107,8.659739592076221e-15,-1.5467119285350606e-07
160,1.725,0.4689973720210125,0.46899752208828416,8.215650382226158e-15,-1.5006727166477773e-07
160,1.7375,0.47090281059008027,0.4709029561261539,8.43769498715119e-15,-1.4553607363687604e-07
160,1.75,0.4727236298081283,0.47272377089915335,8.43769498715119e-15,-1.4109102502990467e-07
160,1.7625,0.4744592463992266,0.47445938314458447,8.215650382226158e-15,-1.3674535787044917e-07
160,1.7750000000000001,0.47610910704622467,0.4761092395582941,8.43769498715119e-15,-1.3251206942843652e-07
160,1.7875,0.4776726883278004,0.4776728167316901,8.43769498715119e-15,-1.2840388968760053e-07
160,1.8,0.4791494966501106,0.47914962108335307,8.215650382226158e-15,-1.2443324248767595e-07
160,1.8125,0.48053906817380065,0.48053918878600876,7.993605777301127e-15,-1.206122081098826e-07
160,1.825,0.4818409687371211,0.481841085689611,8.659739592076221e-15,-1.1695248985921225e-07
160,1.8375000000000001,0.483054793775887,0.48305490724126915,8.881784197001252e-15,-1.1346538214551671e-07
160,1.85,0.4841801682410013,0.4841802784027349,8.659739592076221e-15,-1.1016173362410342e-07
160,1.8625,0.4852167465142246,0.4852168535661418,7.771561172376096e-15,-1.0705191721971374e-07
160,1.875,0.48616421232286755,0.4861643164686676,7.771561172376096e-15,-1.0414580003947904e-07
160,1.8875,0.48702227865404857,0.48702238010676385,6.8833827526759706e-15,-1.0145271528427813e-07
160,1.9000000000000001,0.4877906876691378,0.48779078665056874,6.661338147750939e-15,-9.898143094044798e-08
160,1.9125,0.4884692106189631,0.4884693073590902,7.105427357601002e-15,-9.674012713123403e-08
160,1.925,0.48905764776034166,0.4890577424967135,6.661338147750939e-15,-9.47363718584171e-08
160,1.9375,0.48955582827446004,0.489555921251555,6.8833827526759706e-15,-9.297709496758344e-08
160,1.95,0.4899636101875767,0.4899637016561476,6.661338147750939e-15,-9.146857088415672e-08
160,1.9625000000000001,0.49028088029451106,0.49028097051090735,6.661338147750939e-15,-9.021639629791522e-08
160,1.975,0.4905075540853157,0.4905076433107914,5.773159728050814e-15,-8.922547567458139e-08
160,1.9875,0.49064357567551353,0.49064366417551863,4.440892098500626e-15,-8.850000510207678e-08
160,2.0,0.4906889177402283,0.4906890057836835,5.329070518200751e-15,-8.804345519308754e-08
320,0.00625,1.2047760167584534e-05,1.2047760167759065e-05,0.0,-1.7453113878174858e-16
320,0.0125,4.818987947108201e-05,4.8189879474360135e-05,2.220446049250313e-16,-3.278125926091391e-15
320,0.018750000000000003,0.00010842287438042721,0.00010842287439748248,0.0,-1.705527266724488e-14
320,0.025,0.00019274093923794114,0.00019274093929233052,-1.1102230246251565e-16,-5.43893814534957e-14
320,0.03125,0.00030113594659710735,0.0003011359467304059,0.0,-1.3329853713883733e-13
320,0.0375,0.000433597447697217,0.00043359744797411524,4.440892098500626e-16,-2.768982417487853e-13
320,0.043750000000000004,0.000590112673074145,0.000590112673587541,0.0,-5.133959663644605e-13
320,0.05,0.0007706665333077219,0.000770666534183793,2.220446049250313e-16,-8.760711340399796e-13
320,0.05625,0.0009752416199062407,0.0009752416213094546,2.220446049250313e-16,-1.4032139165898183e-12
320,0.0625,0.0012038182063286004,0.0012038182084667234,4.440892098500626e-16,-2.1381230119743577e-12
320,0.06875,0.0014563742491450187,0.0014563742522739434,2.220446049250313e-16,-3.128924636747188e-12
320,0.07500000000000001,0.0017328853893365916,0.0017328853937653098,0.0,-4.42871824282709e-12
320,0.08125000000000002,0.0020333249537352453,0.0020333249598306234,2.220446049250313e-16,-6.095378108500471e-12
320,0.08750000000000001,0.002357663956604519,0.002357663964796049,6.661338147750939e-16,-8.191529919654439e-12
320,0.09375000000000001,0.0027058711013624496,0.0027058711121469336,4.440892098500626e-16,-1.0784483982922977e-11
320,0.1,0.003077912782447685,0.0030779127963938132,2.220446049250313e-16,-1.3946128106512301e-11
320,0.10625000000000001,0.003473753087329938,0.00347375310508283,6.661338147750939e-16,-1.7752892038369605e-11
320,0.11250000000000002,0.003893353798666226,0.003893353820951857,8.881784197001252e-16,-2.22856308060293e-11
320,0.11875000000000001,0.004336674396604102,0.0043366744242337146,4.440892098500626e-16,-2.762961213986781e-11
320,0.125,0.004803672061233746,0.004803672095107946,8.881784197001252e-16,-3.387420031975008e-11
320,0.13125,0.005294301675189616,0.005294301716302685,4.440892098500626e-16,-4.1113068678655385e-11
320,0.1375,0.005808515826404423,0.005808515875848239,6.661338147750939e-16,-4.944381536142739e-11
320,0.14375000000000002,0.006346264811016016,0.006346264869984069,8.881784197001252e-16,-5.896805266303318e-11
320,0.15000000000000002,0.0069074966364298124,0.006907496706220948,6.661338147750939e-16,-6.979113554433924e-11
320,0.15625000000000003,0.007492157024537938,0.00749215710656011,1.1102230246251565e-15,-8.202217204045237e-11
320,0.1625,0.008100189415097504,0.008100189510871306,1.1102230246251565e-15,-9.577380208347641e-11
320,0.16875,0.008731534969269584,0.00873153508043173,6.661338147750939e-16,-1.1116214546080805e-10
320,0.17500000000000002,0.009386132573321285,0.009386132701627846,8.881784197001252e-16,-1.2830656155593534e-10
320,0.18125000000000002,0.01006391884249253,0.010063918989822208,4.440892098500626e-16,-1.4732967797137508e-10
320,0.18750000000000003,0.010764828125030363,0.010764828293387423,8.881784197001252e-16,-1.683570591964889e-10
320,0.19375,0.011488792506392209,0.011488792697909454,6.661338147750939e-16,-1.9151724477139975e-10
320,0.2,0.012235741813621099,0.012235742030562553,8.881784197001252e-16,-2.1694145438400092e-10
320,0.20625000000000002,0.01300560361989456,0.01300560386465809,6.661338147750939e-16,-2.4476352888935793e-10
320,0.21250000000000002,0.013798303249249957,0.01379830352436966,2.220446049250313e-16,-2.7511970306093314e-10
320,0.21875000000000003,0.014613763781488385,0.014613764089636883,2.220446049250313e-16,-3.0814849803773026e-10
320,0.225,0.015451906057259738,0.015451906401250302,6.661338147750939e-16,-3.43990563464458e-10
320,0.23125,0.016312648683331397,0.016312649066119896,8.881784197001252e-16,-3.827884988150121e-10
320,0.23750000000000002,0.017195908038043065,0.017195908462729715,8.881784197001252e-16,-4.2468665042982856e-10
320,0.24375000000000002,0.018101598276950164,0.01810159874678117,8.881784197001252e-16,-4.698310074324752e-10
320,0.25,0.019029631338658582,0.019029631857027593,8.881784197001252e-16,-5.183690109100692e-10
320,0.25625,0.01997991695085331,0.01997991752130263,6.661338147750939e-16,-5.704493197256078e-10
320,0.2625,0.020952362636523475,0.02095236326274514,1.7763568394002505e-15,-6.262216648011965e-10
320,0.26875,0.02194687372038644,0.021946874406223213,1.1102230246251565e-15,-6.858367727902159e-10
320,0.27499999999999997,0.022963353335513994,0.02296335408495998,1.9984014443252818e-15,-7.494459844381574e-10
320,0.28125,0.024001702430162627,0.024001703247363896,1.5543122344752192e-15,-8.172012684604102e-10
320,0.2875,0.025061819774811256,0.0250618206640662,1.3322676295501878e-15,-8.892549439865061e-10
320,0.29375,0.026143601969408757,0.026143602935168188,1.5543122344752192e-15,-9.657594307599382e-10
320,0.3,0.027246943450833835,0.027246944497701053,1.3322676295501878e-15,-1.0468672179131389e-09
320,0.30625,0.028371736500570417,0.02837173763330096,1.5543122344752192e-15,-1.1327305447783598e-09
320,0.3125,0.029517871252600737,0.029517872476102026,1.9984014443252818e-15,-1.2235012898653697e-09
320,0.31875,0.03068523570151914,0.03068523702084991,1.7763568394002505e-15,-1.319330769633531e-09
320,0.325,0.0318737157108692,0.03187371713123866,2.220446049250313e-15,-1.420369460936044e-09
320,0.33125,0.03308319502170652,0.033083196548473505,1.7763568394002505e-15,-1.5267669836727116e-09
320,0.3375,0.034313555261390453,0.034313556900062145,1.7763568394002505e-15,-1.6386716913951993e-09
320,0.34375,0.03556467595260652,0.03556467770883724,2.220446049250313e-15,-1.7562307233487395e-09
320,0.35,0.036836434522623016,0.036836436402212624,1.5543122344752192e-15,-1.879589608955179e-09
320,0.35625,0.038128706312783596,0.038128708321675794,1.5543122344752192e-15,-2.0088921984240393e-09
320,0.3625,0.03944136458823878,0.03944136673251923,1.1102230246251565e-15,-2.144280454585701e-09
320,0.36875,0.04077428054791882,0.04077428283381298,1.3322676295501878e-15,-2.2858941614578576e-09
320,0.375,0.042127323334750014,0.04212732576862095,1.9984014443252818e-15,-2.433870938123306e-09
320,0.38125,0.04350036004611747,0.043500362634463385,1.5543122344752192e-15,-2.5883459126019304e-09
320,0.3875,0.0448932557445762,0.04489325849402771,1.1102230246251565e-15,-2.749451513683887e-09
320,0.39375,0.04630587346881289,0.04630587638613022,1.7763568394002505e-15,-2.9173173321517254e-09
320,0.4,0.04773807424486061,0.04773807733693069,1.3322676295501878e-15,-3.0920700791470246e-09
320,0.40625,0.049189717097569086,0.04918972037140219,1.3322676295501878e-15,-3.2738331073867144e-09
320,0.4125,0.05066065906233178,0.05066066252505823,1.9984014443252818e-15,-3.4627264458575446e-09
320,0.41875,0.0521507551970724,0.05215075885593912,2.4424906541753444e-15,-3.6588667165493582e-09
320,0.425,0.05365985859449307,0.05365986245685977,2.4424906541753444e-15,-3.8623666973047754e-09
320,0.43125,0.05518782039458542,0.05518782446792065,3.552713678800501e-15,-4.073335231613573e-09
320,0.4375,0.056734489797406515,0.05673449408928382,3.774758283725532e-15,-4.291877304940517e-09
320,0.44375,0.05829971407612226,0.05829971859421576,4.218847493575595e-15,-4.518093503491638e-09
320,0.45,0.05988333859031859,0.059883343342398684,4.884981308350689e-15,-4.75208009748096e-09
320,0.45625,0.06148520679958295,0.0614852117935119,4.440892098500626e-15,-4.993928950924875e-09
320,0.4625,0.06310516027735777,0.06310516552108472,4.6629367034256575e-15,-5.24372695265285e-09
320,0.46875,0.06474303872506598,0.06474304422662236,4.440892098500626e-15,-5.5015563771299014e-09
320,0.475,0.06639867998651161,0.06639868575400604,5.10702591327572e-15,-5.7674944264896055e-09
320,0.48125,0.06807192006255536,0.06807192610416855,5.773159728050814e-15,-6.0416131958396235e-09
320,0.4875,0.06976259312606689,0.06976259945004647,5.551115123125783e-15,-6.323979576117189e-09
320,0.49375,0.07147053153715502,0.07147053815180987,5.995204332975845e-15,-6.6146548516332615e-09
320,0.5,0.07319556585867552,0.07319557277237052,6.217248937900877e-15,-6.91369499150607e-09
320,0.50625,0.0749375248720192,0.07493753209316935,6.217248937900877e-15,-7.221150150060751e-09
320,0.5125,0.07669623559317909,0.07669624313024388,5.995204332975845e-15,-7.537064791729442e-09
320,0.51875,0.07847152328909882,0.07847153115057606,6.439293542825908e-15,-7.861477246962068e-09
320,0.525,0.08026321149430081,0.0802632196887211,5.551115123125783e-15,-8.19442029509343e-09
320,0.53125,0.08207112202779758,0.08207113056371755,5.551115123125783e-15,-8.535919970853456e-09
320,0.5375,0.0838950750102822,0.08389508389627882,5.10702591327572e-15,-8.885996619079073e-09
320,0.54375,0.08573488888160237,0.08573489812626628,4.884981308350689e-15,-9.24466390939127e-09
320,0.55,0.08759038041851466,0.08759039003044376,5.551115123125783e-15,-9.611929099873073e-09
320,0.55625,0.08946136475272012,0.08946137474051345,5.329070518200751e-15,-9.98779332850308e-09
320,0.5625,0.09134765538918219,0.09134766576143279,5.551115123125783e-15,-1.037225060007696e-08
320,0.56875,0.09324906422472319,0.09324907499001182,5.773159728050814e-15,-1.0765288632752501e-08
320,0.575,0.09516540156690255,0.09516541273379074,6.217248937900877e-15,-1.1166888191915803e-08
320,0.58125,0.09709647615317314,0.09709648773019652,5.995204332975845e-15,-1.1577023381614815e-08
320,0.5875,0.09904209517031697,0.09904210716597815,7.549516567451064e-15,-1.1995661186592343e-08
320,0.59375,0.1010020642741571,0.10100207669691923,7.993605777301127e-15,-1.2422762124542075e-08
320,0.6,0.10297618760954766,0.10297620046782695,8.215650382226158e-15,-1.2858279288541219e-08
320,0.6062500000000001,0.1049642678306372,0.10496428113279622,8.43769498715119e-15,-1.330215902706211e-08
320,0.6125,0.10696610612140682,0.10696611987574742,7.771561172376096e-15,-1.3754340597027515e-08
320,0.61875,0.1089815022164803,0.10898151643123621,8.659739592076221e-15,-1.4214755914010446e-08
320,0.625,0.11101025442220377,0.11101026910553402,8.43769498715119e-15,-1.468333024612356e-08
320,0.63125,0.11305215963799552,0.11305217479797694,8.215650382226158e-15,-1.5159981422985247e-08
320,0.6375000000000001,0.11510701337796121,0.1151070290225814,7.771561172376096e-15,-1.5644620182664326e-08
320,0.64375,0.11717460979277414,0.11717462592992428,8.215650382226158e-15,-1.6137150143924472e-08
320,0.65,0.11925474169181736,0.11925475832928539,7.993605777301127e-15,-1.663746802826882e-08
320,0.65625,0.1213472005655866,0.1213472177110497,6.8833827526759706e-15,-1.714546310482845e-08
320,0.6625,0.12345177660834926,0.1234517942693669,6.439293542825908e-15,-1.7661017634451603e-08
320,0.6687500000000001,0.12556825874105892,0.12556827692506556,6.439293542825908e-15,-1.818400663378128e-08
320,0.675,0.12769643463452057,0.12769645334881902,6.661338147750939e-15,-1.8714298444244548e-08
320,0.68125,0.12983609073280591,0.12983610998455997,6.8833827526759706e-15,-1.9251754052040937e-08
320,0.6875,0.13198701227691312,0.13198703207314072,7.327471962526033e-15,-1.9796227601620586e-08
320,0.69375,0.13414898332866942,0.13414900367623575,7.105427357601002e-15,-2.0347566326295308e-08
320,0.7000000000000001,0.1363217867948728,0.13632180770048305,7.327471962526033e-15,-2.0905610242927253e-08
320,0.70625,0.1385052044516678,0.13850522592186093,6.8833827526759706e-15,-2.147019312337406e-08
320,0.7125,0.14069901696915496,0.14069903901029626,6.8833827526759706e-15,-2.20411413009991e-08
320,0.71875,0.14290300393622565,0.1429030265545006,6.8833827526759706e-15,-2.2618274947427963e-08
320,0.725,0.14511694388562246,0.14511696708702987,5.773159728050814e-15,-2.320140740641463e-08
320,0.7312500000000001,0.14734061431921866,0.1473406381095638,5.995204332975845e-15,-2.3790345138330338e-08
320,0.7375,0.1495737917335118,0.14957381611840054,6.439293542825908e-15,-2.438488874711986e-08
320,0.74375,0.1518162516453299,0.15181627663016228,6.217248937900877e-15,-2.4984832369678855e-08
320,0.75,0.1540677686177436,0.15406779420770708,6.439293542825908e-15,-2.5589963481564837e-08
320,0.75625,0.15632811628617876,0.1563281424862425,6.8833827526759706e-15,-2.6200063729664436e-08
320,0.7625000000000001,0.15859706738472704,0.15859709419963589,7.105427357601002e-15,-2.6814908848926677e-08
320,0.76875,0.1608743937726482,0.16087442120691675,6.8833827526759706e-15,-2.743426855134068e-08
320,0.775,0.16315986646105926,0.1631598945189658,7.105427357601002e-15,-2.805790652593565e-08
320,0.78125,0.16545325563980434,0.16545328432538553,6.8833827526759706e-15,-2.868558118818143e-08
320,0.7875,0.16775433070450216,0.1677543600215473,7.327471962526033e-15,-2.931704515263256e-08
320,0.7937500000000001,0.17006286028376322,0.17006289023580903,7.327471962526033e-15,-2.995204581579536e-08
320,0.8,0.17237861226657267,0.17237864285689813,7.327471962526033e-15,-3.059032546715024e-08
320,0.80625,0.1747013538298332,0.17470138506145422,7.549516567451064e-15,-3.1231621011595934e-08
320,0.8125,0.17703085146606043,0.17703088334172523,6.8833827526759706e-15,-3.187566480211679e-08
320,0.81875,0.1793668710112276,0.17936690353341175,6.661338147750939e-15,-3.2522184140182375e-08
320,0.8250000000000001,0.1817091776727513,0.18170921084365288,7.993605777301127e-15,-3.317090158105884e-08
320,0.83125,0.18405753605761166,0.18405756987914787,7.327471962526033e-15,-3.3821536210565384e-08
320,0.8375,0.1864117102006054,0.18641174467440721,7.549516567451064e-15,-3.447380181320625e-08
320,0.84375,0.18877146359271818,0.1887714987201268,8.43769498715119e-15,-3.5127408620772016e-08
320,0.85,0.19113655920961573,0.19113659499167887,8.881784197001252e-15,-3.578206314580612e-08
320,0.8562500000000001,0.1935067595402451,0.19350679597771292,9.547918011776346e-15,-3.643746782078239e-08
320,0.8625,0.19588182661553824,0.1958818637088603,1.0436096431476471e-14,-3.70933220528169e-08
320,0.86875,0.19826152203721364,0.1982615597865356,1.0658141036401503e-14,-3.7749321946112246e-08
320,0.875,0.20064560700666775,0.20064564541182806,9.992007221626409e-15,-3.840516030195751e-08
320,0.88125,0.20303384235394906,0.20303388141447615,9.325873406851315e-15,-3.906052709057306e-08
320,0.8875000000000001,0.20542598856680885,0.2054260282819184,9.325873406851315e-15,-3.971510953437729e-08
320,0.89375,0.20782180581982065,0.20782184618841343,9.547918011776346e-15,-4.0368592774120415e-08
320,0.9,0.21022105400356245,0.2102210950242222,9.325873406851315e-15,-4.102065975786218e-08
320,0.90625,0.21262349275385406,0.21262353442484505,9.325873406851315e-15,-4.1670990991171664e-08
320,0.9125,0.2150288814810411,0.2150289238003067,9.992007221626409e-15,-4.2319265591839184e-08
320,0.9187500000000001,0.2174369793993205,0.21743702236448162,1.021405182655144e-14,-4.296516112334281e-08
320,0.925,0.21984754555609887,0.21984758916445277,1.0436096431476471e-14,-4.360835390015971e-08
320,0.93125,0.22226033886137694,0.22226038310989588,1.0436096431476471e-14,-4.424851893225501e-08
320,0.9375,0.224675118117152,0.2246751630024824,1.1546319456101628e-14,-4.488533039692655e-08
320,0.94375,0.2270916420468308,0.22709168756529322,1.1324274851176597e-14,-4.5518462415961025e-08
320,0.9500000000000001,0.229509669324648,0.22950971547223603,1.1324274851176597e-14,-4.614758802867769e-08
320,0.95625,0.23192895860507776,0.23192900537745845,1.0658141036401503e-14,-4.677238069072942e-08
320,0.9625,0.23434926855223592,0.23434931594474961,9.769962616701378e-15,-4.739251369123565e-08
320,0.96875,0.23677035786926207,0.23677040587692266,9.547918011776346e-15,-4.800766059687156e-08
320,0.975,0.23919198532767483,0.23919203394517038,1.0436096431476471e-14,-4.8617495557179424e-08
320,0.9812500000000001,0.2416139097966923,0.24161395901838653,1.0658141036401503e-14,-4.92216942205026e-08
320,0.9875,0.24403589027251232,0.24403594009244522,1.0436096431476471e-14,-4.9819932901318253e-08
320,0.99375,0.2464576859075415,0.24645773631943066,9.992007221626409e-15,-5.041188916310446e-08
320,1.0,0.24887905603956728,0.2488791070368097,9.103828801926284e-15,-5.0997242428962863e-08
320,1.00625,0.25129976022086664,0.2512998117965397,1.021405182655144e-14,-5.157567306568467e-08
320,1.0125000000000002,0.25371955824723885,0.2537196103941038,1.0436096431476471e-14,-5.2146864937263615e-08
320,1.01875,0.2561382101869624,0.2561382628974662,1.021405182655144e-14,-5.271050379507258e-08
320,1.0250000000000001,0.25855547640966325,0.2585555296759403,1.1324274851176597e-14,-5.326627705581899e-08
320,1.0312500000000002,0.2609711176150849,0.2609711714289611,1.199040866595169e-14,-5.381387618852429e-08
320,1.0375,0.26338489486176,0.2633849492147553,1.2656542480726785e-14,-5.43529953267452e-08
320,1.0437500000000002,0.26579656959556974,0.2657966244789015,1.2434497875801753e-14,-5.488333176817406e-08
320,1.05,0.26820590367818614,0.26820595908277245,1.3322676295501878e-14,-5.540458630770573e-08
320,1.0562500000000001,0.27061265941538853,0.27061271533185244,1.3100631690576847e-14,-5.591646390357141e-08
320,1.0625000000000002,0.2730165995852497,0.2730166560039227,1.354472090042691e-14,-5.6418673011204845e-08
320,1.06875,0.2754174874661795,0.27541754437710675,1.3322676295501878e-14,-5.6910927248576826e-08
320,1.0750000000000002,0.27781508686482503,0.277815144257769,1.2656542480726785e-14,-5.7392943952905284e-08
320,1.08125,0.2802091621438141,0.28020922000825943,1.2656542480726785e-14,-5.786444534638946e-08
320,1.0875000000000001,0.2825994782493379,0.2825995365744969,1.199040866595169e-14,-5.832515898029911e-08
320,1.0937500000000002,0.2849858007385672,0.28498585951338423,1.199040866595169e-14,-5.877481701332954e-08
320,1.1,0.28736789580689004,0.2873679550200481,1.1546319456101628e-14,-5.9213158043469605e-08
320,1.1062500000000002,0.2897455303149717,0.2897455899548967,1.2434497875801753e-14,-5.963992499857795e-08
320,1.1125,0.2921184718156201,0.2921185318704884,1.199040866595169e-14,-6.005486830051865e-08
320,1.1187500000000001,0.2944864885804621,0.2944865490382049,1.2434497875801753e-14,-6.045774281204785e-08
320,1.1250000000000002,0.2968493496264106,0.29684941047472163,1.2212453270876722e-14,-6.08483110564606e-08
320,1.13125,0.29920682474192783,0.29920688596826944,1.1546319456101628e-14,-6.122634160776741e-08
320,1.1375000000000002,0.3015586845130719,0.3015587461046811,1.1102230246251565e-14,-6.159160920171658e-08
320,1.14375,0.30390470034931993,0.3039047622932156,1.2434497875801753e-14,-6.194389567948377e-08
320,1.1500000000000001,0.3062446445091636,0.30624470679215493,1.2212453270876722e-14,-6.228299131993964e-08
320,1.1562500000000002,0.3085782901254743,0.3085783527341664,1.199040866595169e-14,-6.26086921196034e-08
320,1.1625,0.3109054112306227,0.31090547415142505,1.1546319456101628e-14,-6.292080234615582e-08
320,1.1687500000000002,0.3132257827813562,0.3132258460004899,1.0436096431476471e-14,-6.321913370577192e-08
320,1.175,0.31553918068342274,0.31553924418692847,9.992007221626409e-15,-6.350350573169905e-08
320,1.1812500000000001,0.31784538181593774,0.3178454455896837,9.769962616701378e-15,-6.377374595079033e-08
320,1.1875000000000002,0.32014416405548796,0.3201442280851781,1.021405182655144e-14,-6.402969016106042e-08
320,1.19375,0.3224353062999665,0.3224353705711494,1.0436096431476471e-14,-6.427118293128586e-08
320,1.2000000000000002,0.3247185884921355,0.3247186529902126,9.992007221626409e-15,-6.449807710140476e-08
320,1.2062500000000003,0.32699379164290937,0.3269938563531431,9.992007221626409e-15,-6.471023372700557e-08
320,1.2125000000000001,0.3292606978543534,0.32926076276187666,1.021405182655144e-14,-6.490752324506133e-08
320,1.2187500000000002,0.33151909034239546,0.33151915543222027,1.021405182655144e-14,-6.508982480779579e-08
320,1.225,0.33376875345924345,0.3337688187162701,1.0436096431476471e-14,-6.525702667126154e-08
320,1.2312500000000002,0.33600947271550524,0.33600953812453177,1.021405182655144e-14,-6.540902652840686e-08
320,1.2375000000000003,0.33824103480200673,0.33824110034773835,9.992007221626409e-15,-6.554573162009802e-08
320,1.2437500000000001,0.34046322761130476,0.3404632932783624,8.881784197001252e-15,-6.566705762489633e-08
320,1.2500000000000002,0.3426758402588886,0.34267590603181736,9.325873406851315e-15,-6.577292877008034e-08
320,1.25625,0.34487866310406234,0.34487872896734506,9.769962616701378e-15,-6.586328271662722e-08
320,1.2625000000000002,0.34707148777052077,0.3470715537085849,9.769962616701378e-15,-6.59380641199192e-08
320,1.2687500000000003,0.34925410716659294,0.34925417316382207,8.659739592076221e-15,-6.59972291261468e-08
320,1.2750000000000001,0.35142631550517045,0.3514263815459105,9.769962616701378e-15,-6.604074004323834e-08
320,1.2812500000000002,0.35358790832329384,0.353587974391868,1.021405182655144e-14,-6.606857416713297e-08
320,1.2875,0.35573868250142465,0.3557387485821403,9.992007221626409e-15,-6.608071562164142e-08
320,1.2937500000000002,0.3578784362823708,0.3578785023595309,9.547918011776346e-15,-6.60771600768939e-08
320,1.3000000000000003,0.3600069692898834,0.36000703534779477,1.0436096431476471e-14,-6.605791136315986e-08
320,1.3062500000000001,0.36212408254690703,0.36212414856989256,1.0658141036401503e-14,-6.602298552316199e-08
320,1.3125000000000002,0.3642295784934946,0.36422964446590345,1.0658141036401503e-14,-6.597240886918598e-08
320,1.31875,0.36632326100437684,0.3663233269105945,1.0436096431476471e-14,-6.590621765001359e-08
320,1.3250000000000002,0.368404935406186,0.3684050012306445,9.769962616701378e-15,-6.582445849501184e-08
320,1.3312500000000003,0.37047440849433466,0.3704744742215204,9.769962616701378e-15,-6.57271857495978e-08
320,1.3375000000000001,0.3725314885495372,0.37253155416400485,9.992007221626409e-15,-6.561446763697631e-08
320,1.3437500000000002,0.3745759853539925,0.37457605084037365,1.0880185641326534e-14,-6.548638115111416e-08
320,1.35,0.3766077102072085,0.37660777555022135,9.992007221626409e-15,-6.53430128338961e-08
320,1.3562500000000002,0.3786264759414733,0.3786265411259347,1.0658141036401503e-14,-6.518446138414902e-08
320,1.3625000000000003,0.38063209693697886,0.38063216194781246,1.199040866595169e-14,-6.501083360532789e-08
320,1.3687500000000001,0.3826243891365832,0.3826244539588312,1.3322676295501878e-14,-6.482224801374059e-08
320,1.3750000000000002,0.3846031700602216,0.3846032346790567,1.2878587085651816e-14,-6.461883511610367e-08
320,1.38125,0.3865682588189701,0.38656832321970047,1.354472090042691e-14,-6.440073035962612e-08
320,1.3875000000000002,0.38851947612873744,0.38851954029682134,1.3766765505351941e-14,-6.416808390197204e-08
320,1.3937500000000003,0.39045664432361815,0.39045670824467243,1.3766765505351941e-14,-6.392105428298933e-08
320,1.4000000000000001,0.39237958736888506,0.3923796510286935,1.3988810110276972e-14,-6.365980842470975e-08
320,1.4062500000000002,0.3942881308736232,0.39428819425814915,1.4432899320127035e-14,-6.338452596121869e-08
320,1.4125,0.3961821021030196,0.3961821651984137,1.4432899320127035e-14,-6.309539413162923e-08
320,1.4187500000000002,0.39806132999029137,0.39806139278290364,1.3988810110276972e-14,-6.279261227648547e-08
320,1.4250000000000003,0.39992564514827433,0.3999257076246582,1.4210854715202004e-14,-6.247638384415666e-08
320,1.4312500000000001,0.4017748798806423,0.4017749420275696,1.532107773982716e-14,-6.214692727102289e-08
320,1.4375000000000002,0.4036088681927947,0.4036089299972646,1.554312234475219e-14,-6.180446993075961e-08
320,1.44375,0.4054274458023928,0.4054275072516383,1.554312234475219e-14,-6.144924546980235e-08
320,1.4500000000000002,0.40723045014954334,0.4072305112310422,1.5987211554602254e-14,-6.10814988588615e-08
320,1.4562500000000003,0.4090177204066453,0.40901778110812864,1.687538997430238e-14,-6.070148333980896e-08
320,1.4625000000000001,0.41078909748789194,0.41078915779735325,1.6653345369377348e-14,-6.030946131385662e-08
320,1.4687500000000002,0.4125444240584346,0.4125444839641381,1.6431300764452317e-14,-5.990570350888902e-08
320,1.475,0.41428354454320926,0.4142836040336977,1.6209256159527285e-14,-5.9490488424351895e-08
320,1.4812500000000002,0.416006305135427,0.41600636419953024,1.6653345369377348e-14,-5.9064103219430564e-08
320,1.4875000000000003,0.41771255380473393,0.41771261243157765,1.687538997430238e-14,-5.8626843713049936e-08
320,1.4937500000000001,0.4194021403050421,0.41940219848405624,1.6653345369377348e-14,-5.817901416182991e-08
320,1.5000000000000002,0.42107491618203646,0.42107497390296184,1.5987211554602254e-14,-5.772092537270623e-08
320,1.50625,0.4227307347803568,0.42273079203325226,1.5765166949677223e-14,-5.725289548008661e-08
320,1.5125000000000002,0.4243694512504583,0.42436950802571083,1.532107773982716e-14,-5.677525255487481e-08
320,1.5187500000000003,0.4259909225551659,0.4259909788434939,1.5765166949677223e-14,-5.6288327998643695e-08
320,1.5250000000000001,0.4275950074759024,0.42759506326836677,1.554312234475219e-14,-5.5792464370707506e-08
320,1.5312500000000002,0.4291815666186233,0.4291816219066311,1.4876988529977098e-14,-5.5288007838605324e-08
320,1.5375,0.43075046241943804,0.43075051719474855,1.532107773982716e-14,-5.477531050956941e-08
320,1.5437500000000002,0.4323015591499303,0.4323016134046639,1.5765166949677223e-14,-5.425473359466082e-08
320,1.5500000000000003,0.43383472292218866,0.43383477664883263,1.5765166949677223e-14,-5.372664396707805e-08
320,1.5562500000000001,0.4353498216935437,0.435349874884957,1.532107773982716e-14,-5.3191413329489734e-08
320,1.5625000000000002,0.4368467252710158,0.43684677792043497,1.3988810110276972e-14,-5.264941915772425e-08
320,1.56875,0.4383253053154832,0.4383253574165268,1.3100631690576847e-14,-5.210104359054668e-08
320,1.5750000000000002,0.43978543534557085,0.4397854868922442,1.4210854715202004e-14,-5.1546673374147645e-08
320,1.5812500000000003,0.44122699074126287,0.4412270417279665,1.354472090042691e-14,-5.098670363690161e-08
320,1.5875000000000001,0.44264984874725777,0.44264989916878894,1.2656542480726785e-14,-5.0421531172517575e-08
320,1.5937500000000002,0.4440538884760542,0.44405393832760837,1.354472090042691e-14,-4.9851554162483325e-08
320,1.6,0.4454389909107691,0.4454390401879513,1.3766765505351941e-14,-4.927718216807264e-08
320,1.6062500000000002,0.44680503890772694,0.44680508760654947,1.4654943925052066e-14,-4.869882253011326e-08
320,1.6125000000000003,0.44815191719877806,0.44815196531566887,1.3988810110276972e-14,-4.81168908050833e-08
320,1.6187500000000001,0.44947951239339495,0.4494795599251966,1.3322676295501878e-14,-4.753180166128246e-08
320,1.6250000000000002,0.4507877129805194,0.4507877599244923,1.2434497875801753e-14,-4.694397293114605e-08
320,1.63125,0.45207640933018184,0.4520764556840091,1.199040866595169e-14,-4.635382727657955e-08
320,1.6375000000000002,0.4533454936949016,0.45334553945668965,1.2212453270876722e-14,-4.576178802562225e-08
320,1.6437500000000003,0.45459486021086226,0.45459490537914343,1.2434497875801753e-14,-4.51682811708487e-08
320,1.6500000000000001,0.45582440489887593,0.4558244494726111,1.1546319456101628e-14,-4.45737351473241e-08
320,1.6562500000000002,0.457034025665143,0.45703406964372123,1.2212453270876722e-14,-4.39785782235802e-08
320,1.6625,0.45822362230180436,0.45822366568504636,1.199040866595169e-14,-4.338324199881782e-08
320,1.6687500000000002,0.459393096487307,0.4593931392754632,1.2656542480726785e-14,-4.27881562403698e-08
320,1.6750000000000003,0.46054235178657016,0.460542393980324,1.3100631690576847e-14,-4.2193753824193436e-08
320,1.6812500000000001,0.46167129365097714,0.46167133525144455,1.3100631690576847e-14,-4.1600467404201424e-08
320,1.6875000000000002,0.46277982941818707,0.46277987042691543,1.3100631690576847e-14,-4.1008728357549984e-08
320,1.69375,0.4638678683117741,0.46386790873074213,1.3766765505351941e-14,-4.041896800588418e-08
320,1.7000000000000002,0.4649353214407026,0.46493536127232055,1.3766765505351941e-14,-3.983161794840484e-08
320,1.7062500000000003,0.46598210179864535,0.465982141045754,1.3988810110276972e-14,-3.924710861857861e-08
320,1.7125000000000001,0.4670081242631488,0.46700816292901787,1.4654943925052066e-14,-3.866586906209335e-08
320,1.7187500000000002,0.46801330559465215,0.4680133436829784,1.532107773982716e-14,-3.808832627072434e-08
320,1.725,0.46899756443536517,0.4689976019502714,1.532107773982716e-14,-3.751490623704612e-08
320,1.7312500000000002,0.4699608213080149,0.4699608582540472,1.509903313490213e-14,-3.6946032289097985e-08
320,1.7375000000000003,0.47090299861446366,0.47090303499658887,1.532107773982716e-14,-3.638212520140627e-08
320,1.7437500000000001,0.4718240206342049,0.4718240564578084,1.4210854715202004e-14,-3.58236034725401e-08
320,1.7500000000000002,0.47272381352274656,0.4727238487936285,1.4432899320127035e-14,-3.527088193733263e-08
320,1.75625,0.47360230530988306,0.47360234003425544,1.509903313490213e-14,-3.47243723775037e-08
320,1.7625000000000002,0.4744594258978661,0.474459460082349,1.6653345369377348e-14,-3.418448291103715e-08
320,1.7687500000000003,0.4752951070594772,0.47529514071109635,1.6209256159527285e-14,-3.3651619157915036e-08
320,1.7750000000000001,0.47610928243601536,0.4761093155621949,1.709743457922741e-14,-3.312617952166974e-08
320,1.7812500000000002,0.4769018875351901,0.47690192014375127,1.6653345369377348e-14,-3.2608561184588325e-08
320,1.7875,0.4776728597289478,0.47767289182810163,1.687538997430238e-14,-3.209915383495243e-08
320,1.7937500000000002,0.4784221382512163,0.47842216984955954,1.7985612998927536e-14,-3.159834321975197e-08
320,1.8000000000000003,0.4791496641955867,0.4791496953020973,1.84297022087776e-14,-3.110651058957359e-08
320,1.8062500000000001,0.4798553805129358,0.4798554111369665,1.84297022087776e-14,-3.0624030700199256e-08
320,1.8125000000000002,0.4805392320089924,0.4805392621602641,1.84297022087776e-14,-3.015127170158394e-08
320,1.81875,0.481201165341852,0.4812011950304484,1.9095836023552692e-14,-2.968859641461208e-08
320,1.8250000000000002,0.4818411290194505,0.48184115825581203,1.9317880628477724e-14,-2.9236361553941492e-08
320,1.8312500000000003,0.482459073397001,0.4824591021919168,2.020605904817785e-14,-2.8794915785113062e-08
320,1.8375000000000001,0.4830549506743924,0.48305497903899575,1.9761969838327786e-14,-2.8364603332775573e-08
320,1.8437500000000002,0.4836287148935695,0.48362874283932816,1.9984014443252818e-14,-2.7945758651615193e-08
320,1.85,0.484180321935882,0.4841803494745925,1.9539925233402755e-14,-2.7538710478669515e-08
320,1.8562500000000002,0.48470972951942465,0.48470975666320254,2.020605904817785e-14,-2.7143777892035814e-08
320,1.8625000000000003,0.4852168971963579,0.4852169239576321,2.020605904817785e-14,-2.676127419665164e-08
320,1.8687500000000001,0.4857017863502287,0.48570181274173296,2.020605904817785e-14,-2.6391504259759557e-08
320,1.8750000000000002,0.48616436019328746,0.48616438622805075,2.020605904817785e-14,-2.603476328966181e-08
320,1.88125,0.4866045837638054,0.4866046094551443,2.042810365310288e-14,-2.569133888963293e-08
320,1.8875000000000002,0.487022423923402,0.487022449284912,2.020605904817785e-14,-2.5361510003207854e-08
320,1.8937500000000003,0.4874178493543854,0.48741787439993095,2.0650148258027912e-14,-2.5045545526403146e-08
320,1.9000000000000001,0.4877908305571059,0.4877908553008119,2.1094237467877974e-14,-2.4743705973051533e-08
320,1.9062500000000002,0.48814133984733243,0.4881413643035757,2.020605904817785e-14,-2.4456243252757304e-08
320,1.9125,0.48846935135365593,0.48846937553705416,1.9095836023552692e-14,-2.418339822840565e-08
320,1.9187500000000002,0.4887748410149178,0.4887748649403203,1.7763568394002505e-14,-2.392540249251951e-08
320,1.9250000000000003,0.48905778657767396,0.48905781026015094,1.709743457922741e-14,-2.3682476979480782e-08
320,1.9312500000000001,0.48931816759369307,0.4893181910485264,1.687538997430238e-14,-2.3454833353309112e-08
320,1.9375000000000002,0.4895559654174959,0.48955598866016986,1.5987211554602254e-14,-2.324267395215074e-08
320,1.94375,0.4897711632039423,0.48977118625013044,1.6209256159527285e-14,-2.304618812454251e-08
320,1.9500000000000002,0.48996374590585556,0.4899637687714134,1.554312234475219e-14,-2.2865557836038164e-08
320,1.9562500000000003,0.49013370027170855,0.49013372297265984,1.554312234475219e-14,-2.270095128542593e-08
320,1.9625000000000001,0.490281014843352,0.49028103739587986,1.709743457922741e-14,-2.2552527845220993e-08
320,1.9687500000000002,0.49040567995380513,0.4904057023742412,1.6431300764452317e-14,-2.242043606326405e-08
320,1.975,0.4905076877251045,0.49050771002991633,1.6431300764452317e-14,-2.230481183085331e-08
320,1.9812500000000002,0.49058703206621057,0.4905870542719909,1.709743457922741e-14,-2.2205780325634805e-08
320,1.9875000000000003,0.4906437086709779,0.49064373079443485,1.6653345369377348e-14,-2.2123456955291942e-08
320,1.9937500000000001,0.49067771501619606,0.4906777370741396,1.687538997430238e-14,-2.205794352727608e-08
320,2.0,0.4906890503596901,0.4906890723690222,1.687538997430238e-14,-2.200933207907596e-08
