center,left,right,point_lower,transported_lower,status
65/512,1/8,33/256,72070300859967376448242685755946844200394882838515614392163299689658425130797502437283711369222907692774079243210596816011864441738947591068596933860304592493890368225378737687008863109059993335475200/11663248332219249213920443897600412658376983599593087265313611729345782889923520173070756471973367440253269133028668433187117878444586419970567275449921443627031149447620461119309388060509410191975958841,6786748687932399156829683655921979456924106407066910019080192991206773943560640450873873638547696929096895153233244351711919418640584163342993539618316532051404784818076495728564880895409948101905692359/2985791573048127798763633637785705640544507801495830339920284602712520419820421164306113656825182064704836898055339118895902176881814123512465222515179889568519974258590838046543203343490409009145845463296,positive
67/512,33/256,17/128,74291185999675964385900547706609733873147476739095708692454951815181049203765420184039106167303524486094256942366733434811634682153197484529101365164862000189934944682977331232556412359354355411584000/11667587153617146026349530521665431946076853546950924053585088480306162540039492567769841762647085752604300930096973091509892589409359214303359001381170429601979624342248223383829048129247483536501691841,7350956462299900856441009691226659925448900498257577371683379184380186056124454999344169416182616515835828847148910667801885889221859341736090948101034242446643721496593973411705393434747231448863812159/2986902311325989382745479813546350578195674508019436557717782650958377610250110097349079491237653952666701038104825111426532502888795958861659904353579629978106783831615545186260236321087355785344433111296,positive
69/512,17/128,35/256,76512751457500606437100753818828169744233285585481040158466705597338006906721583373420471871438325376913608021514749443415083015525363331992204260004320176721479778698859536027433544550877492451302400/11672014395652981500826584748717790729605698309226557329402060967385414956038767162319396903702332403916287361795134163731834336638756284192281703319915841319147959040619024642967254333323731764427821009,7915249977467173747071208228902220724918022800656588951165415665533114812081958181276243895385878892573596291712641693782426915335736728797722587241190123921550864306289016580055733071700906303105593391/2988035685287163264211605695671754426779058767161998676326927607650666228745924393553765607347797095402569564619554345915349590179521608753224116049898455377701877514398470308599617109330875331693522178304,positive
71/512,35/256,9/64,125976062502041880143669520287734390695598112598726492384226014831762297669183498197456584236518413221418334610586243549382367903614005079709373509254650299198385128363682418366063305634639646749696/18682448203013199327159039924722942125539854882914014124097364878096745826684576239068635301203545594385196967928001550827738443096465301474063632292121595246036365270939551952217085962165028815791225,13567423797509521989620357268937061892533261942359967926264494918834402376626399299480250263345168190297896692382076797814147740228719998931535986077068881348750227590163147149495120280302720752130951/4782706739971379027752714220729073184138202850025987615768925408792766931631251517201570637108107672162610423789568397011901041432695117177360289866783128382985309509360525299767574006314247376842553600,positive
73/512,9/64,37/256,80958090656668953238328954371893941739222196853446219740674085782288976452149209788709931592204986278055554021830850487882596514738992037456945370783955247191049321500164386038489089936657536851840000/11681134417518682942056123501063088792995496984437494541625188104985920871514286845370230115524097760797265329785592425550432937088122507865590159176474841482831941420527894082163267903848857510457974409,9044136790588569086956088818141760292245385410044737711987377855280057100235910860539512372080378726384956499803105299347511770685059453723387855744217701798076684883514188743689939119935471923613065591/2990370410884782833166367616272150731006847228015998602656048154876395743107657432414778909574169026764099924425111660940910831894559362013591080749177559419604977003655140885033796583385307522677241448704,positive
75/512,37/256,19/128,83181948083274940773762500130332223472726695298080239985203398775863965084202028559614479874586405874668906111776197588134576411819486912433651026876081295469367046097422926864046082607062302947763200/11685827339425650979329674039156633234308643000370337653522180823855484317720409209379493814129333256316576451317036292053477491336891054502912517804287115530493528858286885412281352632490885907236417841,9608751369892733858753525994208415974709390995938203782689889262765690743835310101881813033764786647598663513297670290508974070088897595080102145075989696109664434942653383864914444514917063647390961359/2991571798892966650708396554024098107983012608094806439301678290907003985336424757601150416417109313617043571537161290765690237782244109952745604557897501575806343387721442665544026273917666792252522967296,positive
77/512,19/128,39/256,85406653200718084031129872230693095483610231625311739133966857566516435637672100584828353818021218183183939058426367316343199425403055618848053235749153112829676173864645582167357542225392987704704000/11690608966127600804228521879592285648869205682847508887214903523894269211473324236730481021743727365256410600296570512493452714527151087092393425058979632768937341183717012893050751673452264811033279841,10173494253256228707740725411465146794935013613232296331080612013133938311770733512985577555669704489638677798660579520490406338376031151332708203292803564115459759325632256141792779136248340041370944159/2992795895328665805882501601175625126110516654808962275127015302116932918137171004603003141566394205505641113675922051198323894918950678295652716815098785988847959343031555300620992428403779791624519639296,positive
79/512,39/256,5/32,87632247877248462649177052233395540119801126224011719422043626098158498105731403079779174990064387692397091323044007154302730373294544233952240417030714493713930104508057019591530471552415479175910400/11695479372806541331389007209617929751815607509343082134425200233950300441010303657484075461951208113176903063496510131070468517518422577711872440096239392458055471094715651313271172111682012019377930009,10738376083769065106800318162131328518853480804003918037617968047178275074056935530939393335505275136076752315202755700431030458044980746179901106663623517932710635659346945702160628605736350649655132391/2994042719438474580835585845662190016464795522391829026412851259891276912898637736315923318259509276973287184255106593554039940484716179894239344664637284469262200600247206736197420060590595076960750082304,positive
81/512,5/32,41/256,2943716107150646985387975096828161750376729067315625019211078737594575838361526066140057241189824624651128613615942149155197538481882665045189489571432194081705876897114355096979692120462314496/383298904979163258963030402918197944145102280115098610747561414271903181504194615476852804540632866471363950990889869761588695986655301457078998638679601729266955510886279943374270358968139045025,370292418451402369296291221869811463951340361117701394170474742552308233116356057455001849203962237439324974094791320422141873864706660794489510691607039955649748974774994961452530823870213465951/98124519674665794294535783147058673701146183709465244351375722053607214465073821562074317962402013816669171453667806658966706172583757173012223651501978042692340610786887665503813211895843595526400,positive
83/512,41/256,21/128,92086273442791010399248240807202607767474710644702724915343126485561079933361225448055717230592704990825796548913265756915787657683271193684932736841475335923257237061057006305799232946918816522880000/11705486835125445371357113092800369510954144774538777418377449260448938228514468506168544227405189790530797426603249677080345371895644194831468572364723485265446708922605886588434437766131107771831045409,11868599166229053290850436553843498077519381150505120159950391119854698234426005208533719383626542687120606489918546356690096268471273230751874208266694200730907143765024707025850165868280109258026234591/2996604629792114015067420951756894594804261062281927019104627010674928186499703937579147322215728586375884141210431917332568415205284913876855954525369212227954357484187106966639216068129563589588747624704,positive
43/256,21/128,11/64,135613389738088248170685077821646076216938033823831801936842651393438951765463687922663426976107125274011637900077591236844940800135928141988596602302373926180848314106178249821458944/16645495382629860062403592690251353627824099508418990364074750448916038952082818126669471639848411952192183315120286850337986962934489402184042898483183654380862448726741677714096641025,713018503845435703444097270919344127943968821031480283841108929444146873896533927431447013093300082881306336089644827978165459482909399990497466611520208170286135478849138263050103807/2130623408976622087987659864352173264361484737077630766601568057461252985866600720213692369900596729880599464335396716843262331255614643479557491005847507760750393437022934747404370051200,positive
45/256,11/64,23/128,88720845522666501735384565370760337821476974690371400889360804803769921497690257517835389471622845046969504131360719893517128717535249346476601397296490670614765341273135971162577804800/10412876844428186500862495271029283701493157497398712737874128570208248897695309830795260171815531770560215948070115761229740820673640677106257823236794552623437793076371218100909044005409,943391382473125721266729096428039539655895262968826575964054444674301054009043131487669680552192395451880580744056385140451655170871239242747155617156253215252170606590186207900915008991/1332848236086807872110399394691748313791124159667035230447888456986655858904999658341793301992388066631707641352974817437406825046226006669601001374309702735800037513775515916916357632692352,positive
47/256,23/128,3/16,548446455066907543990609112274787845883688946664535378364287164151093983224741396069593347513354274807353378776604065393882044820169133560632829942788599032372878941705945365978790400/61672404533745348630089296495243983869767422851198332434068721699741178368013504899204068923526382288403249263623077389546121998109077601812878956639213865472240585228430476147081603889,8528741714818817000708669875928860403344762321862195996560035311598851484753393797703879558182964886937983219782242980870779738872571493948123276037726810671487919309930530698203567311/7894067780319404624651429951391229935330230124953386551560796377566870831105728627098120822211376932915615905743753905861903615757961933032048506449819374780446794909239100946826445297792,positive
49/256,3/16,25/128,334458419188130830386063812331076104049813118966105114907512101406222268227023728949382964908782163358979082589715524397623791659533389397164459556321358189664137044863735235055040000/36099355738297697107151930776046587738084463982737160811598490973410954596986338612910533181353566011426433732045465415371910726143997556134007568755959665827382254557269407643318450169,6711321917783049182264237202331153580291615244924293896563058006585495736072698692610486326970550898522888839438121707523934606276276286703043254453174182449627287185288702443726669831/4620717534502105229715447139333963230474811389790356583884606844596602188414251342452548247213256449462583517701819573167604572946431687185152968800762837225904928583330484178344761621632,positive
51/256,25/128,13/64,100634240954432222404879189059623966892960289030750208559240906233625799561761174656679349750528102088576321816190379600120517285216884909756082421887614600187492535888763109604530496000/10443109823624302543621109579150492521102453983814206096950177818939105800561852541901242208054361393314723647068662612620589706020820372819074623355223109125581570125982532700236004749409,2438073018543021924203426620481375241196463012121820598632658178964996543343577814153714560013235674023045545403705976194836506486940895629703926646391559698417474467779145329143898738591/1336718057423910725583502026131263042701114109928218380409622760824205542471917125363359002630958258344284626824788814415435482370665007720841551789468557968074440976125764185630208607924352,positive
53/256,13/64,27/128,167384037417238046487598679137943157589368024445715627934153735403301271623681308030232397400007259207660137461127942296767652439935087184232261916735286526601906629338353576924491264/16726120141646801901204156910073162687291474817934739690094978356012577312379958420921392825805950323864203706406424612461828773145629704416543126950454537229927865892182857625233932225,4699036647759668049208474019583561484147632311116860685476699775609985455451249006948354041394978854716293888617952001524430739166061455165186398391662138175116182663126400221100949567/2140943378130790643354132084489364823973308776695646680332157229569609895984634677877938281703161641454618074420022350395114082962640602165317520249658180765430766834199405776029943324800,positive
55/256,27/128,7/32,108601129860660853441574111936456107284802348464372118246549154823235128168772292679186746425173855193757732745492253406018614306020795937960610051245985276756059234675130922684554508800/10464860303555132273899398198545885674163596863493835300784057370224551383794942795683959891492152903962913017489055247292769043492913193025226653117871565035967746324942830744926704342409,3436084318609456966622088129320496058291103739945795834774234447149545021807910667251943650930100560838076773933953188677613587677748687033731433441614550388807835713473927358696272783991/1339502118855056931059122969413873366292940398527210918500359343388742577125752677847546866110995571707252866238599071653474437567092888707229011599087560324603871529592682335350618155828352,positive
57/256,7/32,29/128,112592860200659483163509822734992247653570208335039158768200113350281774078962388633105509755522780242294275076640632700430574521570915525209108486668389274656963064945832976166112601600/10476216193149638682022823005409391761919583160875637950630398199138974899408550494067168531375441329228691733378400226936747323765554641597722960004577890590344815588625124339595803739241,3935669912534775162906434304669615937737403506009374371699216309697092182698635250970336717331474541784975476431600758718366214995522545629042926288975936565746456724441496609666609265559/1340955672723153751298921344692402145525706644592081657680690969489788787124294463240597572016056490141272541872435229047903657441990994124508538880585969995564136395344015915468262878622848,positive
59/256,29/128,15/64,116590514658977747912745200831919934569274315409887595726671903422269238093965687724932863601108853184745589628851545100216611556394266383477688246927577244468644593456044781759055680000/10487893505799064315554616031591473466746516102267965999194130878215359916121973690331999550882441423532941361654867465436543769240816443944165250115898516750898010595980113319804745861841,4435692370550087417276769674894278158120596270197646253819872759835102559905634338459406990059491784114494110838130307391182509977649653140978845490831370541088497366393618745354381178159/1342450368742280232390990852043708603743554061090299647896848752411566069263612632362495942512952502212216494291823035575877602462824504824853152014835010144114945356285454504935007470315648,positive
61/256,15/64,31/128,120594393951841987762041312645961798478401686879671637516120207316469802347982559818144176224468852446382486984618472979786532035210450510012804061226778674268922130512778535847422656000/10499893014093958195219136664919943863131214289299584845679515203605206427081687957083541562445508579432522871003848104970265185386421097655963206786086427298879181238982580554201895113409,4936189411741816238322151353763166342104201631298384756383871332902928273460079699638912994286504533704435463027316436442410915120516567625675713050941243007542851466653072034268204854591/1343986305804026648988049493109752814480795429030346860246977946061466422666456058506693319993025098167362927488492557436193943729461900499963290468619062694256535198589770310937842574516352,positive
63/256,31/128,1/4,376876519591412576776240079416241503077292169235943094961901728546490182982723818867476517493479269135388623928103007677578153021014147443272314431847469288186799126701067531332096/31794980763091959679956859792875483151514595259471096988417739050980783548856226477422005365386256912220419229794778487741833986429694797485229249582289332338711244792549217176484025,16445213744608850147401870372403429242378802402729619166705682202969959872932422337614988873779089537109324633002406494988169600260116075253626997694186736549199043425187426834024263/4069757537675770839034478053488061843393868193212300414517470598525540294253596989110016686769440884764213661413731646430954750263000934078109343946533034539355039333446299798589955200,positive
