scenario,t,a,x,F,phi,y,f,f_phi,S,C,D,Z,Wtilde,Wpump,Wdefect,energy_mismatch,defect_residual,max_r2_error
wrong,0.0,0.0,0.0,0.0,0.4,0.1,1.0016,0.008000000000000002,0.0,0.0924530708185434,6.932117640329194e-18,0.9989306235367933,0.10500000000000072,0.0,0.0,0.0,0.0,3.3306690738754696e-16
wrong,0.05,1.3198493264539998e-25,-9.769979468042357e-24,3.4973110283599686e-35,0.40437255898366753,0.07485680948484537,1.00163517166459,0.008087451179673352,0.0,0.0924530708185434,6.932117640329194e-18,0.9989657952013832,0.10500000000000076,-3.5341507321034093e-44,-4.651188465853776e-50,4.163336342344337e-17,4.163336342344337e-17,3.3306690738754696e-16
wrong,0.1,-7.882820940636508e-20,-4.715021731129584e-18,8.125969278497793e-18,0.4074817827654649,0.04947975235233275,1.001660414032857,0.008149635655309299,0.0,0.0924530708185434,6.932117640329194e-18,0.9989910375696504,0.10500000000000079,-1.914621358627566e-31,-2.189321462828911e-37,6.938893903907248e-17,6.938893903907248e-17,3.3306690738754696e-16
wrong,0.15000000000000002,-1.6470256352821301e-16,2.5789436921414065e-14,4.950892082176969e-12,0.4093179575511031,0.02394811125625039,1.001675411903738,0.008186359151022064,1.4246773088480312e-16,0.09245307081854337,-1.388456407139249e-17,0.9990060354405313,0.10500000000000072,-1.9189344641469061e-25,8.091323973861218e-32,1.9189344641469061e-25,1.9189336550145087e-25,3.3306690738754696e-16
wrong,0.2,-2.9643946994197786e-13,3.513595556964835e-11,3.837452084313462e-09,0.40987534678850435,-0.0016583482005149025,1.00167997799905,0.008197506935770088,4.403402686912038e-13,0.0924530708185434,-3.6070051025877126e-16,0.9990106015358432,0.10500000000000084,3.6675974152998087e-22,1.4962108579333603e-27,1.2489972351058857e-16,1.2489972350909235e-16,4.440892098500626e-16
wrong,0.25,-3.6858898160173056e-11,2.898867959517838e-09,2.065977237470714e-07,0.409152209089859,-0.027259626668580214,1.0016740553020311,0.008183044181797182,5.4187859689405585e-11,0.09245307081854338,-4.489509079167592e-14,0.9990046788388244,0.10500000000000086,4.1844997170050415e-18,-1.0743411621029251e-23,1.3459337836113951e-16,1.3459338910455113e-16,4.440892098500626e-16
wrong,0.30000000000000004,-1.0294054484488563e-09,5.8137238601136314e-08,2.9307856066131384e-06,0.4071508036720457,-0.052775740984936516,1.001657717769308,0.008143016073440916,1.4935261033053729e-09,0.09245307081854337,-1.2540469761256924e-12,0.9989883413061013,0.10500000000000222,1.6882218265720567e-15,-1.2414581201753442e-20,-1.894207433280954e-16,-1.8940832874689362e-16,4.440892098500626e-16
wrong,0.35000000000000003,-1.2018394953625291e-08,5.146965374304603e-07,1.939903043218392e-05,0.4038773832984169,-0.07812697405524918,1.0016311694073998,0.008077547665968339,1.7116298691175816e-08,0.0924530708185434,-1.464104620825307e-11,0.9989617929441931,0.10500000000013296,1.3232885579371813e-13,-1.9195329804241552e-18,-8.741577305417214e-17,-8.549624007374799e-17,5.551115123125783e-16
wrong,0.4,-8.042893149800193e-08,2.7172688443823247e-06,7.972425079747773e-05,0.3993421747440012,-0.10323412390491049,1.0015947417252926,0.007986843494880025,1.1180315438585249e-07,0.0924530708185434,-9.798008534204908e-11,0.9989253652620859,0.10500000000368877,3.688267377921653e-12,-8.962438295028717e-17,-2.175124193458018e-16,-1.2788803639551464e-16,4.440892098500626e-16
wrong,0.45,-3.6862628243115163e-07,1.012368669671507e-05,0.00023842039340981873,0.3935593468451537,-0.12801875112075625,1.0015488895948919,0.007871186936903075,4.973190261948579e-07,0.09245307081854354,-4.490676605190826e-10,0.9988795131316851,0.10500000005119538,5.119653599083828e-11,-1.887270174837177e-15,-1.876368171832369e-15,1.090200300480814e-17,5.551115123125783e-16
wrong,0.5,-1.2895141139539124e-06,2.947109269575641e-05,0.0005706795157921796,0.38654696623347234,-0.15240342391035988,1.001494185571043,0.0077309393246694485,1.6791233186721423e-06,0.0924530708185454,-1.57091105176658e-09,0.9988248091078362,0.10500000043385259,4.338743840091108e-10,-2.265498374740969e-14,-2.2512913541130936e-14,1.420702062787549e-16,6.661338147750939e-16
wrong,0.55,-3.692352872745091e-06,7.155920171726523e-05,0.00116158108927728,0.3783269408922825,-0.1763119600131525,1.001431312742049,0.007566538817845652,4.616290516797847e-06,0.09245307081855998,-4.498095847094879e-09,0.9987619362788409,0.10500000255789796,2.5580767662363776e-09,-1.7976177270439926e-13,-1.7952499648504794e-13,2.3677621935132654e-16,6.661338147750939e-16
wrong,0.6000000000000001,-9.072903033538042e-06,0.0001514244297569804,0.002093405975211586,0.36892495171204565,-0.1996696647072118,1.0013610561999573,0.007378499034240914,1.0838146310021312e-05,0.09245307081864368,-1.1052786287368875e-08,0.9986916797367414,0.10500001145378438,1.1454824420016582e-08,-1.040649646897325e-12,-1.0407623831949254e-12,-1.1273629760053935e-16,5.551115123125783e-16
wrong,0.65,-1.9776990367182948e-05,0.00028792116558288986,0.0034351261265135238,0.35837037225857143,-0.22240356416739115,1.0012842932371275,0.00716740744517143,2.2473050961451103e-05,0.09245307081901986,-2.4092712700166054e-08,0.9986149167738771,0.10500004141056961,4.1415276409984195e-08,-4.707359200388698e-12,-4.707519363414821e-12,-1.6016302612318417e-16,5.551115123125783e-16
wrong,0.7000000000000001,-3.917153826669407e-05,0.0005028721777655777,0.00523581607926094,0.34669617700478383,-0.24444263344465053,1.0012019823914973,0.006933923540095678,4.217539190999585e-05,0.09245307082041264,-4.771952506513427e-08,0.9985326059281192,0.10500012632466481,1.263421429267676e-07,-1.7478774888612587e-11,-1.747883641833362e-11,-6.152972103234528e-17,6.661338147750939e-16
wrong,0.75,-7.176656430153061e-05,0.0008199894370112445,0.007521962566825259,0.33393883831289184,-0.26571801835319875,1.0011151514773375,0.006678776766257838,7.296960880958964e-05,0.09245307082481777,-8.742740711878557e-08,0.9984457750135555,0.10500033589258326,3.359478271525084e-07,-5.524451777091897e-11,-5.5244612765413234e-11,-9.499449426313486e-17,6.661338147750939e-16
wrong,0.8,-0.00012328122663314648,0.0012637405095051295,0.010297793486206533,0.32013821248900803,-0.286163250571532,1.0010248847509566,0.006402764249780162,0.0001180524422202363,0.0924530708370582,-1.5018351679871203e-07,0.9983555082860521,0.10500079783445476,7.979872172779342e-07,-1.5276306673793935e-10,-1.5276323357926336e-10,-1.6684132401051355e-16,6.661338147750939e-16
wrong,0.8500000000000001,-0.00020065452890956426,0.0018582847147663839,0.013547554141411604,0.30533741526641195,-0.3057144552856358,1.0009323093716158,0.0061067483053282405,0.00018060142905115543,0.09245307086759158,-2.444409653244966e-07,0.9982629329039113,0.10500172518951494,1.7255669544331445e-06,-3.77440473130158e-10,-3.774402152936848e-10,2.578364731980517e-16,6.661338147750939e-16
wrong,0.9,-0.00031200619451234577,0.0026265521529234177,0.017238799402019542,0.28958268710663415,-0.3243105507273169,1.0008385813267189,0.005791653742132684,0.00026362998446875227,0.09245307093713424,-3.800909758052852e-07,0.9981692048526373,0.10500344668965077,3.4475367210911138e-06,-8.470710079694626e-10,-8.470710415412754e-10,-3.357181285774639e-17,8.881784197001252e-16
wrong,0.9500000000000001,-0.00046655580873035526,0.0035894981116116587,0.021326019970199166,0.27292324873922325,-0.3418934389874968,1.0007448709970237,0.005458464974784466,0.0003699118465892589,0.09245307108371768,-5.68363927237506e-07,0.9980754945095002,0.10500643751524232,6.4392645794780415e-06,-1.7493380064740145e-09,-1.7493378806280238e-09,1.258459907395289e-16,8.881784197001252e-16
wrong,1.0,-0.0006745092043086827,0.004765537461327214,0.025754163782083127,0.2554111473913605,-0.358408187512919,1.0006523485421177,0.005108222947827211,0.0005019763242319561,0.09245307137278429,-8.216899079308579e-07,0.9979829720280864,0.10501134745990673,1.1350818896228068e-05,-3.35899030386284e-09,-3.3589902171304777e-09,8.673236215057771e-17,8.881784197001252e-16
wrong,1.05,-0.0009469208345537734,0.006170146796880365,0.03046180594363875,0.23710109418731534,-0.3738032007247543,1.0005621692886482,0.004742021883746308,0.0006621564916328472,0.09245307191085739,-1.153528878002503e-06,0.9978927927252749,0.10501902365573108,1.9029702631868246e-05,-6.046901391408823e-09,-6.046901502450004e-09,-1.1104118120563595e-16,8.881784197001252e-16
wrong,1.1,-0.0012955400224714593,0.007815613473553404,0.03538385584194374,0.21805029322503977,-0.3880303812287132,1.0004754593037553,0.004361005864500796,0.0008526595047788147,0.09245307286318477,-1.5781791430932946e-06,0.9978060826530524,0.10503052544795796,3.053572204989437e-05,-1.0274092275102366e-08,-1.0274092650155563e-08,-3.7505319734550343e-16,8.881784197001252e-16
wrong,1.1500000000000001,-0.0017326478368364583,0.009710907608656887,0.04045377669535045,0.1983182628629187,-0.4010452801183469,1.0003933013338497,0.003966365257258375,0.001075623862040599,0.09245307447557051,-2.1105709827710657e-06,0.9977239245352891,0.10504712964255575,4.7146206144918544e-05,-1.656358956606543e-08,-1.65635898886061e-08,-3.2254067013334016e-16,8.881784197001252e-16
wrong,1.2000000000000002,-0.002270890146534918,0.011861653409941591,0.04560534322950108,0.1779666497737909,-0.4128072359061411,1.0003167212843171,0.0035593329954758187,0.0013331328623562306,0.09245307710038483,-2.766050215109462e-06,0.9976473442450579,0.10507032507135672,7.035051525380833e-05,-2.5443897708634692e-08,-2.54438978078078e-08,-9.917310893253849e-17,8.881784197001252e-16
wrong,1.25,-0.002923111270242204,0.014270178301759756,0.05077398885814304,0.15705903634578422,-0.4232795016507928,1.0002466754089787,0.003141180726915685,0.0016271649665475032,0.09245308122649326,-3.560154403566118e-06,0.9975772979913501,0.10510179613866193,0.00010183349858464576,-3.735992360275138e-08,-3.7359923437028605e-08,1.657227769888021e-16,8.881784197001252e-16
wrong,1.3,-0.0037021916328664186,0.016935621222501925,0.055897803680745636,0.13566074203022413,-0.43242935988377235,1.000184038369282,0.002713214840604483,0.0019594772150693454,0.0924530875125843,-4.5083824357383966e-06,0.9975146603752111,0.10514339566817862,0.0001434482184501884,-5.255027219162415e-08,-5.255027228201047e-08,-9.038632331868985e-17,8.881784197001252e-16
wrong,1.35,-0.00462089198578634,0.01985408453558003,0.06091824518763476,0.11383861925583343,-0.44022822497398867,1.0001295923123408,0.002276772385116669,0.00233143373269661,0.09245309682311299,-5.625956415243343e-06,0.9974602134644829,0.10519710792284197,0.00019717881649959586,-7.089365804658389e-08,-7.089365834607236e-08,-2.9948846995046737e-16,1.1102230246251565e-15
wrong,1.4000000000000001,-0.005691706043443455,0.023018816885232288,0.06578061907696181,0.09166084454558089,-0.44665173260619767,1.000084017104228,0.0018332168909116183,0.0027438042376523477,0.09245311026582097,-6.927573294580831e-06,0.9974146370236572,0.10526500310581567,0.0002650948371853922,-9.173137036562085e-08,-9.173137043841026e-08,-7.278940574538388e-17,8.881784197001252e-16
wrong,1.4500000000000002,-0.0069267228207368255,0.026420416878764175,0.07043438075920835,0.06919670548781319,-0.45167981608678576,1.0000478818405036,0.001383934109756264,0.0031965648196906555,0.09245312922955012,-8.427142505010863e-06,0.9973785000209354,0.10534918496698314,0.00034929864383116617,-1.1367684856889153e-07,-1.1367684873910162e-07,-1.7021009284555938e-16,1.1102230246251565e-15
wrong,1.5,-0.008337499505545498,0.03004704964550269,0.07483330059115333,0.04651638422664554,-0.45529676922977796,1.0000216377400153,0.0009303276845329109,0.0036887338198636046,0.09245315542083868,-1.0137505096559502e-05,0.9973522535186735,0.1054517333433863,0.00045186777041098945,-1.3442702527059553e-07,-1.3442702540976577e-07,-1.3917023962118052e-16,1.1102230246251565e-15
wrong,1.55,-0.009934945349844373,0.03388467013171183,0.078935528562178,0.023690738147937894,-0.45749129561637003,1.00000561251074,0.000473814762958758,0.004218269601534032,0.09245319089757689,-1.2070129661067939e-05,0.9973362250361374,0.1055746435677723,0.0005747941605343366,-1.5059276253123515e-07,-1.5059276275714972e-07,-2.259145661121382e-16,1.1102230246251565e-15
wrong,1.6,-0.011729216794527146,0.03791724849171344,0.0827035875169558,0.0007910784464845223,-0.4582565440629324,1.0000000062580512,1.5821568929690448e-05,0.004782045851676467,0.09245323809781503,-1.4234780648429098e-05,0.9973306144551284,0.1057197647026337,0.0007199222697452823,-1.5756711214313304e-07,-1.575671123050116e-07,-1.6187855766235787e-16,1.1102230246251565e-15
wrong,1.6500000000000001,-0.013729623843265946,0.04212699418652795,0.08610431822953582,-0.02211105273277182,-0.45759013017521183,1.0000048889865296,-0.0004422210546554365,0.005375906269189565,0.0924532998616521,-1.6639155664311032e-05,0.9973354915197865,0.10588873851414547,0.0008888879641885108,-1.4945004350582664e-07,-1.494500437562371e-07,-2.5041046777915694e-16,1.1102230246251565e-15
wrong,1.7000000000000002,-0.015944547558338403,0.04649457645307655,0.08910879477474883,-0.044944105881662325,-0.45549414391024,1.000020199726535,-0.0008988821176332466,0.00599478693185648,0.09245337944401301,-1.9288490000673035e-05,0.997350794961991,0.10608294100662279,0.0010830600532224397,-1.1904660007434984e-07,-1.1904660037181242e-07,-2.974625788988719e-16,1.1102230246251565e-15
wrong,1.75,-0.018381368457353723,0.05099933969607225,0.09169222461822048,-0.06763674774320381,-0.4519751431121045,1.0000457472964528,-0.0013527349548640767,0.0066328839657300185,0.09245348051604427,-2.218512901188915e-05,0.9973763332634785,0.10630342820707599,0.0013034861592711056,-5.795219552108893e-08,-5.795219583664031e-08,-3.155513777690713e-16,1.1102230246251565e-15
wrong,1.8,-0.021046405536679455,0.05561951310288213,0.09383384456972814,-0.09011808425228966,-0.4470441330330509,1.000081212691093,-0.0018023616850457937,0.007283838371786943,0.09245360715284975,-2.5328071991454423e-05,0.9974117870453669,0.10655088773250201,0.001550844466600989,4.326590047948932e-08,4.326590030754966e-08,-1.7193965471451385e-16,1.1102230246251565e-15
wrong,1.85,-0.02394486562834308,0.06033241439843185,0.09551682110532124,-0.11231788210316522,-0.4407165318971632,1.0001261530664014,-0.002246357642063305,0.007940909900583751,0.09245376380536587,-2.87124948544798e-05,0.9974567130554459,0.10682559749864336,0.0018254027110037553,1.9478763879932196e-07,1.9478763888403777e-07,8.471581493118164e-17,1.1102230246251565e-15
wrong,1.9000000000000001,-0.02708080280577094,0.06511464814517756,0.09672816145053063,-0.13416678824820766,-0.4330121226098753,1.0001800072706883,-0.002683335764964154,0.008597117417622518,0.09245395525436303,-3.232926307084257e-05,0.9975105497036231,0.10712739274466766,0.002126985581508117,4.0716315883183524e-07,4.071631588280396e-07,-3.7956605157649266e-18,1.1102230246251565e-15
wrong,1.9500000000000002,-0.030457087583507535,0.06994229935322444,0.09745864012608714,-0.15559654663884057,-0.4239549907625562,1.0002421028532593,-0.003111930932776812,0.009245332912683573,0.09245418654488731,-3.616445073343101e-05,0.9975726240765669,0.10745564235796674,0.002454951508070954,6.908498951100633e-07,6.908498950716595e-07,-3.8403838553799537e-17,1.3322676295501878e-15
wrong,2.0,-0.03407538570072005,0.07479112340201736,0.097702744294501,-0.17654021152802135,-0.41357344912712524,1.0003116644628636,-0.0035308042305604278,0.009878328017310237,0.09245446289993803,-4.019888613806906e-05,0.9976421603440712,0.10780923528956618,0.0028081796087111254,1.0556808549287423e-06,1.0556808543366915e-06,-5.920508309005751e-16,1.3322676295501878e-15
wrong,2.0500000000000003,-0.037936146331883934,0.07963673339822298,0.09745864012608714,-0.19693235666462078,-0.40189994888083447,1.0003878235310149,-0.003938647133292416,0.010488783135092728,0.09245478961284113,-4.4407748479318696e-05,0.997718289452245,0.10818657765453324,0.0031850673672632938,1.5102872690073462e-06,1.5102872692276427e-06,2.2029654068013525e-16,1.3322676295501878e-15
wrong,2.1,-0.042038599625319965,0.08445478612204571,0.09672816145053063,-0.21670927972313003,-0.38897097784573187,1.0004696291191812,-0.0043341855944626015,0.011069277802929062,0.09245517191862199,-4.876024385889793e-05,0.9978000599824985,0.10858560091316695,0.0035835394092544235,2.061503911985832e-06,2.0615039118079305e-06,-1.7790148287887345e-16,1.1102230246251565e-15
wrong,2.15,-0.046380763526993024,0.08922116766929364,0.09551682110532124,-0.23580920132745187,-0.37482694607063693,1.0005560597943068,-0.004716184026549038,0.011612285047613679,0.09245561484570573,-5.321939134829212e-05,0.9978864500406627,0.10900378132702931,0.004001067538025038,2.7137890034913174e-06,2.7137890035583423e-06,6.702487008328553e-17,1.1102230246251565e-15
wrong,2.2,-0.05095945990018465,0.09391217980411988,0.09383384456972806,-0.25417245804497063,-0.35951205912546447,1.0006460363842862,-0.005083449160899414,0.012110191582349066,0.09245612305045313,-5.7741950917451906e-05,0.9979763800276381,0.10943817067782524,0.004434701985415164,3.4686924093253155e-06,3.4686924093602772e-06,3.4961708414394874e-17,1.3322676295501878e-15
wrong,2.25,-0.05577033999953036,0.09850472792005195,0.09169222461822048,-0.27174168874661314,-0.3430741795181776,1.0007384354540285,-0.005434833774932264,0.012555360076016412,0.09245670063832465,-6.227852422834117e-05,0.9980687261318582,0.10988543802590668,0.004881113620258598,4.324405647111085e-06,4.324405647365519e-06,2.5443345076214124e-16,1.2212453270876722e-15
wrong,2.3000000000000003,-0.06080791939964239,0.10297651137999675,0.08910879477474883,-0.28846201375009906,-0.325564676683318,1.0008321033337677,-0.005769240275001982,0.01294024072075441,0.09245735097679884,-6.677385624695991e-05,0.9981623343747549,0.1103419220676377,0.0053366466427708405,5.275424866220838e-06,5.275424866137829e-06,-8.300922883092143e-17,1.3322676295501878e-15
wrong,2.35,-0.06606562251379564,0.10730621687370008,0.08610431822953582,-0.30428120618694926,-0.30703826602774853,1.0009258705243858,-0.0060856241237389865,0.013257528861242363,0.09245807650645418,-7.116736011502668e-05,0.9982560350334061,0.11080369342658737,0.005797381073029508,6.312353557288495e-06,6.312353557145871e-06,-1.4262425469162635e-16,1.3322676295501878e-15
wrong,2.4000000000000004,-0.07153583686651563,0.11147371528462843,0.0827035875169558,-0.31914985505898114,-0.28755283755375827,1.0010185662998417,-0.006382997101179624,0.013500355729139329,0.09245887855775708,-7.539387965590908e-05,0.9983486572597655,0.11126662598215596,0.006259204116726427,7.421865428821544e-06,7.421865428816794e-06,-4.749313735254862e-18,1.3322676295501878e-15
wrong,2.45,-0.0772099773041311,0.11546026237461328,0.07893552856217793,-0.33302151947683484,-0.2671692746119037,1.0011090333243466,-0.006660430389536698,0.013662492315562302,0.09245975718196817,-7.938469340158433e-05,0.9984390437133436,0.11172647610110158,0.006717889261125254,8.586839975571548e-06,8.586839975605227e-06,3.367972404872549e-17,1.3322676295501878e-15
wrong,2.5,-0.08307856033676723,0.11924870333884786,0.07483330059115333,-0.3458528736014566,-0.2459512633657315,1.0011961421017839,-0.0069170574720291336,0.013738543466953503,0.09246071100505725,-8.306875146339468e-05,0.9985260650240237,0.11217896839320028,0.007169181719019065,9.786674180733573e-06,9.786674180499097e-06,-2.344756604589354e-16,1.3322676295501878e-15
wrong,2.5500000000000003,-0.08913128879916342,0.12282368091161823,0.07043438075920835,-0.3576038418392564,-0.22396509357781016,1.0012788050769819,-0.00715207683678513,0.013724110913362151,0.09246173711350802,-8.637412255683944e-05,0.9986086339038076,0.11261988636342486,0.0076088885993624575,1.0997764062070701e-05,1.0997764061686753e-05,-3.839481765291128e-16,1.3322676295501878e-15
wrong,2.6,-0.09535714698905803,0.12617184616464103,0.06578061907696181,-0.36823772387276327,-0.20127945135118971,1.00135599021283,-0.0073647544774552666,0.013615909684818996,0.09246283098029928,-8.922961386964694e-05,0.998685718730718,0.11304516608185934,0.00803297194188073,1.2194139977616004e-05,1.2194139977893953e-05,2.7794877944381513e-16,1.3322676295501878e-15
wrong,2.6500000000000004,-0.10174450638108404,0.12928207038369754,0.06091824518763471,-0.3777213091408685,-0.17796520448252107,1.001426733873791,-0.007554426182817371,0.013411830955379334,0.09246398643813386,-9.156651230815866e-05,0.9987563564347665,0.11345099074252228,0.008437642512152057,1.3348230369858774e-05,1.334823036950629e-05,-3.5248429067040454e-16,1.3322676295501878e-15
wrong,2.7,-0.10828124190903121,0.13214565538600762,0.055897803680745636,-0.38602498041605704,-0.15409518110260217,1.0014901528550522,-0.007720499608321142,0.013110953959352061,0.09246519570513653,-9.332038315889222e-05,0.9988196645247477,0.11383388373819313,0.008819452017627358,1.443172056516595e-05,1.4431720565052583e-05,-1.1336688966051556e-16,1.3322676295501878e-15
wrong,2.75,-0.11495485864546762,0.1347565383060012,0.05077398885814304,-0.3931228061602523,-0.12974394229710304,1.0015454554072332,-0.007862456123205047,0.012713518256991763,0.09246644946582912,-9.443285260783582e-05,0.9988748521055224,0.11419079764661579,0.009175381179682118,1.5416466933037197e-05,1.5416466932949638e-05,-8.755948982357153e-17,1.3322676295501878e-15
wrong,2.8000000000000003,-0.12175262846853281,0.13711148519419714,0.045605343229501036,-0.39899262137590985,-0.10498754941476686,1.0015919511191242,-0.007979852427518199,0.012220873525037864,0.09246773700732092,-9.485329502268374e-05,0.9989212297482661,0.11451919631252694,0.009502920889882936,1.627542264322668e-05,1.6275422643284576e-05,5.789639601072594e-17,1.3322676295501878e-15
wrong,2.85,-0.12866173597313962,0.1392102657180264,0.04045377669535045,-0.4036160967046744,-0.07990332678255864,1.001629059535191,-0.00807232193409349,0.011635426056052,0.09246904640751363,-9.454034537775412e-05,0.9989582180907158,0.11481712702992249,0.009800143500105187,1.698352981665334e-05,1.698352981658116e-05,-7.217737150143344e-17,1.3322676295501878e-15
wrong,2.9000000000000004,-0.1356694324389571,0.14105579881910446,0.03538385584194374,-0.4069787955621472,-0.05456962055720127,1.001656317400372,-0.008139575911242945,0.010960598918809464,0.09247036476892928,-9.346316229654085e-05,0.9989853550605243,0.11508327969246672,0.010065761158189123,1.751853427689242e-05,1.7518534276879036e-05,-1.3383120566617945e-17,1.3322676295501878e-15
wrong,2.95,-0.14276319609198485,0.14265425639649953,0.030461805943638724,-0.409070219133987,-0.029065554450462407,1.0016733844418233,-0.008181404382679742,0.01020081676320558,0.09247167848879634,-9.160237806544441e-05,0.9990023016322388,0.11531702970188554,0.010299168018461731,1.786168342289463e-05,1.786168342308818e-05,1.9355041657939664e-16,1.3322676295501878e-15
wrong,3.0,-0.14993089617458938,0.1440151090363643,0.025754163782083127,-0.4098838390955969,-0.003470783071603989,1.0016800476155174,-0.008197676781911939,0.009361517810716416,0.09247297355353154,-8.895068828976776e-05,0.9990088460468949,0.11551846142326355,0.01050046314845136,1.7998274811527266e-05,1.7998274811473897e-05,-5.3369851940598956e-17,1.3322676295501878e-15
wrong,3.0500000000000003,-0.1571609574614693,0.145151094681724,0.021326019970199145,-0.40941711795493535,0.022134756365181897,1.0016762237647452,-0.008188342359098709,0.008449186389624665,0.09247423584399794,-8.551305472178259e-05,0.9990049064425255,0.11568836907678748,0.010670451044284218,1.7918032502701943e-05,1.791803250254277e-05,-1.591710433162391e-16,1.3322676295501878e-15
wrong,3.1,-0.16444252083023367,0.14607808828425017,0.017238799402019528,-0.40767151695546,0.047671093217570445,1.0016619606573676,-0.008153430339109202,0.007471391298030486,0.09247545143710774,-8.130651879455237e-05,0.9989905318637562,0.11582823219241731,0.010810616892901326,1.7615299515599842e-05,1.7615299515263624e-05,-3.3621786995133296e-16,1.3322676295501878e-15
wrong,3.1500000000000004,-0.17176559434277677,0.14681484851227242,0.013547554141411566,-0.4046524915138012,0.07305847272361618,1.0016374363888834,-0.008093049830276026,0.006436809924397282,0.09247660688961852,-7.635964871473717e-05,0.9989659016388476,0.11594016318039073,0.010923074133274126,1.7089047116029247e-05,1.7089047115885492e-05,-1.4375504367621084e-16,1.3322676295501878e-15
wrong,3.2,-0.1791211880844755,0.14738261749402173,0.010297793486206514,-0.4003694742044101,0.09821760468871864,1.0016029571587473,-0.008007389484088204,0.005355216496721238,0.0924776894914104,-7.071166747035895e-05,0.9989313231327881,0.11602682527087438,0.011010482556689627,1.6342714184112986e-05,1.634271418403388e-05,-7.910610100997362e-17,1.3322676295501878e-15
wrong,3.25,-0.1865014248711499,0.1478045528521476,0.007521962566825259,-0.39483584534108834,0.12306991079786118,1.001558953447662,-0.007896716906821769,0.004237415411981655,0.09247868747808179,-6.441133049849086e-05,0.9988872279050908,0.11609132018468842,0.01107593628312981,1.538390155823633e-05,1.538390155788813e-05,-3.482016920890868e-16,1.3322676295501878e-15
wrong,3.3000000000000003,-0.19389961808747902,0.14810498004641343,0.005235816079260926,-0.38806889124295463,0.14753776980059488,1.0015059746435053,-0.007761377824859094,0.0030951069494087554,0.09247959019622584,-5.75156377261881e-05,0.9988341663205637,0.1161370466175522,0.01112282266164799,1.4223955903433837e-05,1.4223955903489016e-05,5.517911431593414e-17,1.5543122344752192e-15
wrong,3.35,-0.20131030770431768,0.14830846995840694,0.0034351261265135177,-0.3800897503100007,0.17154475981733563,1.0014446821829073,-0.007601795006200015,0.001940681844121552,0.09248038821898846,-5.008847308174302e-05,0.9987728006802912,0.11616753323487886,0.011154655750692802,1.287748418565768e-05,1.2877484185335603e-05,-3.2207750192986967e-16,1.5543122344752192e-15
wrong,3.4000000000000004,-0.20872924641501328,0.1484387745181863,0.002093405975211578,-0.3709233470709286,0.19501589701691383,1.001375841294023,-0.007418466941418574,0.0007869519012624422,0.09248107341408507,-4.219926351425246e-05,0.9987038969581691,0.11618625370869437,0.01117489186650638,1.1361842187198876e-05,1.1361842187272708e-05,7.383247388036834e-17,1.5543122344752192e-15
wrong,3.45,-0.2161533304302843,0.14851769364751333,0.001161581089277276,-0.3605983144034261,0.21787786991696192,1.001300311443506,-0.007211966288068523,-0.00035316527135966413,0.09248163897086917,-3.392173775797016e-05,0.9986283152453953,0.11619643660985204,0.011186739972058787,9.69663779268884e-06,9.696637792539278e-06,-1.4956230156258632e-16,1.5543122344752192e-15
wrong,3.5,-0.22358047437804685,0.1485639977248601,0.0005706795157921796,-0.3491469041644016,0.24005926856097334,1.0012190356068758,-0.006982938083288033,-0.0014669794784288777,0.09248207939667735,-2.5332842217441425e-05,0.9985469990211737,0.1162008894733024,0.011192986191790138,7.903281511751685e-06,7.90328151154332e-06,-2.0836502282687436e-16,1.5543122344752192e-15
wrong,3.5500000000000003,-0.2310094372745782,0.14859258060629285,0.0002384203934098179,-0.33660488650492937,0.26149080782960193,1.00113302849619,-0.006732097730098589,-0.002542343609476885,0.09248239049479524,-1.6511838805311036e-05,0.9984609633824058,0.11620186274441247,0.011195858141288121,6.004603123217227e-06,6.0046031236261205e-06,4.0889329682575193e-16,1.5543122344752192e-15
wrong,3.6,-0.23843961611397063,0.1486140443023485,7.972425079747743e-05,-0.32301143818161165,0.2821055441510573,1.0010433638919616,-0.006460228763632234,-0.0035679127422219544,0.09248256933629621,-7.539571482861376e-06,0.9983712823781905,0.1162009822523189,0.01119695771636248,4.024535955490312e-06,4.024535955698266e-06,2.0795421184745602e-16,1.7763568394002505e-15
wrong,3.6500000000000004,-0.24587083306616747,0.14863487713991083,1.9399030432183674e-05,-0.3084090202125043,0.3018390848897104,1.0009511612374844,-0.006168180404250088,-0.004533311016938761,0.0924826142352701,1.5021474480060416e-06,0.9982790756064219,0.11619927260840465,0.011197284755799716,1.987852603816173e-06,1.9878526042182987e-06,4.0212550357719007e-16,1.5543122344752192e-15
wrong,3.7,-0.2533031472142068,0.14865824153739243,2.930785606613107e-06,-0.2928432452612137,0.32062978971774075,1.000857571662951,-0.005856864905224275,-0.005429185048974029,0.09248252473189067,1.0531102041705162e-05,0.9981854942394592,0.11619727247826662,0.011197352554924073,-8.007665826757248e-08,-8.007665816545106e-08,1.0212141555497145e-16,1.5543122344752192e-15
wrong,3.75,-0.26073671674470844,0.14868514493184382,2.065977237470714e-07,-0.2763627351665779,0.33841896331503857,1.0007637636138875,-0.0055272547033315585,-0.006247151256850948,0.09248230158185061,1.946525564327721e-05,0.9980917066535303,0.11619520722623004,0.011197360759063534,-2.1535328345828435e-06,-2.153532834208577e-06,3.7426658994199613e-16,1.5543122344752192e-15
wrong,3.8000000000000003,-0.26817172041692366,0.14871556177328132,3.837452084313367e-09,-0.25901896906681615,0.3551510387947907,1.0006709082633645,-0.005180379381336324,-0.00697968287861602,0.09248194674645462,2.8223388372922747e-05,0.997998883841852,0.1161931544620288,0.011197361184464096,-4.206722435902973e-06,-4.206722436016913e-06,-1.1394033096580672e-16,1.5543122344752192e-15
wrong,3.85,-0.2756083255409037,0.1487491339317657,4.950892082176863e-12,-0.2408661225958211,0.3707737513040485,1.0005801648901433,-0.004817322451916423,-0.007620011695707234,0.09248146337714519,3.672578363668211e-05,0.9979081847941944,0.11619114711368883,0.011197361189680503,-6.214075992319887e-06,-6.214075992390378e-06,-7.049092890345013e-17,1.7763568394002505e-15
wrong,3.9000000000000004,-0.2830466791720154,0.14878542691892005,8.125969278496578e-18,-0.22196089865580693,0.38523830128528247,1.0004926664053209,-0.004439217973116139,-0.008162113945856529,0.09248085579080009,4.489493388524148e-05,0.9978207420257913,0.1161892106319714,0.01119736118968438,-8.15055771335037e-06,-8.150557713691373e-06,-3.4100191203742525e-16,1.5543122344752192e-15
wrong,3.95,-0.2904869058716035,0.14882397750670473,3.4973110283589743e-35,-0.20236235029565794,0.39849950690632535,1.0004095052081718,-0.004047247005913159,-0.008600807674428263,0.09248012943479704,5.2656239753904574e-05,0.9977376474363862,0.11618736921574781,0.01119736118968438,-9.991973937456e-06,-9.991973937291052e-06,1.6494780801651343e-16,1.6653345369377348e-15
wrong,4.0,-0.2979291064756734,0.14886430072122792,0.0,-0.18213169624843523,0.41051594518787665,1.0003317195477832,-0.003642633924968705,-0.008931941724368033,0.09247929084189367,5.993868967897852e-05,0.997659938676004,0.11618564591609601,0.01119736118968438,-1.1715273589028272e-05,-1.1715273589089567e-05,-6.129469219511019e-17,1.6653345369377348e-15
wrong,4.05,-0.30537335713624325,0.14890589514663785,0.0,-0.16133212970431204,0.42125008138848535,1.0002602805607492,-0.0032266425940862416,-0.009152629622430927,0.092478347575153,6.667551293759826e-05,0.9975885861876969,0.11618406235315143,0.01119736118968438,-1.329883653341761e-05,-1.3298836533668854e-05,-2.5124352468278155e-16,1.5543122344752192e-15
wrong,4.1000000000000005,-0.31281970865367464,0.14894824927590314,0.0,-0.14002862091631657,0.43066838624300474,1.0001960801467573,-0.0028005724183263318,-0.009261473472950652,0.09247730816322026,7.280479995584158e-05,0.9975244810890649,0.11618263844349522,0.01119736118968438,-1.4722746189402403e-05,-1.4722746189880717e-05,-4.783144231168199e-16,1.5543122344752192e-15
wrong,4.15,-0.3202681861506099,0.1489908487778732,0.0,-0.1182877142555245,0.4387414406884657,1.000139919833438,-0.0023657542851104906,-0.009258727558779543,0.09247618202634866,7.827008379752291e-05,0.9974684240438895,0.1161813921468211,0.01119736118968438,-1.596904286392886e-05,-1.5969042863992963e-05,-6.410345344820545e-17,1.5543122344752192e-15
wrong,4.2,-0.32771878912482816,0.14903318431245358,0.0,-0.0961773203496621,0.4454440277504528,1.0000925007694965,-0.0019235464069932424,-0.009146365354295256,0.09247497939367344,8.30208768292372e-05,0.9974211152628519,0.1161803392352828,0.01119736118968438,-1.7021954402139854e-05,-1.702195440229752e-05,-1.5766671280191547e-16,1.7763568394002505e-15
wrong,4.25,-0.3351714918964522,0.1490747594023175,0.0,-0.07376650395444088,0.4507552113032063,1.0000544149710566,-0.001475330079088818,-0.008928033455862528,0.09247371121234113,8.701315671841619e-05,0.9973831457582087,0.11617949308875894,0.01119736118968438,-1.786810092634108e-05,-1.78681009261588e-05,1.8227810211733642e-16,1.7763568394002505e-15
wrong,4.3,-0.34262624443928164,0.14911509784279411,0.0,-0.05112526822024859,0.4546584014577085,1.000026137930506,-0.001022505364404972,-0.008608897430735207,0.09247238904921237,9.020979618859651e-05,0.9973549899616524,0.11617886451900375,0.01119736118968438,-1.8496670680853895e-05,-1.849667068134879e-05,-4.9489424602637555e-16,1.7763568394002505e-15
wrong,4.3500000000000005,-0.3500829735614454,0.14915375019988295,0.0,-0.028324336028073424,0.4571414063737819,1.0000080226801142,-0.0005664867205614686,-0.008195403721702132,0.0924710249859702,9.258093134405395e-05,0.9973369997975472,0.11617846162537276,0.01119736118968438,-1.8899564311901996e-05,-1.8899564312334013e-05,-4.3201729628579433e-16,1.9984014443252818e-15
wrong,4.4,-0.35754158438141426,0.1491902990905895,0.0,-0.005434929077680107,0.45819647033462385,1.0000002953845408,-0.00010869858155360216,-0.007694995052897465,0.09246963150857218,9.410426389299442e-05,0.9973294002855747,0.11617828968439195,0.01119736118968438,-1.9071505293065697e-05,-1.9071505293148314e-05,-8.261620554339544e-17,1.7763568394002505e-15
wrong,4.45,-0.3650019620347195,0.14922436312767298,0.0,0.017471454581942814,0.4578202979650836,1.000003052517252,0.00034942909163885634,-0.007115822145794968,0.09246822139208087,9.476529323440076e-05,0.9973322867277125,0.11617835107503309,0.01119736118968438,-1.901011465113014e-05,-1.9010114652008234e-05,-8.7809533949601e-16,1.9984014443252818e-15
wrong,4.5,-0.3724639735457131,0.1492555996040888,0.0,0.040323263884976854,0.4560140645182294,1.0000162596561033,0.0008064652776995372,-0.006466491462767591,0.09246680758199194,9.455747511406992e-05,0.9973456235146975,0.11617864524104238,0.01119736118968438,-1.8715948642442445e-05,-1.871594864272068e-05,-2.782333825140926e-16,1.7763568394002505e-15
wrong,4.55,-0.3799274698067079,0.14928370615369757,0.0,0.06304911824644811,0.4527834121982287,1.0000397519131166,0.0012609823649289626,-0.005755878170019718,0.09246540307324155,9.34823043730614e-05,0.9973692445669003,0.11617916869112406,0.01119736118968438,-1.8192498560798736e-05,-1.8192498561038148e-05,-2.394121684755335e-16,1.7763568394002505e-15
wrong,4.6000000000000005,-0.38739228762146666,0.14930842172506448,0.0,0.08557803052710455,0.4481384325311425,1.000073235993089,0.0017115606105420915,-0.004993017984430894,0.09246402078812334,9.154932018110045e-05,0.997402855404128,0.1161799150372769,0.01119736118968438,-1.7446152408251792e-05,-1.744615240819973e-05,5.2062033070038316e-17,1.7763568394002505e-15
wrong,4.65,-0.394858251787771,0.1493295272287061,0.0,0.10783962876908706,0.44209363483878206,1.0001162938553305,0.0021567925753817416,-0.004187074327323276,0.09246267345437172,8.877603304275765e-05,0.9974460368185409,0.11618087507096922,0.01119736118968438,-1.648611871559512e-05,-1.6486118715878725e-05,-2.8360695953147386e-16,1.7763568394002505e-15
wrong,4.7,-0.4023251772107909,0.14934684616497343,0.0,0.12976437600983692,0.4346679009141621,1.0001683879328123,0.002595287520196739,-0.0033473616637860926,0.0924613734846799,8.518777376930158e-05,0.9974982501048514,0.11618203687633676,0.01119736118968438,-1.5324313348400454e-05,-1.5324313348342652e-05,5.780152832063346e-17,1.7763568394002505e-15
wrong,4.75,-0.4097928710516661,0.14936024542483226,0.0,0.1512837874876726,0.4258844260401657,1.0002288678435662,0.0030256757497534527,-0.0024833950410811916,0.0924601328589151,8.081746550863981e-05,0.9975588437825225,0.11618338597901501,0.01119736118968438,-1.397521066964988e-05,-1.3975210670090152e-05,-4.4027247938973474e-16,1.9984014443252818e-15
wrong,4.800000000000001,-0.4172611349216574,0.1493696363057083,0.0,0.17233064456063352,0.41577064653568285,1.0002969785105469,0.003446612891212671,-0.001604931625171078,0.09245896301027248,7.570532081852503e-05,0.9976270617260706,0.11618490552873849,0.01119736118968438,-1.2455660946110832e-05,-1.24556609466097e-05,-4.988685246148927e-16,1.7763568394002505e-15
wrong,4.8500000000000005,-0.42472976713045185,0.14937497563176014,0.0,0.1928392046704433,0.4043581540555479,1.0003718695885793,0.003856784093408867,-0.0007219730219521108,0.09245787471657568,6.989846664456892e-05,0.9977020526019811,0.11618657651330623,0.01119736118968438,-1.0784676378477341e-05,-1.0784676378867639e-05,-3.90297535501731e-16,1.7763568394002505e-15
wrong,4.9,-0.4321985649884038,0.14937626674411744,0.0,0.21274540669581044,0.391682596911955,1.0004526060807017,0.00425490813391621,0.00015529349138015936,0.09245687799787802,6.345050092188964e-05,0.997782880494441,0.11618837800108528,0.01119736118968438,-8.983188599853208e-06,-8.983188599818656e-06,3.455216798439742e-17,1.9984014443252818e-15
wrong,4.95,-0.4396673271487519,0.14937356005665325,0.0,0.23198707105367025,0.3777835687255445,1.0005381800113606,0.004639741421073406,0.001016623065171294,0.09245598202145579,5.6420985348384814e-05,0.9978685365872461,0.11619028740876894,0.01119736118968438,-7.073780916070924e-06,-7.073780916159664e-06,-8.873940671909678e-17,1.9984014443252818e-15
wrong,5.0,-0.4471358559602772,0.14936695287003693,0.0,0.2505040939233883,0.3627044847538877,1.0006275230107238,0.005010081878467767,0.00185190389350084,0.09245519501519757,4.8874879659011966e-05,0.9979579517560565,0.11619228079073983,0.01119736118968438,-5.080398944754565e-06,-5.080398945268502e-06,-5.139372407465467e-16,1.9984014443252818e-15
wrong,5.050000000000001,-0.4546039597868378,0.14935658820051526,0.0,0.2682386349872897,0.34649244628354914,1.0007195196529985,0.0053647726997457955,0.002651390113601355,0.0924545241902969,4.088192344662702e-05,0.9980500099138044,0.11619433314604838,0.01119736118968438,-3.02804363634507e-06,-3.0280436367196434e-06,-3.745732158689022e-16,1.9984014443252818e-15
wrong,5.1000000000000005,-0.46207145524076776,0.14934265249622108,0.0,0.2851352981011251,0.32919809350915197,1.0008130213822322,0.005702705962022503,0.003405947589364593,0.0924539756740369,3.2515972200321566e-05,0.9981435619426575,0.11619641873876667,0.01119736118968438,-9.424509178934347e-07,-9.424509184296354e-07,-5.362006547321788e-16,1.9984014443252818e-15
wrong,5.15,-0.46953816927433956,0.14932537225876769,0.0,0.3011413043301643,0.31087544735879274,1.0009068608517366,0.006022826086603287,0.0041072800083887554,0.0924535544533287,2.3854294745906636e-05,0.9982374400386219,0.11619851142730517,0.01119736118968438,1.150237620209555e-06,1.1502376200695635e-06,-1.3999146453332317e-16,1.7763568394002505e-15
wrong,5.2,-0.47700394107804117,0.14930500973223776,0.0,0.3162066568104358,0.2915817407596675,1.0009998664981123,0.006324133136208717,0.004748106031293462,0.09245326432952719,1.497683965969476e-05,0.9983304722897091,0.11620058499816387,0.01119736118968438,3.223808478746181e-06,3.2238084787684224e-06,2.2241391129003418e-17,1.9984014443252818e-15
wrong,5.25,-0.4844686237455904,0.14928185793708157,0.0,0.33028429692016303,0.27137723987073814,1.0010908771679206,0.006605685938403262,0.005322267192872156,0.09245310788490521,5.96547847552295e-06,0.9984214973056826,0.1162026134996028,0.01119736118968438,5.252309918048143e-06,5.252309917701606e-06,-3.465372723477321e-16,1.9984014443252818e-15
wrong,5.300000000000001,-0.49193208568134006,0.1492562353910303,0.0,0.3433302512735757,0.250325055840621,1.0011787566143957,0.006866605025471515,0.005824758954565587,0.09245308646102282,-3.0967663760296323e-06,0.9985093787167543,0.11620457157076546,0.01119736118968438,7.210381080678695e-06,7.210381080357056e-06,-3.2163873886319194e-16,1.7763568394002505e-15
wrong,5.3500000000000005,-0.4993942117431611,0.14922848086165363,0.0,0.3553037690779314,0.22849094767849673,1.0012624076832097,0.007106075381558629,0.006251691127184211,0.09245320014909217,-1.2126500964703086e-05,0.9985930193602317,0.1162064347619321,0.01119736118968438,9.073572247393573e-06,9.073572246999853e-06,-3.937195486086384e-16,1.7763568394002505e-15
wrong,5.4,-0.5068549041299059,0.14919894843706055,0.0,0.3661674494246799,0.2059431168536219,1.0013407860101817,0.007323348988493599,0.006600196029336594,0.0924534477923027,-2.1040738772710272e-05,0.9986713749780151,0.11620817984178844,0.01119736118968438,1.0818652103842481e-05,1.0818652103341056e-05,-5.014248700497062e-16,1.7763568394002505e-15
wrong,5.45,-0.5143140830343956,0.14916800309594125,0.0,0.3758873581171282,0.18275199426490685,1.0014129130599227,0.007517747162342566,0.006868310843262123,0.09245382699994872,-2.9757671498918617e-05,0.9987434672539459,0.11620978508782752,0.01119736118968438,1.2423898143188178e-05,1.24238981424208e-05,-7.673779688945059e-16,1.7763568394002505e-15
wrong,5.5,-0.5217716870887399,0.14913601682819844,0.0,0.384433133669651,0.15899002024587322,1.0014778883426307,0.007688662673393021,0.0070548631604789944,0.09245433417308499,-3.819742440073774e-05,0.9988083960282499,0.11621123055630243,0.01119736118968438,1.3869366617773068e-05,1.3869366617335135e-05,-4.3793297438941836e-16,1.9984014443252818e-15
wrong,5.550000000000001,-0.5292276736280973,0.14910336522970657,0.0,0.39177808214730536,0.13473141829209284,1.0015349006565102,0.007835561642946109,0.007159385302272908,0.09245496454132865,-4.628278914470054e-05,0.9988653505365818,0.11621249832845926,0.01119736118968438,1.5137138774767244e-05,1.5137138774158967e-05,-6.082763822799417e-16,1.9984014443252818e-15
wrong,5.6000000000000005,-0.5366820187925073,0.14907042439502322,0.0,0.39789926054956465,0.11005196321783461,1.0015832382154588,0.007957985210991295,0.007182074493505773,0.09245571221032643,-5.393992751238185e-05,0.9989136195333584,0.11621357273014739,0.01119736118968438,1.6211540462483443e-05,1.6211540462289856e-05,-1.9358768602907583e-16,1.7763568394002505e-15
wrong,5.65,-0.5441347174760824,0.14903756787959377,0.0,0.4027775484776684,0.08502874446604937,1.0016222975355769,0.00805555096955337,0.007123804209398147,0.09245657021931478,-6.10990397324469e-05,0.998952600172991,0.11621444052225813,0.01119736118968438,1.7079332573297047e-05,1.7079332573029585e-05,-2.674625115568069e-16,1.9984014443252818e-15
wrong,5.7,-0.5515857831212975,0.14900516350751572,0.0,0.40639770786167745,0.05973992531098304,1.0016515909695523,0.00812795415723355,0.006986179464767615,0.09245753060811596,-6.769499167912427e-05,0.9989818055381254,0.11621509105987828,0.01119736118968438,1.7729870193394538e-05,1.7729870193177247e-05,-2.1729105602504017e-16,1.9984014443252818e-15
wrong,5.75,-0.5590352473461845,0.14897356985988078,0.0,0.40874843056062116,0.034264498705531506,1.0016707527948576,0.008174968611212424,0.006771618050495266,0.09245858449284049,-7.366789569363963e-05,0.999000870720898,0.11621551641843945,0.01119736118968438,1.815522875498991e-05,1.8155228754356337e-05,-6.335738682826386e-16,1.9984014443252818e-15
wrong,5.800000000000001,-0.5664831593863617,0.14894313237866874,0.0,0.4098223736870003,0.008682040535952631,1.0016795437797446,0.008196447473740008,0.006483432909148527,0.09245972214949999,-7.896364034204588e-05,0.9990095573812622,0.11621571148561141,0.01119736118968438,1.835029592699799e-05,1.835029592631328e-05,-6.847109413742752e-16,2.220446049250313e-15
wrong,5.8500000000000005,-0.5739295853335276,0.14891417914057517,0.0,0.40961618254525184,-0.01692753894532984,1.0016778541700295,0.008192323650905038,0.006125889307351823,0.0924609331046838,-8.353436500994945e-05,0.9990077567254589,0.11621567401811171,0.01119736118968438,1.8312828426965424e-05,1.8312828426613262e-05,-3.521624181504479e-16,2.220446049250313e-15
wrong,5.9,-0.5813746071576905,0.148887016468861,0.0,0.40813050111247456,-0.04248424473238332,1.0016657050593831,0.008162610022249493,0.005704214440063277,0.09246220623241054,-8.73388758380682e-05,0.9989954908674253,0.11621540466306497,0.01119736118968438,1.8043473380473295e-05,1.8043473379874067e-05,-5.992283763373712e-16,2.220446049250313e-15
wrong,5.95,-0.5888183215110825,0.14886192463569714,0.0,0.4053699700286257,-0.06790824694411869,1.00164324812601,0.008107399400572516,0.0052245457029529785,0.09246352985624096,-9.034300010914988e-05,0.9989729125561098,0.11621490694396923,0.01119736118968438,1.7545754284496434e-05,1.7545754284130702e-05,-3.657318859654618e-16,2.220446049250313e-15
wrong,6.0,-0.5962608383254911,0.1488391539452209,0.0,0.40134321210242285,-0.09312013018771745,1.0016107637390068,0.00802686424204846,0.0046938152847714205,0.09246489185571773,-9.251987678126379e-05,0.99894030327207,0.11621418721172515,0.01119736118968438,1.6826022040354826e-05,1.682602204004964e-05,-3.051859708957244e-16,1.9984014443252818e-15
